split,patient_group,audio_id,audio_path,device,mel_bin_1,mel_bin_2,mel_bin_3,mel_bin_4,mel_bin_5,mel_bin_6,mel_bin_7,mel_bin_8,mel_bin_9,mel_bin_10,mel_bin_11,mel_bin_12,mel_bin_13,mel_bin_14,mel_bin_15,mel_bin_16,mel_bin_17,mel_bin_18,mel_bin_19,mel_bin_20,mel_bin_21,mel_bin_22,mel_bin_23,mel_bin_24,mel_bin_25,mel_bin_26,mel_bin_27,mel_bin_28,mel_bin_29,mel_bin_30,mel_bin_31,mel_bin_32,mel_bin_33,mel_bin_34,mel_bin_35,mel_bin_36,mel_bin_37,mel_bin_38,mel_bin_39,mel_bin_40,mel_bin_41,mel_bin_42,mel_bin_43,mel_bin_44,mel_bin_45,mel_bin_46,mel_bin_47,mel_bin_48,mel_bin_49,mel_bin_50,mel_bin_51,mel_bin_52,mel_bin_53,mel_bin_54,mel_bin_55,mel_bin_56,mel_bin_57,mel_bin_58,mel_bin_59,mel_bin_60,mel_bin_61,mel_bin_62,mel_bin_63,mel_bin_64,mel_bin_65,mel_bin_66,mel_bin_67,mel_bin_68,mel_bin_69,mel_bin_70,mel_bin_71,mel_bin_72,mel_bin_73,mel_bin_74,mel_bin_75,mel_bin_76,mel_bin_77,mel_bin_78,mel_bin_79,mel_bin_80,mel_bin_81,mel_bin_82,mel_bin_83,mel_bin_84,mel_bin_85,mel_bin_86,mel_bin_87,mel_bin_88,mel_bin_89,mel_bin_90,mel_bin_91,mel_bin_92,mel_bin_93,mel_bin_94,mel_bin_95,mel_bin_96,mel_bin_97,mel_bin_98,mel_bin_99,mel_bin_100,mel_bin_101,mel_bin_102,mel_bin_103,mel_bin_104,mel_bin_105,mel_bin_106,mel_bin_107,mel_bin_108,mel_bin_109,mel_bin_110,mel_bin_111,mel_bin_112,mel_bin_113,mel_bin_114,mel_bin_115,mel_bin_116,mel_bin_117,mel_bin_118,mel_bin_119,mel_bin_120,mel_bin_121,mel_bin_122,mel_bin_123,mel_bin_124,mel_bin_125,mel_bin_126,mel_bin_127,mel_bin_128
train,ICBHI_106,106_2b1_Pl_mc_LittC2SE,/home/sahith/projects/minor_project_408/data/raw/audio_and_text_files/106_2b1_Pl_mc_LittC2SE.wav,LittC2SE,0.17740191519260406,0.04015959054231644,0.18625687062740326,-0.2110491693019867,0.1681070327758789,0.041532158851623535,0.15357626974582672,0.047372907400131226,0.13909326493740082,0.05289914458990097,0.1194320023059845,0.06788774579763412,0.08860527724027634,0.07204511016607285,0.04589996486902237,0.0711473748087883,0.019292442128062248,0.03744662553071976,0.027163969352841377,0.008399723097682,0.012935403734445572,0.0030974538531154394,-0.007197036407887936,-0.011545858345925808,0.0026378806214779615,-0.009486140683293343,-0.004934545606374741,-0.00568915531039238,0.0015940105076879263,-0.0033195549622178078,0.002652304945513606,0.004172548186033964,0.0024635677691549063,0.0017314001452177763,-0.005092281848192215,0.001200509024783969,0.0011852800380438566,0.0016664599534124136,0.004058725666254759,0.007940477691590786,0.010867312550544739,0.010083938017487526,0.010308556258678436,0.01177346520125866,0.012916121631860733,0.014615267515182495,0.01620054431259632,0.014653921127319336,0.02158273383975029,0.019422169774770737,0.020877985283732414,0.02159551903605461,0.019759971648454666,0.029480069875717163,0.025420302525162697,0.02434583008289337,0.032901547849178314,0.029408546164631844,0.02616295963525772,0.034835003316402435,0.02438025176525116,0.036788083612918854,0.03238436579704285,0.041973911225795746,0.03599593788385391,0.04506333917379379,0.04217957705259323,0.044781289994716644,0.04822815954685211,0.0470890998840332,0.048855528235435486,0.051405198872089386,0.050093308091163635,0.04828226566314697,0.05338706076145172,0.05531415343284607,0.05610993504524231,0.05585635453462601,0.05898132920265198,0.05995050072669983,0.0629383847117424,0.06456063687801361,0.06046121567487717,0.06014874577522278,0.06562913954257965,0.06954865902662277,0.06471040844917297,0.06956995278596878,0.07147224992513657,0.07271721959114075,0.0711841955780983,0.07222948223352432,0.07170997560024261,0.07454371452331543,0.08028910309076309,0.08104312419891357,0.07803033292293549,0.0778084322810173,0.07845626026391983,0.08118677884340286,0.08148663491010666,0.08451622724533081,0.08527663350105286,0.08560517430305481,0.08763437718153,0.08860652893781662,0.08841864764690399,0.09140775352716446,0.09014655649662018,0.08861597627401352,0.09073793888092041,0.0916142389178276,0.09154912084341049,0.09057053178548813,0.09323292225599289,0.09519491344690323,0.09365344047546387,0.09404239803552628,0.09322816878557205,0.093316949903965,0.09500207751989365,0.09642037749290466,0.09560751914978027,0.0954708606004715,0.09479598701000214,0.08739960193634033,0.03676223009824753,-0.09886257350444794
train,ICBHI_106,106_2b1_Pl_mc_LittC2SE,/home/sahith/projects/minor_project_408/data/raw/audio_and_text_files/106_2b1_Pl_mc_LittC2SE.wav,LittC2SE,0.17740191519260406,0.04015959054231644,0.18625687062740326,-0.2110491693019867,0.1681070327758789,0.041532158851623535,0.15357626974582672,0.047372907400131226,0.13909326493740082,0.05289914458990097,0.1194320023059845,0.06788774579763412,0.08860527724027634,0.07204511016607285,0.04589996486902237,0.0711473748087883,0.019292442128062248,0.03744662553071976,0.027163969352841377,0.008399723097682,0.012935403734445572,0.0030974538531154394,-0.007197036407887936,-0.011545858345925808,0.0026378806214779615,-0.009486140683293343,-0.004934545606374741,-0.00568915531039238,0.0015940105076879263,-0.0033195549622178078,0.002652304945513606,0.004172548186033964,0.0024635677691549063,0.0017314001452177763,-0.005092281848192215,0.001200509024783969,0.0011852800380438566,0.0016664599534124136,0.004058725666254759,0.007940477691590786,0.010867312550544739,0.010083938017487526,0.010308556258678436,0.01177346520125866,0.012916121631860733,0.014615267515182495,0.01620054431259632,0.014653921127319336,0.02158273383975029,0.019422169774770737,0.020877985283732414,0.02159551903605461,0.019759971648454666,0.029480069875717163,0.025420302525162697,0.02434583008289337,0.032901547849178314,0.029408546164631844,0.02616295963525772,0.034835003316402435,0.02438025176525116,0.036788083612918854,0.03238436579704285,0.041973911225795746,0.03599593788385391,0.04506333917379379,0.04217957705259323,0.044781289994716644,0.04822815954685211,0.0470890998840332,0.048855528235435486,0.051405198872089386,0.050093308091163635,0.04828226566314697,0.05338706076145172,0.05531415343284607,0.05610993504524231,0.05585635453462601,0.05898132920265198,0.05995050072669983,0.0629383847117424,0.06456063687801361,0.06046121567487717,0.06014874577522278,0.06562913954257965,0.06954865902662277,0.06471040844917297,0.06956995278596878,0.07147224992513657,0.07271721959114075,0.0711841955780983,0.07222948223352432,0.07170997560024261,0.07454371452331543,0.08028910309076309,0.08104312419891357,0.07803033292293549,0.0778084322810173,0.07845626026391983,0.08118677884340286,0.08148663491010666,0.08451622724533081,0.08527663350105286,0.08560517430305481,0.08763437718153,0.08860652893781662,0.08841864764690399,0.09140775352716446,0.09014655649662018,0.08861597627401352,0.09073793888092041,0.0916142389178276,0.09154912084341049,0.09057053178548813,0.09323292225599289,0.09519491344690323,0.09365344047546387,0.09404239803552628,0.09322816878557205,0.093316949903965,0.09500207751989365,0.09642037749290466,0.09560751914978027,0.0954708606004715,0.09479598701000214,0.08739960193634033,0.03676223009824753,-0.09886257350444794
train,ICBHI_106,106_2b1_Pl_mc_LittC2SE,/home/sahith/projects/minor_project_408/data/raw/audio_and_text_files/106_2b1_Pl_mc_LittC2SE.wav,LittC2SE,0.17740191519260406,0.04015959054231644,0.18625687062740326,-0.2110491693019867,0.1681070327758789,0.041532158851623535,0.15357626974582672,0.047372907400131226,0.13909326493740082,0.05289914458990097,0.1194320023059845,0.06788774579763412,0.08860527724027634,0.07204511016607285,0.04589996486902237,0.0711473748087883,0.019292442128062248,0.03744662553071976,0.027163969352841377,0.008399723097682,0.012935403734445572,0.0030974538531154394,-0.007197036407887936,-0.011545858345925808,0.0026378806214779615,-0.009486140683293343,-0.004934545606374741,-0.00568915531039238,0.0015940105076879263,-0.0033195549622178078,0.002652304945513606,0.004172548186033964,0.0024635677691549063,0.0017314001452177763,-0.005092281848192215,0.001200509024783969,0.0011852800380438566,0.0016664599534124136,0.004058725666254759,0.007940477691590786,0.010867312550544739,0.010083938017487526,0.010308556258678436,0.01177346520125866,0.012916121631860733,0.014615267515182495,0.01620054431259632,0.014653921127319336,0.02158273383975029,0.019422169774770737,0.020877985283732414,0.02159551903605461,0.019759971648454666,0.029480069875717163,0.025420302525162697,0.02434583008289337,0.032901547849178314,0.029408546164631844,0.02616295963525772,0.034835003316402435,0.02438025176525116,0.036788083612918854,0.03238436579704285,0.041973911225795746,0.03599593788385391,0.04506333917379379,0.04217957705259323,0.044781289994716644,0.04822815954685211,0.0470890998840332,0.048855528235435486,0.051405198872089386,0.050093308091163635,0.04828226566314697,0.05338706076145172,0.05531415343284607,0.05610993504524231,0.05585635453462601,0.05898132920265198,0.05995050072669983,0.0629383847117424,0.06456063687801361,0.06046121567487717,0.06014874577522278,0.06562913954257965,0.06954865902662277,0.06471040844917297,0.06956995278596878,0.07147224992513657,0.07271721959114075,0.0711841955780983,0.07222948223352432,0.07170997560024261,0.07454371452331543,0.08028910309076309,0.08104312419891357,0.07803033292293549,0.0778084322810173,0.07845626026391983,0.08118677884340286,0.08148663491010666,0.08451622724533081,0.08527663350105286,0.08560517430305481,0.08763437718153,0.08860652893781662,0.08841864764690399,0.09140775352716446,0.09014655649662018,0.08861597627401352,0.09073793888092041,0.0916142389178276,0.09154912084341049,0.09057053178548813,0.09323292225599289,0.09519491344690323,0.09365344047546387,0.09404239803552628,0.09322816878557205,0.093316949903965,0.09500207751989365,0.09642037749290466,0.09560751914978027,0.0954708606004715,0.09479598701000214,0.08739960193634033,0.03676223009824753,-0.09886257350444794
train,ICBHI_106,106_2b1_Pl_mc_LittC2SE,/home/sahith/projects/minor_project_408/data/raw/audio_and_text_files/106_2b1_Pl_mc_LittC2SE.wav,LittC2SE,0.17740191519260406,0.04015959054231644,0.18625687062740326,-0.2110491693019867,0.1681070327758789,0.041532158851623535,0.15357626974582672,0.047372907400131226,0.13909326493740082,0.05289914458990097,0.1194320023059845,0.06788774579763412,0.08860527724027634,0.07204511016607285,0.04589996486902237,0.0711473748087883,0.019292442128062248,0.03744662553071976,0.027163969352841377,0.008399723097682,0.012935403734445572,0.0030974538531154394,-0.007197036407887936,-0.011545858345925808,0.0026378806214779615,-0.009486140683293343,-0.004934545606374741,-0.00568915531039238,0.0015940105076879263,-0.0033195549622178078,0.002652304945513606,0.004172548186033964,0.0024635677691549063,0.0017314001452177763,-0.005092281848192215,0.001200509024783969,0.0011852800380438566,0.0016664599534124136,0.004058725666254759,0.007940477691590786,0.010867312550544739,0.010083938017487526,0.010308556258678436,0.01177346520125866,0.012916121631860733,0.014615267515182495,0.01620054431259632,0.014653921127319336,0.02158273383975029,0.019422169774770737,0.020877985283732414,0.02159551903605461,0.019759971648454666,0.029480069875717163,0.025420302525162697,0.02434583008289337,0.032901547849178314,0.029408546164631844,0.02616295963525772,0.034835003316402435,0.02438025176525116,0.036788083612918854,0.03238436579704285,0.041973911225795746,0.03599593788385391,0.04506333917379379,0.04217957705259323,0.044781289994716644,0.04822815954685211,0.0470890998840332,0.048855528235435486,0.051405198872089386,0.050093308091163635,0.04828226566314697,0.05338706076145172,0.05531415343284607,0.05610993504524231,0.05585635453462601,0.05898132920265198,0.05995050072669983,0.0629383847117424,0.06456063687801361,0.06046121567487717,0.06014874577522278,0.06562913954257965,0.06954865902662277,0.06471040844917297,0.06956995278596878,0.07147224992513657,0.07271721959114075,0.0711841955780983,0.07222948223352432,0.07170997560024261,0.07454371452331543,0.08028910309076309,0.08104312419891357,0.07803033292293549,0.0778084322810173,0.07845626026391983,0.08118677884340286,0.08148663491010666,0.08451622724533081,0.08527663350105286,0.08560517430305481,0.08763437718153,0.08860652893781662,0.08841864764690399,0.09140775352716446,0.09014655649662018,0.08861597627401352,0.09073793888092041,0.0916142389178276,0.09154912084341049,0.09057053178548813,0.09323292225599289,0.09519491344690323,0.09365344047546387,0.09404239803552628,0.09322816878557205,0.093316949903965,0.09500207751989365,0.09642037749290466,0.09560751914978027,0.0954708606004715,0.09479598701000214,0.08739960193634033,0.03676223009824753,-0.09886257350444794
train,ICBHI_106,106_2b1_Pl_mc_LittC2SE,/home/sahith/projects/minor_project_408/data/raw/audio_and_text_files/106_2b1_Pl_mc_LittC2SE.wav,LittC2SE,0.17740191519260406,0.04015959054231644,0.18625687062740326,-0.2110491693019867,0.1681070327758789,0.041532158851623535,0.15357626974582672,0.047372907400131226,0.13909326493740082,0.05289914458990097,0.1194320023059845,0.06788774579763412,0.08860527724027634,0.07204511016607285,0.04589996486902237,0.0711473748087883,0.019292442128062248,0.03744662553071976,0.027163969352841377,0.008399723097682,0.012935403734445572,0.0030974538531154394,-0.007197036407887936,-0.011545858345925808,0.0026378806214779615,-0.009486140683293343,-0.004934545606374741,-0.00568915531039238,0.0015940105076879263,-0.0033195549622178078,0.002652304945513606,0.004172548186033964,0.0024635677691549063,0.0017314001452177763,-0.005092281848192215,0.001200509024783969,0.0011852800380438566,0.0016664599534124136,0.004058725666254759,0.007940477691590786,0.010867312550544739,0.010083938017487526,0.010308556258678436,0.01177346520125866,0.012916121631860733,0.014615267515182495,0.01620054431259632,0.014653921127319336,0.02158273383975029,0.019422169774770737,0.020877985283732414,0.02159551903605461,0.019759971648454666,0.029480069875717163,0.025420302525162697,0.02434583008289337,0.032901547849178314,0.029408546164631844,0.02616295963525772,0.034835003316402435,0.02438025176525116,0.036788083612918854,0.03238436579704285,0.041973911225795746,0.03599593788385391,0.04506333917379379,0.04217957705259323,0.044781289994716644,0.04822815954685211,0.0470890998840332,0.048855528235435486,0.051405198872089386,0.050093308091163635,0.04828226566314697,0.05338706076145172,0.05531415343284607,0.05610993504524231,0.05585635453462601,0.05898132920265198,0.05995050072669983,0.0629383847117424,0.06456063687801361,0.06046121567487717,0.06014874577522278,0.06562913954257965,0.06954865902662277,0.06471040844917297,0.06956995278596878,0.07147224992513657,0.07271721959114075,0.0711841955780983,0.07222948223352432,0.07170997560024261,0.07454371452331543,0.08028910309076309,0.08104312419891357,0.07803033292293549,0.0778084322810173,0.07845626026391983,0.08118677884340286,0.08148663491010666,0.08451622724533081,0.08527663350105286,0.08560517430305481,0.08763437718153,0.08860652893781662,0.08841864764690399,0.09140775352716446,0.09014655649662018,0.08861597627401352,0.09073793888092041,0.0916142389178276,0.09154912084341049,0.09057053178548813,0.09323292225599289,0.09519491344690323,0.09365344047546387,0.09404239803552628,0.09322816878557205,0.093316949903965,0.09500207751989365,0.09642037749290466,0.09560751914978027,0.0954708606004715,0.09479598701000214,0.08739960193634033,0.03676223009824753,-0.09886257350444794
train,ICBHI_106,106_2b1_Pl_mc_LittC2SE,/home/sahith/projects/minor_project_408/data/raw/audio_and_text_files/106_2b1_Pl_mc_LittC2SE.wav,LittC2SE,0.17740191519260406,0.04015959054231644,0.18625687062740326,-0.2110491693019867,0.1681070327758789,0.041532158851623535,0.15357626974582672,0.047372907400131226,0.13909326493740082,0.05289914458990097,0.1194320023059845,0.06788774579763412,0.08860527724027634,0.07204511016607285,0.04589996486902237,0.0711473748087883,0.019292442128062248,0.03744662553071976,0.027163969352841377,0.008399723097682,0.012935403734445572,0.0030974538531154394,-0.007197036407887936,-0.011545858345925808,0.0026378806214779615,-0.009486140683293343,-0.004934545606374741,-0.00568915531039238,0.0015940105076879263,-0.0033195549622178078,0.002652304945513606,0.004172548186033964,0.0024635677691549063,0.0017314001452177763,-0.005092281848192215,0.001200509024783969,0.0011852800380438566,0.0016664599534124136,0.004058725666254759,0.007940477691590786,0.010867312550544739,0.010083938017487526,0.010308556258678436,0.01177346520125866,0.012916121631860733,0.014615267515182495,0.01620054431259632,0.014653921127319336,0.02158273383975029,0.019422169774770737,0.020877985283732414,0.02159551903605461,0.019759971648454666,0.029480069875717163,0.025420302525162697,0.02434583008289337,0.032901547849178314,0.029408546164631844,0.02616295963525772,0.034835003316402435,0.02438025176525116,0.036788083612918854,0.03238436579704285,0.041973911225795746,0.03599593788385391,0.04506333917379379,0.04217957705259323,0.044781289994716644,0.04822815954685211,0.0470890998840332,0.048855528235435486,0.051405198872089386,0.050093308091163635,0.04828226566314697,0.05338706076145172,0.05531415343284607,0.05610993504524231,0.05585635453462601,0.05898132920265198,0.05995050072669983,0.0629383847117424,0.06456063687801361,0.06046121567487717,0.06014874577522278,0.06562913954257965,0.06954865902662277,0.06471040844917297,0.06956995278596878,0.07147224992513657,0.07271721959114075,0.0711841955780983,0.07222948223352432,0.07170997560024261,0.07454371452331543,0.08028910309076309,0.08104312419891357,0.07803033292293549,0.0778084322810173,0.07845626026391983,0.08118677884340286,0.08148663491010666,0.08451622724533081,0.08527663350105286,0.08560517430305481,0.08763437718153,0.08860652893781662,0.08841864764690399,0.09140775352716446,0.09014655649662018,0.08861597627401352,0.09073793888092041,0.0916142389178276,0.09154912084341049,0.09057053178548813,0.09323292225599289,0.09519491344690323,0.09365344047546387,0.09404239803552628,0.09322816878557205,0.093316949903965,0.09500207751989365,0.09642037749290466,0.09560751914978027,0.0954708606004715,0.09479598701000214,0.08739960193634033,0.03676223009824753,-0.09886257350444794
train,ICBHI_106,106_2b1_Pl_mc_LittC2SE,/home/sahith/projects/minor_project_408/data/raw/audio_and_text_files/106_2b1_Pl_mc_LittC2SE.wav,LittC2SE,0.17740191519260406,0.04015959054231644,0.18625687062740326,-0.2110491693019867,0.1681070327758789,0.041532158851623535,0.15357626974582672,0.047372907400131226,0.13909326493740082,0.05289914458990097,0.1194320023059845,0.06788774579763412,0.08860527724027634,0.07204511016607285,0.04589996486902237,0.0711473748087883,0.019292442128062248,0.03744662553071976,0.027163969352841377,0.008399723097682,0.012935403734445572,0.0030974538531154394,-0.007197036407887936,-0.011545858345925808,0.0026378806214779615,-0.009486140683293343,-0.004934545606374741,-0.00568915531039238,0.0015940105076879263,-0.0033195549622178078,0.002652304945513606,0.004172548186033964,0.0024635677691549063,0.0017314001452177763,-0.005092281848192215,0.001200509024783969,0.0011852800380438566,0.0016664599534124136,0.004058725666254759,0.007940477691590786,0.010867312550544739,0.010083938017487526,0.010308556258678436,0.01177346520125866,0.012916121631860733,0.014615267515182495,0.01620054431259632,0.014653921127319336,0.02158273383975029,0.019422169774770737,0.020877985283732414,0.02159551903605461,0.019759971648454666,0.029480069875717163,0.025420302525162697,0.02434583008289337,0.032901547849178314,0.029408546164631844,0.02616295963525772,0.034835003316402435,0.02438025176525116,0.036788083612918854,0.03238436579704285,0.041973911225795746,0.03599593788385391,0.04506333917379379,0.04217957705259323,0.044781289994716644,0.04822815954685211,0.0470890998840332,0.048855528235435486,0.051405198872089386,0.050093308091163635,0.04828226566314697,0.05338706076145172,0.05531415343284607,0.05610993504524231,0.05585635453462601,0.05898132920265198,0.05995050072669983,0.0629383847117424,0.06456063687801361,0.06046121567487717,0.06014874577522278,0.06562913954257965,0.06954865902662277,0.06471040844917297,0.06956995278596878,0.07147224992513657,0.07271721959114075,0.0711841955780983,0.07222948223352432,0.07170997560024261,0.07454371452331543,0.08028910309076309,0.08104312419891357,0.07803033292293549,0.0778084322810173,0.07845626026391983,0.08118677884340286,0.08148663491010666,0.08451622724533081,0.08527663350105286,0.08560517430305481,0.08763437718153,0.08860652893781662,0.08841864764690399,0.09140775352716446,0.09014655649662018,0.08861597627401352,0.09073793888092041,0.0916142389178276,0.09154912084341049,0.09057053178548813,0.09323292225599289,0.09519491344690323,0.09365344047546387,0.09404239803552628,0.09322816878557205,0.093316949903965,0.09500207751989365,0.09642037749290466,0.09560751914978027,0.0954708606004715,0.09479598701000214,0.08739960193634033,0.03676223009824753,-0.09886257350444794
train,ICBHI_106,106_2b1_Pl_mc_LittC2SE,/home/sahith/projects/minor_project_408/data/raw/audio_and_text_files/106_2b1_Pl_mc_LittC2SE.wav,LittC2SE,0.17740191519260406,0.04015959054231644,0.18625687062740326,-0.2110491693019867,0.1681070327758789,0.041532158851623535,0.15357626974582672,0.047372907400131226,0.13909326493740082,0.05289914458990097,0.1194320023059845,0.06788774579763412,0.08860527724027634,0.07204511016607285,0.04589996486902237,0.0711473748087883,0.019292442128062248,0.03744662553071976,0.027163969352841377,0.008399723097682,0.012935403734445572,0.0030974538531154394,-0.007197036407887936,-0.011545858345925808,0.0026378806214779615,-0.009486140683293343,-0.004934545606374741,-0.00568915531039238,0.0015940105076879263,-0.0033195549622178078,0.002652304945513606,0.004172548186033964,0.0024635677691549063,0.0017314001452177763,-0.005092281848192215,0.001200509024783969,0.0011852800380438566,0.0016664599534124136,0.004058725666254759,0.007940477691590786,0.010867312550544739,0.010083938017487526,0.010308556258678436,0.01177346520125866,0.012916121631860733,0.014615267515182495,0.01620054431259632,0.014653921127319336,0.02158273383975029,0.019422169774770737,0.020877985283732414,0.02159551903605461,0.019759971648454666,0.029480069875717163,0.025420302525162697,0.02434583008289337,0.032901547849178314,0.029408546164631844,0.02616295963525772,0.034835003316402435,0.02438025176525116,0.036788083612918854,0.03238436579704285,0.041973911225795746,0.03599593788385391,0.04506333917379379,0.04217957705259323,0.044781289994716644,0.04822815954685211,0.0470890998840332,0.048855528235435486,0.051405198872089386,0.050093308091163635,0.04828226566314697,0.05338706076145172,0.05531415343284607,0.05610993504524231,0.05585635453462601,0.05898132920265198,0.05995050072669983,0.0629383847117424,0.06456063687801361,0.06046121567487717,0.06014874577522278,0.06562913954257965,0.06954865902662277,0.06471040844917297,0.06956995278596878,0.07147224992513657,0.07271721959114075,0.0711841955780983,0.07222948223352432,0.07170997560024261,0.07454371452331543,0.08028910309076309,0.08104312419891357,0.07803033292293549,0.0778084322810173,0.07845626026391983,0.08118677884340286,0.08148663491010666,0.08451622724533081,0.08527663350105286,0.08560517430305481,0.08763437718153,0.08860652893781662,0.08841864764690399,0.09140775352716446,0.09014655649662018,0.08861597627401352,0.09073793888092041,0.0916142389178276,0.09154912084341049,0.09057053178548813,0.09323292225599289,0.09519491344690323,0.09365344047546387,0.09404239803552628,0.09322816878557205,0.093316949903965,0.09500207751989365,0.09642037749290466,0.09560751914978027,0.0954708606004715,0.09479598701000214,0.08739960193634033,0.03676223009824753,-0.09886257350444794
train,ICBHI_106,106_2b1_Pl_mc_LittC2SE,/home/sahith/projects/minor_project_408/data/raw/audio_and_text_files/106_2b1_Pl_mc_LittC2SE.wav,LittC2SE,0.17740191519260406,0.04015959054231644,0.18625687062740326,-0.2110491693019867,0.1681070327758789,0.041532158851623535,0.15357626974582672,0.047372907400131226,0.13909326493740082,0.05289914458990097,0.1194320023059845,0.06788774579763412,0.08860527724027634,0.07204511016607285,0.04589996486902237,0.0711473748087883,0.019292442128062248,0.03744662553071976,0.027163969352841377,0.008399723097682,0.012935403734445572,0.0030974538531154394,-0.007197036407887936,-0.011545858345925808,0.0026378806214779615,-0.009486140683293343,-0.004934545606374741,-0.00568915531039238,0.0015940105076879263,-0.0033195549622178078,0.002652304945513606,0.004172548186033964,0.0024635677691549063,0.0017314001452177763,-0.005092281848192215,0.001200509024783969,0.0011852800380438566,0.0016664599534124136,0.004058725666254759,0.007940477691590786,0.010867312550544739,0.010083938017487526,0.010308556258678436,0.01177346520125866,0.012916121631860733,0.014615267515182495,0.01620054431259632,0.014653921127319336,0.02158273383975029,0.019422169774770737,0.020877985283732414,0.02159551903605461,0.019759971648454666,0.029480069875717163,0.025420302525162697,0.02434583008289337,0.032901547849178314,0.029408546164631844,0.02616295963525772,0.034835003316402435,0.02438025176525116,0.036788083612918854,0.03238436579704285,0.041973911225795746,0.03599593788385391,0.04506333917379379,0.04217957705259323,0.044781289994716644,0.04822815954685211,0.0470890998840332,0.048855528235435486,0.051405198872089386,0.050093308091163635,0.04828226566314697,0.05338706076145172,0.05531415343284607,0.05610993504524231,0.05585635453462601,0.05898132920265198,0.05995050072669983,0.0629383847117424,0.06456063687801361,0.06046121567487717,0.06014874577522278,0.06562913954257965,0.06954865902662277,0.06471040844917297,0.06956995278596878,0.07147224992513657,0.07271721959114075,0.0711841955780983,0.07222948223352432,0.07170997560024261,0.07454371452331543,0.08028910309076309,0.08104312419891357,0.07803033292293549,0.0778084322810173,0.07845626026391983,0.08118677884340286,0.08148663491010666,0.08451622724533081,0.08527663350105286,0.08560517430305481,0.08763437718153,0.08860652893781662,0.08841864764690399,0.09140775352716446,0.09014655649662018,0.08861597627401352,0.09073793888092041,0.0916142389178276,0.09154912084341049,0.09057053178548813,0.09323292225599289,0.09519491344690323,0.09365344047546387,0.09404239803552628,0.09322816878557205,0.093316949903965,0.09500207751989365,0.09642037749290466,0.09560751914978027,0.0954708606004715,0.09479598701000214,0.08739960193634033,0.03676223009824753,-0.09886257350444794
train,ICBHI_106,106_2b1_Pr_mc_LittC2SE,/home/sahith/projects/minor_project_408/data/raw/audio_and_text_files/106_2b1_Pr_mc_LittC2SE.wav,LittC2SE,0.2997865676879883,0.14399611949920654,0.2902918756008148,-0.2110491693019867,0.23529505729675293,0.10860235244035721,0.20958557724952698,0.09514773637056351,0.1645677536725998,0.023245248943567276,0.0898863822221756,0.01044506672769785,0.03074837103486061,0.0009046631748788059,-0.02462182007730007,-0.00045584712643176317,-0.054258376359939575,-0.03680868446826935,-0.04530607908964157,-0.0675959438085556,-0.06411327421665192,-0.07257828861474991,-0.08084119111299515,-0.07966279983520508,-0.06874391436576843,-0.07623077183961868,-0.07169020920991898,-0.07145409286022186,-0.06636298447847366,-0.07134397327899933,-0.06485810875892639,-0.06173332780599594,-0.06077367812395096,-0.05453573912382126,-0.05702035129070282,-0.0560358464717865,-0.058423757553100586,-0.06013812869787216,-0.05868546664714813,-0.055134162306785583,-0.051196590065956116,-0.05250854045152664,-0.05727309733629227,-0.06430785357952118,-0.07024431973695755,-0.07274963706731796,-0.07150937616825104,-0.06952254474163055,-0.06255576759576797,-0.06212909519672394,-0.06429044902324677,-0.06614257395267487,-0.0670371949672699,-0.06118021905422211,-0.06774343550205231,-0.06685161590576172,-0.06076819449663162,-0.06261075288057327,-0.0632164478302002,-0.05783596634864807,-0.07102387398481369,-0.05795225501060486,-0.06083116680383682,-0.05158620327711105,-0.05662862956523895,-0.04719468206167221,-0.04923518747091293,-0.05079098790884018,-0.047389499843120575,-0.04879823327064514,-0.049309223890304565,-0.04936079680919647,-0.04467166215181351,-0.045029401779174805,-0.0441334992647171,-0.043523840606212616,-0.04089764505624771,-0.03877614438533783,-0.03628813475370407,-0.03486339747905731,-0.033674873411655426,-0.03183365613222122,-0.03156492859125137,-0.033648230135440826,-0.0317065492272377,-0.02666466496884823,-0.023403670638799667,-0.022462770342826843,-0.021920504048466682,-0.0248242300003767,-0.02331329509615898,-0.021480459719896317,-0.019805114716291428,-0.01764422282576561,-0.01636182703077793,-0.019815247505903244,-0.018159465864300728,-0.013751127757132053,-0.01447898056358099,-0.013425040058791637,-0.013720446266233921,-0.010792112909257412,-0.009493144229054451,-0.00990485493093729,-0.009905450977385044,-0.008318682201206684,-0.007021979428827763,-0.007544552907347679,-0.005809197202324867,-0.005586097948253155,-0.004506652243435383,-0.0014257542788982391,-0.0010754521936178207,-0.0032293573021888733,-0.0014392100274562836,-0.0021192599087953568,-0.000844133144710213,0.0010549265425652266,0.004218741785734892,0.002329904120415449,0.0048989406786859035,0.0053862896747887135,0.00530182896181941,0.0031612529419362545,0.0011551796924322844,-0.005726942792534828,-0.05371508747339249,-0.18506519496440887
train,ICBHI_106,106_2b1_Pr_mc_LittC2SE,/home/sahith/projects/minor_project_408/data/raw/audio_and_text_files/106_2b1_Pr_mc_LittC2SE.wav,LittC2SE,0.2997865676879883,0.14399611949920654,0.2902918756008148,-0.2110491693019867,0.23529505729675293,0.10860235244035721,0.20958557724952698,0.09514773637056351,0.1645677536725998,0.023245248943567276,0.0898863822221756,0.01044506672769785,0.03074837103486061,0.0009046631748788059,-0.02462182007730007,-0.00045584712643176317,-0.054258376359939575,-0.03680868446826935,-0.04530607908964157,-0.0675959438085556,-0.06411327421665192,-0.07257828861474991,-0.08084119111299515,-0.07966279983520508,-0.06874391436576843,-0.07623077183961868,-0.07169020920991898,-0.07145409286022186,-0.06636298447847366,-0.07134397327899933,-0.06485810875892639,-0.06173332780599594,-0.06077367812395096,-0.05453573912382126,-0.05702035129070282,-0.0560358464717865,-0.058423757553100586,-0.06013812869787216,-0.05868546664714813,-0.055134162306785583,-0.051196590065956116,-0.05250854045152664,-0.05727309733629227,-0.06430785357952118,-0.07024431973695755,-0.07274963706731796,-0.07150937616825104,-0.06952254474163055,-0.06255576759576797,-0.06212909519672394,-0.06429044902324677,-0.06614257395267487,-0.0670371949672699,-0.06118021905422211,-0.06774343550205231,-0.06685161590576172,-0.06076819449663162,-0.06261075288057327,-0.0632164478302002,-0.05783596634864807,-0.07102387398481369,-0.05795225501060486,-0.06083116680383682,-0.05158620327711105,-0.05662862956523895,-0.04719468206167221,-0.04923518747091293,-0.05079098790884018,-0.047389499843120575,-0.04879823327064514,-0.049309223890304565,-0.04936079680919647,-0.04467166215181351,-0.045029401779174805,-0.0441334992647171,-0.043523840606212616,-0.04089764505624771,-0.03877614438533783,-0.03628813475370407,-0.03486339747905731,-0.033674873411655426,-0.03183365613222122,-0.03156492859125137,-0.033648230135440826,-0.0317065492272377,-0.02666466496884823,-0.023403670638799667,-0.022462770342826843,-0.021920504048466682,-0.0248242300003767,-0.02331329509615898,-0.021480459719896317,-0.019805114716291428,-0.01764422282576561,-0.01636182703077793,-0.019815247505903244,-0.018159465864300728,-0.013751127757132053,-0.01447898056358099,-0.013425040058791637,-0.013720446266233921,-0.010792112909257412,-0.009493144229054451,-0.00990485493093729,-0.009905450977385044,-0.008318682201206684,-0.007021979428827763,-0.007544552907347679,-0.005809197202324867,-0.005586097948253155,-0.004506652243435383,-0.0014257542788982391,-0.0010754521936178207,-0.0032293573021888733,-0.0014392100274562836,-0.0021192599087953568,-0.000844133144710213,0.0010549265425652266,0.004218741785734892,0.002329904120415449,0.0048989406786859035,0.0053862896747887135,0.00530182896181941,0.0031612529419362545,0.0011551796924322844,-0.005726942792534828,-0.05371508747339249,-0.18506519496440887
train,ICBHI_117,117_1b2_Tc_mc_LittC2SE,/home/sahith/projects/minor_project_408/data/raw/audio_and_text_files/117_1b2_Tc_mc_LittC2SE.wav,LittC2SE,0.044101960957050323,-0.10517621040344238,0.03835011273622513,-0.2110491693019867,-0.013753511942923069,-0.1360822319984436,-0.06456778198480606,-0.1659204214811325,-0.0835331603884697,-0.15606579184532166,-0.09645729511976242,-0.11286216229200363,-0.09404325485229492,-0.07619655132293701,-0.09984764456748962,-0.060186319053173065,-0.10603247582912445,-0.08911531418561935,-0.08460236340761185,-0.10198729485273361,-0.09117966145277023,-0.08683380484580994,-0.0901462510228157,-0.08397671580314636,-0.06415160000324249,-0.06446058303117752,-0.05560440570116043,-0.049761854112148285,-0.04609902948141098,-0.06132951378822327,-0.06467009335756302,-0.0731808990240097,-0.08238185942173004,-0.0813019871711731,-0.09171923249959946,-0.08495956659317017,-0.08121267706155777,-0.08144685626029968,-0.08962415158748627,-0.10396822541952133,-0.11805802583694458,-0.11536984145641327,-0.10741805285215378,-0.10103390365839005,-0.10132434964179993,-0.1130775436758995,-0.1287965476512909,-0.14147710800170898,-0.14509938657283783,-0.14967218041419983,-0.1501927226781845,-0.14967134594917297,-0.1471681296825409,-0.1378197968006134,-0.14155781269073486,-0.14388640224933624,-0.14359495043754578,-0.14807343482971191,-0.1553002893924713,-0.1485048085451126,-0.15682606399059296,-0.1485171765089035,-0.15029947459697723,-0.14108695089817047,-0.14678387343883514,-0.14041711390018463,-0.14678309857845306,-0.14474861323833466,-0.14128969609737396,-0.14348769187927246,-0.1420675367116928,-0.14087247848510742,-0.13712209463119507,-0.13839413225650787,-0.1371140480041504,-0.13419198989868164,-0.13191039860248566,-0.13131515681743622,-0.1322937160730362,-0.1318540871143341,-0.1312248259782791,-0.12772436439990997,-0.1245783343911171,-0.125278502702713,-0.1234244704246521,-0.12192373722791672,-0.1251165270805359,-0.122159443795681,-0.1206965297460556,-0.12284193187952042,-0.11883057653903961,-0.1163611188530922,-0.11734912544488907,-0.11616382002830505,-0.11374334245920181,-0.11061632633209229,-0.10719618201255798,-0.10699886083602905,-0.10575108975172043,-0.10712343454360962,-0.10785393416881561,-0.10678340494632721,-0.1051209568977356,-0.10558392852544785,-0.10452086478471756,-0.10090721398591995,-0.10168954730033875,-0.09965977072715759,-0.09947960078716278,-0.09849133342504501,-0.09543565660715103,-0.0939488485455513,-0.09558708220720291,-0.09561050683259964,-0.09398724138736725,-0.09386847168207169,-0.09345702826976776,-0.09216262400150299,-0.09022343903779984,-0.09058398008346558,-0.09022331982851028,-0.08988889306783676,-0.09056451916694641,-0.09033893048763275,-0.08873993158340454,-0.09444627910852432,-0.14370369911193848,-0.21104595065116882
train,ICBHI_117,117_1b2_Tc_mc_LittC2SE,/home/sahith/projects/minor_project_408/data/raw/audio_and_text_files/117_1b2_Tc_mc_LittC2SE.wav,LittC2SE,0.044101960957050323,-0.10517621040344238,0.03835011273622513,-0.2110491693019867,-0.013753511942923069,-0.1360822319984436,-0.06456778198480606,-0.1659204214811325,-0.0835331603884697,-0.15606579184532166,-0.09645729511976242,-0.11286216229200363,-0.09404325485229492,-0.07619655132293701,-0.09984764456748962,-0.060186319053173065,-0.10603247582912445,-0.08911531418561935,-0.08460236340761185,-0.10198729485273361,-0.09117966145277023,-0.08683380484580994,-0.0901462510228157,-0.08397671580314636,-0.06415160000324249,-0.06446058303117752,-0.05560440570116043,-0.049761854112148285,-0.04609902948141098,-0.06132951378822327,-0.06467009335756302,-0.0731808990240097,-0.08238185942173004,-0.0813019871711731,-0.09171923249959946,-0.08495956659317017,-0.08121267706155777,-0.08144685626029968,-0.08962415158748627,-0.10396822541952133,-0.11805802583694458,-0.11536984145641327,-0.10741805285215378,-0.10103390365839005,-0.10132434964179993,-0.1130775436758995,-0.1287965476512909,-0.14147710800170898,-0.14509938657283783,-0.14967218041419983,-0.1501927226781845,-0.14967134594917297,-0.1471681296825409,-0.1378197968006134,-0.14155781269073486,-0.14388640224933624,-0.14359495043754578,-0.14807343482971191,-0.1553002893924713,-0.1485048085451126,-0.15682606399059296,-0.1485171765089035,-0.15029947459697723,-0.14108695089817047,-0.14678387343883514,-0.14041711390018463,-0.14678309857845306,-0.14474861323833466,-0.14128969609737396,-0.14348769187927246,-0.1420675367116928,-0.14087247848510742,-0.13712209463119507,-0.13839413225650787,-0.1371140480041504,-0.13419198989868164,-0.13191039860248566,-0.13131515681743622,-0.1322937160730362,-0.1318540871143341,-0.1312248259782791,-0.12772436439990997,-0.1245783343911171,-0.125278502702713,-0.1234244704246521,-0.12192373722791672,-0.1251165270805359,-0.122159443795681,-0.1206965297460556,-0.12284193187952042,-0.11883057653903961,-0.1163611188530922,-0.11734912544488907,-0.11616382002830505,-0.11374334245920181,-0.11061632633209229,-0.10719618201255798,-0.10699886083602905,-0.10575108975172043,-0.10712343454360962,-0.10785393416881561,-0.10678340494632721,-0.1051209568977356,-0.10558392852544785,-0.10452086478471756,-0.10090721398591995,-0.10168954730033875,-0.09965977072715759,-0.09947960078716278,-0.09849133342504501,-0.09543565660715103,-0.0939488485455513,-0.09558708220720291,-0.09561050683259964,-0.09398724138736725,-0.09386847168207169,-0.09345702826976776,-0.09216262400150299,-0.09022343903779984,-0.09058398008346558,-0.09022331982851028,-0.08988889306783676,-0.09056451916694641,-0.09033893048763275,-0.08873993158340454,-0.09444627910852432,-0.14370369911193848,-0.21104595065116882
train,ICBHI_117,117_1b2_Tc_mc_LittC2SE,/home/sahith/projects/minor_project_408/data/raw/audio_and_text_files/117_1b2_Tc_mc_LittC2SE.wav,LittC2SE,0.044101960957050323,-0.10517621040344238,0.03835011273622513,-0.2110491693019867,-0.013753511942923069,-0.1360822319984436,-0.06456778198480606,-0.1659204214811325,-0.0835331603884697,-0.15606579184532166,-0.09645729511976242,-0.11286216229200363,-0.09404325485229492,-0.07619655132293701,-0.09984764456748962,-0.060186319053173065,-0.10603247582912445,-0.08911531418561935,-0.08460236340761185,-0.10198729485273361,-0.09117966145277023,-0.08683380484580994,-0.0901462510228157,-0.08397671580314636,-0.06415160000324249,-0.06446058303117752,-0.05560440570116043,-0.049761854112148285,-0.04609902948141098,-0.06132951378822327,-0.06467009335756302,-0.0731808990240097,-0.08238185942173004,-0.0813019871711731,-0.09171923249959946,-0.08495956659317017,-0.08121267706155777,-0.08144685626029968,-0.08962415158748627,-0.10396822541952133,-0.11805802583694458,-0.11536984145641327,-0.10741805285215378,-0.10103390365839005,-0.10132434964179993,-0.1130775436758995,-0.1287965476512909,-0.14147710800170898,-0.14509938657283783,-0.14967218041419983,-0.1501927226781845,-0.14967134594917297,-0.1471681296825409,-0.1378197968006134,-0.14155781269073486,-0.14388640224933624,-0.14359495043754578,-0.14807343482971191,-0.1553002893924713,-0.1485048085451126,-0.15682606399059296,-0.1485171765089035,-0.15029947459697723,-0.14108695089817047,-0.14678387343883514,-0.14041711390018463,-0.14678309857845306,-0.14474861323833466,-0.14128969609737396,-0.14348769187927246,-0.1420675367116928,-0.14087247848510742,-0.13712209463119507,-0.13839413225650787,-0.1371140480041504,-0.13419198989868164,-0.13191039860248566,-0.13131515681743622,-0.1322937160730362,-0.1318540871143341,-0.1312248259782791,-0.12772436439990997,-0.1245783343911171,-0.125278502702713,-0.1234244704246521,-0.12192373722791672,-0.1251165270805359,-0.122159443795681,-0.1206965297460556,-0.12284193187952042,-0.11883057653903961,-0.1163611188530922,-0.11734912544488907,-0.11616382002830505,-0.11374334245920181,-0.11061632633209229,-0.10719618201255798,-0.10699886083602905,-0.10575108975172043,-0.10712343454360962,-0.10785393416881561,-0.10678340494632721,-0.1051209568977356,-0.10558392852544785,-0.10452086478471756,-0.10090721398591995,-0.10168954730033875,-0.09965977072715759,-0.09947960078716278,-0.09849133342504501,-0.09543565660715103,-0.0939488485455513,-0.09558708220720291,-0.09561050683259964,-0.09398724138736725,-0.09386847168207169,-0.09345702826976776,-0.09216262400150299,-0.09022343903779984,-0.09058398008346558,-0.09022331982851028,-0.08988889306783676,-0.09056451916694641,-0.09033893048763275,-0.08873993158340454,-0.09444627910852432,-0.14370369911193848,-0.21104595065116882
train,ICBHI_117,117_1b2_Tc_mc_LittC2SE,/home/sahith/projects/minor_project_408/data/raw/audio_and_text_files/117_1b2_Tc_mc_LittC2SE.wav,LittC2SE,0.044101960957050323,-0.10517621040344238,0.03835011273622513,-0.2110491693019867,-0.013753511942923069,-0.1360822319984436,-0.06456778198480606,-0.1659204214811325,-0.0835331603884697,-0.15606579184532166,-0.09645729511976242,-0.11286216229200363,-0.09404325485229492,-0.07619655132293701,-0.09984764456748962,-0.060186319053173065,-0.10603247582912445,-0.08911531418561935,-0.08460236340761185,-0.10198729485273361,-0.09117966145277023,-0.08683380484580994,-0.0901462510228157,-0.08397671580314636,-0.06415160000324249,-0.06446058303117752,-0.05560440570116043,-0.049761854112148285,-0.04609902948141098,-0.06132951378822327,-0.06467009335756302,-0.0731808990240097,-0.08238185942173004,-0.0813019871711731,-0.09171923249959946,-0.08495956659317017,-0.08121267706155777,-0.08144685626029968,-0.08962415158748627,-0.10396822541952133,-0.11805802583694458,-0.11536984145641327,-0.10741805285215378,-0.10103390365839005,-0.10132434964179993,-0.1130775436758995,-0.1287965476512909,-0.14147710800170898,-0.14509938657283783,-0.14967218041419983,-0.1501927226781845,-0.14967134594917297,-0.1471681296825409,-0.1378197968006134,-0.14155781269073486,-0.14388640224933624,-0.14359495043754578,-0.14807343482971191,-0.1553002893924713,-0.1485048085451126,-0.15682606399059296,-0.1485171765089035,-0.15029947459697723,-0.14108695089817047,-0.14678387343883514,-0.14041711390018463,-0.14678309857845306,-0.14474861323833466,-0.14128969609737396,-0.14348769187927246,-0.1420675367116928,-0.14087247848510742,-0.13712209463119507,-0.13839413225650787,-0.1371140480041504,-0.13419198989868164,-0.13191039860248566,-0.13131515681743622,-0.1322937160730362,-0.1318540871143341,-0.1312248259782791,-0.12772436439990997,-0.1245783343911171,-0.125278502702713,-0.1234244704246521,-0.12192373722791672,-0.1251165270805359,-0.122159443795681,-0.1206965297460556,-0.12284193187952042,-0.11883057653903961,-0.1163611188530922,-0.11734912544488907,-0.11616382002830505,-0.11374334245920181,-0.11061632633209229,-0.10719618201255798,-0.10699886083602905,-0.10575108975172043,-0.10712343454360962,-0.10785393416881561,-0.10678340494632721,-0.1051209568977356,-0.10558392852544785,-0.10452086478471756,-0.10090721398591995,-0.10168954730033875,-0.09965977072715759,-0.09947960078716278,-0.09849133342504501,-0.09543565660715103,-0.0939488485455513,-0.09558708220720291,-0.09561050683259964,-0.09398724138736725,-0.09386847168207169,-0.09345702826976776,-0.09216262400150299,-0.09022343903779984,-0.09058398008346558,-0.09022331982851028,-0.08988889306783676,-0.09056451916694641,-0.09033893048763275,-0.08873993158340454,-0.09444627910852432,-0.14370369911193848,-0.21104595065116882
train,ICBHI_117,117_1b2_Tc_mc_LittC2SE,/home/sahith/projects/minor_project_408/data/raw/audio_and_text_files/117_1b2_Tc_mc_LittC2SE.wav,LittC2SE,0.044101960957050323,-0.10517621040344238,0.03835011273622513,-0.2110491693019867,-0.013753511942923069,-0.1360822319984436,-0.06456778198480606,-0.1659204214811325,-0.0835331603884697,-0.15606579184532166,-0.09645729511976242,-0.11286216229200363,-0.09404325485229492,-0.07619655132293701,-0.09984764456748962,-0.060186319053173065,-0.10603247582912445,-0.08911531418561935,-0.08460236340761185,-0.10198729485273361,-0.09117966145277023,-0.08683380484580994,-0.0901462510228157,-0.08397671580314636,-0.06415160000324249,-0.06446058303117752,-0.05560440570116043,-0.049761854112148285,-0.04609902948141098,-0.06132951378822327,-0.06467009335756302,-0.0731808990240097,-0.08238185942173004,-0.0813019871711731,-0.09171923249959946,-0.08495956659317017,-0.08121267706155777,-0.08144685626029968,-0.08962415158748627,-0.10396822541952133,-0.11805802583694458,-0.11536984145641327,-0.10741805285215378,-0.10103390365839005,-0.10132434964179993,-0.1130775436758995,-0.1287965476512909,-0.14147710800170898,-0.14509938657283783,-0.14967218041419983,-0.1501927226781845,-0.14967134594917297,-0.1471681296825409,-0.1378197968006134,-0.14155781269073486,-0.14388640224933624,-0.14359495043754578,-0.14807343482971191,-0.1553002893924713,-0.1485048085451126,-0.15682606399059296,-0.1485171765089035,-0.15029947459697723,-0.14108695089817047,-0.14678387343883514,-0.14041711390018463,-0.14678309857845306,-0.14474861323833466,-0.14128969609737396,-0.14348769187927246,-0.1420675367116928,-0.14087247848510742,-0.13712209463119507,-0.13839413225650787,-0.1371140480041504,-0.13419198989868164,-0.13191039860248566,-0.13131515681743622,-0.1322937160730362,-0.1318540871143341,-0.1312248259782791,-0.12772436439990997,-0.1245783343911171,-0.125278502702713,-0.1234244704246521,-0.12192373722791672,-0.1251165270805359,-0.122159443795681,-0.1206965297460556,-0.12284193187952042,-0.11883057653903961,-0.1163611188530922,-0.11734912544488907,-0.11616382002830505,-0.11374334245920181,-0.11061632633209229,-0.10719618201255798,-0.10699886083602905,-0.10575108975172043,-0.10712343454360962,-0.10785393416881561,-0.10678340494632721,-0.1051209568977356,-0.10558392852544785,-0.10452086478471756,-0.10090721398591995,-0.10168954730033875,-0.09965977072715759,-0.09947960078716278,-0.09849133342504501,-0.09543565660715103,-0.0939488485455513,-0.09558708220720291,-0.09561050683259964,-0.09398724138736725,-0.09386847168207169,-0.09345702826976776,-0.09216262400150299,-0.09022343903779984,-0.09058398008346558,-0.09022331982851028,-0.08988889306783676,-0.09056451916694641,-0.09033893048763275,-0.08873993158340454,-0.09444627910852432,-0.14370369911193848,-0.21104595065116882
train,ICBHI_117,117_1b2_Tc_mc_LittC2SE,/home/sahith/projects/minor_project_408/data/raw/audio_and_text_files/117_1b2_Tc_mc_LittC2SE.wav,LittC2SE,0.044101960957050323,-0.10517621040344238,0.03835011273622513,-0.2110491693019867,-0.013753511942923069,-0.1360822319984436,-0.06456778198480606,-0.1659204214811325,-0.0835331603884697,-0.15606579184532166,-0.09645729511976242,-0.11286216229200363,-0.09404325485229492,-0.07619655132293701,-0.09984764456748962,-0.060186319053173065,-0.10603247582912445,-0.08911531418561935,-0.08460236340761185,-0.10198729485273361,-0.09117966145277023,-0.08683380484580994,-0.0901462510228157,-0.08397671580314636,-0.06415160000324249,-0.06446058303117752,-0.05560440570116043,-0.049761854112148285,-0.04609902948141098,-0.06132951378822327,-0.06467009335756302,-0.0731808990240097,-0.08238185942173004,-0.0813019871711731,-0.09171923249959946,-0.08495956659317017,-0.08121267706155777,-0.08144685626029968,-0.08962415158748627,-0.10396822541952133,-0.11805802583694458,-0.11536984145641327,-0.10741805285215378,-0.10103390365839005,-0.10132434964179993,-0.1130775436758995,-0.1287965476512909,-0.14147710800170898,-0.14509938657283783,-0.14967218041419983,-0.1501927226781845,-0.14967134594917297,-0.1471681296825409,-0.1378197968006134,-0.14155781269073486,-0.14388640224933624,-0.14359495043754578,-0.14807343482971191,-0.1553002893924713,-0.1485048085451126,-0.15682606399059296,-0.1485171765089035,-0.15029947459697723,-0.14108695089817047,-0.14678387343883514,-0.14041711390018463,-0.14678309857845306,-0.14474861323833466,-0.14128969609737396,-0.14348769187927246,-0.1420675367116928,-0.14087247848510742,-0.13712209463119507,-0.13839413225650787,-0.1371140480041504,-0.13419198989868164,-0.13191039860248566,-0.13131515681743622,-0.1322937160730362,-0.1318540871143341,-0.1312248259782791,-0.12772436439990997,-0.1245783343911171,-0.125278502702713,-0.1234244704246521,-0.12192373722791672,-0.1251165270805359,-0.122159443795681,-0.1206965297460556,-0.12284193187952042,-0.11883057653903961,-0.1163611188530922,-0.11734912544488907,-0.11616382002830505,-0.11374334245920181,-0.11061632633209229,-0.10719618201255798,-0.10699886083602905,-0.10575108975172043,-0.10712343454360962,-0.10785393416881561,-0.10678340494632721,-0.1051209568977356,-0.10558392852544785,-0.10452086478471756,-0.10090721398591995,-0.10168954730033875,-0.09965977072715759,-0.09947960078716278,-0.09849133342504501,-0.09543565660715103,-0.0939488485455513,-0.09558708220720291,-0.09561050683259964,-0.09398724138736725,-0.09386847168207169,-0.09345702826976776,-0.09216262400150299,-0.09022343903779984,-0.09058398008346558,-0.09022331982851028,-0.08988889306783676,-0.09056451916694641,-0.09033893048763275,-0.08873993158340454,-0.09444627910852432,-0.14370369911193848,-0.21104595065116882
train,ICBHI_117,117_1b2_Tc_mc_LittC2SE,/home/sahith/projects/minor_project_408/data/raw/audio_and_text_files/117_1b2_Tc_mc_LittC2SE.wav,LittC2SE,0.044101960957050323,-0.10517621040344238,0.03835011273622513,-0.2110491693019867,-0.013753511942923069,-0.1360822319984436,-0.06456778198480606,-0.1659204214811325,-0.0835331603884697,-0.15606579184532166,-0.09645729511976242,-0.11286216229200363,-0.09404325485229492,-0.07619655132293701,-0.09984764456748962,-0.060186319053173065,-0.10603247582912445,-0.08911531418561935,-0.08460236340761185,-0.10198729485273361,-0.09117966145277023,-0.08683380484580994,-0.0901462510228157,-0.08397671580314636,-0.06415160000324249,-0.06446058303117752,-0.05560440570116043,-0.049761854112148285,-0.04609902948141098,-0.06132951378822327,-0.06467009335756302,-0.0731808990240097,-0.08238185942173004,-0.0813019871711731,-0.09171923249959946,-0.08495956659317017,-0.08121267706155777,-0.08144685626029968,-0.08962415158748627,-0.10396822541952133,-0.11805802583694458,-0.11536984145641327,-0.10741805285215378,-0.10103390365839005,-0.10132434964179993,-0.1130775436758995,-0.1287965476512909,-0.14147710800170898,-0.14509938657283783,-0.14967218041419983,-0.1501927226781845,-0.14967134594917297,-0.1471681296825409,-0.1378197968006134,-0.14155781269073486,-0.14388640224933624,-0.14359495043754578,-0.14807343482971191,-0.1553002893924713,-0.1485048085451126,-0.15682606399059296,-0.1485171765089035,-0.15029947459697723,-0.14108695089817047,-0.14678387343883514,-0.14041711390018463,-0.14678309857845306,-0.14474861323833466,-0.14128969609737396,-0.14348769187927246,-0.1420675367116928,-0.14087247848510742,-0.13712209463119507,-0.13839413225650787,-0.1371140480041504,-0.13419198989868164,-0.13191039860248566,-0.13131515681743622,-0.1322937160730362,-0.1318540871143341,-0.1312248259782791,-0.12772436439990997,-0.1245783343911171,-0.125278502702713,-0.1234244704246521,-0.12192373722791672,-0.1251165270805359,-0.122159443795681,-0.1206965297460556,-0.12284193187952042,-0.11883057653903961,-0.1163611188530922,-0.11734912544488907,-0.11616382002830505,-0.11374334245920181,-0.11061632633209229,-0.10719618201255798,-0.10699886083602905,-0.10575108975172043,-0.10712343454360962,-0.10785393416881561,-0.10678340494632721,-0.1051209568977356,-0.10558392852544785,-0.10452086478471756,-0.10090721398591995,-0.10168954730033875,-0.09965977072715759,-0.09947960078716278,-0.09849133342504501,-0.09543565660715103,-0.0939488485455513,-0.09558708220720291,-0.09561050683259964,-0.09398724138736725,-0.09386847168207169,-0.09345702826976776,-0.09216262400150299,-0.09022343903779984,-0.09058398008346558,-0.09022331982851028,-0.08988889306783676,-0.09056451916694641,-0.09033893048763275,-0.08873993158340454,-0.09444627910852432,-0.14370369911193848,-0.21104595065116882
train,ICBHI_128,128_1b3_Tc_mc_LittC2SE,/home/sahith/projects/minor_project_408/data/raw/audio_and_text_files/128_1b3_Tc_mc_LittC2SE.wav,LittC2SE,0.04027136415243149,-0.10475374013185501,0.03951869159936905,-0.2110491693019867,-0.010299339890480042,-0.13198624551296234,-0.06015732139348984,-0.1639295071363449,-0.08665711432695389,-0.15968681871891022,-0.10314010083675385,-0.1260835826396942,-0.10739042609930038,-0.09656210988759995,-0.1203235313296318,-0.07859082520008087,-0.11795920133590698,-0.09915152937173843,-0.09950718283653259,-0.11406467854976654,-0.10206186026334763,-0.1056733950972557,-0.1139308288693428,-0.11093290895223618,-0.09814097732305527,-0.11336325109004974,-0.11071860790252686,-0.11146466434001923,-0.10533580183982849,-0.09845658391714096,-0.08392222970724106,-0.07355795055627823,-0.06677219271659851,-0.06358306854963303,-0.07813742011785507,-0.09196455031633377,-0.10593293607234955,-0.11911920458078384,-0.12245319783687592,-0.11444172263145447,-0.10679498314857483,-0.10406680405139923,-0.10538969188928604,-0.10877323150634766,-0.11702178418636322,-0.12633079290390015,-0.13515719771385193,-0.14275968074798584,-0.14423376321792603,-0.14763371646404266,-0.14743275940418243,-0.14940886199474335,-0.1498570740222931,-0.14326371252536774,-0.15149563550949097,-0.15228407084941864,-0.14751990139484406,-0.15162408351898193,-0.1530487984418869,-0.14656277000904083,-0.15821760892868042,-0.14303897321224213,-0.14884111285209656,-0.14424678683280945,-0.15278303623199463,-0.1458868533372879,-0.14835695922374725,-0.1445726752281189,-0.13759322464466095,-0.1414176970720291,-0.14114396274089813,-0.14190997183322906,-0.13839145004749298,-0.13782793283462524,-0.13490958511829376,-0.135091632604599,-0.1343521773815155,-0.13570208847522736,-0.13354113698005676,-0.12473643571138382,-0.12800604104995728,-0.1323947310447693,-0.12522920966148376,-0.12284369021654129,-0.12238346040248871,-0.12190946191549301,-0.12055133283138275,-0.12213283032178879,-0.11722217500209808,-0.11968344449996948,-0.11712335050106049,-0.1131213828921318,-0.11354096233844757,-0.11174260079860687,-0.11463504284620285,-0.11123879998922348,-0.1101069226861,-0.11020509153604507,-0.10487178713083267,-0.10584067553281784,-0.10815898329019547,-0.10329791903495789,-0.10265110433101654,-0.10414882004261017,-0.10373231023550034,-0.09823804348707199,-0.09754250198602676,-0.09755856543779373,-0.09734610468149185,-0.09637685865163803,-0.09640979021787643,-0.09703601896762848,-0.09720733016729355,-0.09589806199073792,-0.0944204330444336,-0.09282469004392624,-0.09321804344654083,-0.09036512672901154,-0.08891111612319946,-0.09082981199026108,-0.08891516923904419,-0.08828530460596085,-0.08933620899915695,-0.08986057341098785,-0.08990778774023056,-0.09558198601007462,-0.14922942221164703,-0.2110491693019867
train,ICBHI_128,128_1b3_Tc_mc_LittC2SE,/home/sahith/projects/minor_project_408/data/raw/audio_and_text_files/128_1b3_Tc_mc_LittC2SE.wav,LittC2SE,0.04027136415243149,-0.10475374013185501,0.03951869159936905,-0.2110491693019867,-0.010299339890480042,-0.13198624551296234,-0.06015732139348984,-0.1639295071363449,-0.08665711432695389,-0.15968681871891022,-0.10314010083675385,-0.1260835826396942,-0.10739042609930038,-0.09656210988759995,-0.1203235313296318,-0.07859082520008087,-0.11795920133590698,-0.09915152937173843,-0.09950718283653259,-0.11406467854976654,-0.10206186026334763,-0.1056733950972557,-0.1139308288693428,-0.11093290895223618,-0.09814097732305527,-0.11336325109004974,-0.11071860790252686,-0.11146466434001923,-0.10533580183982849,-0.09845658391714096,-0.08392222970724106,-0.07355795055627823,-0.06677219271659851,-0.06358306854963303,-0.07813742011785507,-0.09196455031633377,-0.10593293607234955,-0.11911920458078384,-0.12245319783687592,-0.11444172263145447,-0.10679498314857483,-0.10406680405139923,-0.10538969188928604,-0.10877323150634766,-0.11702178418636322,-0.12633079290390015,-0.13515719771385193,-0.14275968074798584,-0.14423376321792603,-0.14763371646404266,-0.14743275940418243,-0.14940886199474335,-0.1498570740222931,-0.14326371252536774,-0.15149563550949097,-0.15228407084941864,-0.14751990139484406,-0.15162408351898193,-0.1530487984418869,-0.14656277000904083,-0.15821760892868042,-0.14303897321224213,-0.14884111285209656,-0.14424678683280945,-0.15278303623199463,-0.1458868533372879,-0.14835695922374725,-0.1445726752281189,-0.13759322464466095,-0.1414176970720291,-0.14114396274089813,-0.14190997183322906,-0.13839145004749298,-0.13782793283462524,-0.13490958511829376,-0.135091632604599,-0.1343521773815155,-0.13570208847522736,-0.13354113698005676,-0.12473643571138382,-0.12800604104995728,-0.1323947310447693,-0.12522920966148376,-0.12284369021654129,-0.12238346040248871,-0.12190946191549301,-0.12055133283138275,-0.12213283032178879,-0.11722217500209808,-0.11968344449996948,-0.11712335050106049,-0.1131213828921318,-0.11354096233844757,-0.11174260079860687,-0.11463504284620285,-0.11123879998922348,-0.1101069226861,-0.11020509153604507,-0.10487178713083267,-0.10584067553281784,-0.10815898329019547,-0.10329791903495789,-0.10265110433101654,-0.10414882004261017,-0.10373231023550034,-0.09823804348707199,-0.09754250198602676,-0.09755856543779373,-0.09734610468149185,-0.09637685865163803,-0.09640979021787643,-0.09703601896762848,-0.09720733016729355,-0.09589806199073792,-0.0944204330444336,-0.09282469004392624,-0.09321804344654083,-0.09036512672901154,-0.08891111612319946,-0.09082981199026108,-0.08891516923904419,-0.08828530460596085,-0.08933620899915695,-0.08986057341098785,-0.08990778774023056,-0.09558198601007462,-0.14922942221164703,-0.2110491693019867
train,ICBHI_128,128_1b3_Tc_mc_LittC2SE,/home/sahith/projects/minor_project_408/data/raw/audio_and_text_files/128_1b3_Tc_mc_LittC2SE.wav,LittC2SE,0.04027136415243149,-0.10475374013185501,0.03951869159936905,-0.2110491693019867,-0.010299339890480042,-0.13198624551296234,-0.06015732139348984,-0.1639295071363449,-0.08665711432695389,-0.15968681871891022,-0.10314010083675385,-0.1260835826396942,-0.10739042609930038,-0.09656210988759995,-0.1203235313296318,-0.07859082520008087,-0.11795920133590698,-0.09915152937173843,-0.09950718283653259,-0.11406467854976654,-0.10206186026334763,-0.1056733950972557,-0.1139308288693428,-0.11093290895223618,-0.09814097732305527,-0.11336325109004974,-0.11071860790252686,-0.11146466434001923,-0.10533580183982849,-0.09845658391714096,-0.08392222970724106,-0.07355795055627823,-0.06677219271659851,-0.06358306854963303,-0.07813742011785507,-0.09196455031633377,-0.10593293607234955,-0.11911920458078384,-0.12245319783687592,-0.11444172263145447,-0.10679498314857483,-0.10406680405139923,-0.10538969188928604,-0.10877323150634766,-0.11702178418636322,-0.12633079290390015,-0.13515719771385193,-0.14275968074798584,-0.14423376321792603,-0.14763371646404266,-0.14743275940418243,-0.14940886199474335,-0.1498570740222931,-0.14326371252536774,-0.15149563550949097,-0.15228407084941864,-0.14751990139484406,-0.15162408351898193,-0.1530487984418869,-0.14656277000904083,-0.15821760892868042,-0.14303897321224213,-0.14884111285209656,-0.14424678683280945,-0.15278303623199463,-0.1458868533372879,-0.14835695922374725,-0.1445726752281189,-0.13759322464466095,-0.1414176970720291,-0.14114396274089813,-0.14190997183322906,-0.13839145004749298,-0.13782793283462524,-0.13490958511829376,-0.135091632604599,-0.1343521773815155,-0.13570208847522736,-0.13354113698005676,-0.12473643571138382,-0.12800604104995728,-0.1323947310447693,-0.12522920966148376,-0.12284369021654129,-0.12238346040248871,-0.12190946191549301,-0.12055133283138275,-0.12213283032178879,-0.11722217500209808,-0.11968344449996948,-0.11712335050106049,-0.1131213828921318,-0.11354096233844757,-0.11174260079860687,-0.11463504284620285,-0.11123879998922348,-0.1101069226861,-0.11020509153604507,-0.10487178713083267,-0.10584067553281784,-0.10815898329019547,-0.10329791903495789,-0.10265110433101654,-0.10414882004261017,-0.10373231023550034,-0.09823804348707199,-0.09754250198602676,-0.09755856543779373,-0.09734610468149185,-0.09637685865163803,-0.09640979021787643,-0.09703601896762848,-0.09720733016729355,-0.09589806199073792,-0.0944204330444336,-0.09282469004392624,-0.09321804344654083,-0.09036512672901154,-0.08891111612319946,-0.09082981199026108,-0.08891516923904419,-0.08828530460596085,-0.08933620899915695,-0.08986057341098785,-0.08990778774023056,-0.09558198601007462,-0.14922942221164703,-0.2110491693019867
train,ICBHI_128,128_1b3_Tc_mc_LittC2SE,/home/sahith/projects/minor_project_408/data/raw/audio_and_text_files/128_1b3_Tc_mc_LittC2SE.wav,LittC2SE,0.04027136415243149,-0.10475374013185501,0.03951869159936905,-0.2110491693019867,-0.010299339890480042,-0.13198624551296234,-0.06015732139348984,-0.1639295071363449,-0.08665711432695389,-0.15968681871891022,-0.10314010083675385,-0.1260835826396942,-0.10739042609930038,-0.09656210988759995,-0.1203235313296318,-0.07859082520008087,-0.11795920133590698,-0.09915152937173843,-0.09950718283653259,-0.11406467854976654,-0.10206186026334763,-0.1056733950972557,-0.1139308288693428,-0.11093290895223618,-0.09814097732305527,-0.11336325109004974,-0.11071860790252686,-0.11146466434001923,-0.10533580183982849,-0.09845658391714096,-0.08392222970724106,-0.07355795055627823,-0.06677219271659851,-0.06358306854963303,-0.07813742011785507,-0.09196455031633377,-0.10593293607234955,-0.11911920458078384,-0.12245319783687592,-0.11444172263145447,-0.10679498314857483,-0.10406680405139923,-0.10538969188928604,-0.10877323150634766,-0.11702178418636322,-0.12633079290390015,-0.13515719771385193,-0.14275968074798584,-0.14423376321792603,-0.14763371646404266,-0.14743275940418243,-0.14940886199474335,-0.1498570740222931,-0.14326371252536774,-0.15149563550949097,-0.15228407084941864,-0.14751990139484406,-0.15162408351898193,-0.1530487984418869,-0.14656277000904083,-0.15821760892868042,-0.14303897321224213,-0.14884111285209656,-0.14424678683280945,-0.15278303623199463,-0.1458868533372879,-0.14835695922374725,-0.1445726752281189,-0.13759322464466095,-0.1414176970720291,-0.14114396274089813,-0.14190997183322906,-0.13839145004749298,-0.13782793283462524,-0.13490958511829376,-0.135091632604599,-0.1343521773815155,-0.13570208847522736,-0.13354113698005676,-0.12473643571138382,-0.12800604104995728,-0.1323947310447693,-0.12522920966148376,-0.12284369021654129,-0.12238346040248871,-0.12190946191549301,-0.12055133283138275,-0.12213283032178879,-0.11722217500209808,-0.11968344449996948,-0.11712335050106049,-0.1131213828921318,-0.11354096233844757,-0.11174260079860687,-0.11463504284620285,-0.11123879998922348,-0.1101069226861,-0.11020509153604507,-0.10487178713083267,-0.10584067553281784,-0.10815898329019547,-0.10329791903495789,-0.10265110433101654,-0.10414882004261017,-0.10373231023550034,-0.09823804348707199,-0.09754250198602676,-0.09755856543779373,-0.09734610468149185,-0.09637685865163803,-0.09640979021787643,-0.09703601896762848,-0.09720733016729355,-0.09589806199073792,-0.0944204330444336,-0.09282469004392624,-0.09321804344654083,-0.09036512672901154,-0.08891111612319946,-0.09082981199026108,-0.08891516923904419,-0.08828530460596085,-0.08933620899915695,-0.08986057341098785,-0.08990778774023056,-0.09558198601007462,-0.14922942221164703,-0.2110491693019867
train,ICBHI_128,128_1b3_Tc_mc_LittC2SE,/home/sahith/projects/minor_project_408/data/raw/audio_and_text_files/128_1b3_Tc_mc_LittC2SE.wav,LittC2SE,0.04027136415243149,-0.10475374013185501,0.03951869159936905,-0.2110491693019867,-0.010299339890480042,-0.13198624551296234,-0.06015732139348984,-0.1639295071363449,-0.08665711432695389,-0.15968681871891022,-0.10314010083675385,-0.1260835826396942,-0.10739042609930038,-0.09656210988759995,-0.1203235313296318,-0.07859082520008087,-0.11795920133590698,-0.09915152937173843,-0.09950718283653259,-0.11406467854976654,-0.10206186026334763,-0.1056733950972557,-0.1139308288693428,-0.11093290895223618,-0.09814097732305527,-0.11336325109004974,-0.11071860790252686,-0.11146466434001923,-0.10533580183982849,-0.09845658391714096,-0.08392222970724106,-0.07355795055627823,-0.06677219271659851,-0.06358306854963303,-0.07813742011785507,-0.09196455031633377,-0.10593293607234955,-0.11911920458078384,-0.12245319783687592,-0.11444172263145447,-0.10679498314857483,-0.10406680405139923,-0.10538969188928604,-0.10877323150634766,-0.11702178418636322,-0.12633079290390015,-0.13515719771385193,-0.14275968074798584,-0.14423376321792603,-0.14763371646404266,-0.14743275940418243,-0.14940886199474335,-0.1498570740222931,-0.14326371252536774,-0.15149563550949097,-0.15228407084941864,-0.14751990139484406,-0.15162408351898193,-0.1530487984418869,-0.14656277000904083,-0.15821760892868042,-0.14303897321224213,-0.14884111285209656,-0.14424678683280945,-0.15278303623199463,-0.1458868533372879,-0.14835695922374725,-0.1445726752281189,-0.13759322464466095,-0.1414176970720291,-0.14114396274089813,-0.14190997183322906,-0.13839145004749298,-0.13782793283462524,-0.13490958511829376,-0.135091632604599,-0.1343521773815155,-0.13570208847522736,-0.13354113698005676,-0.12473643571138382,-0.12800604104995728,-0.1323947310447693,-0.12522920966148376,-0.12284369021654129,-0.12238346040248871,-0.12190946191549301,-0.12055133283138275,-0.12213283032178879,-0.11722217500209808,-0.11968344449996948,-0.11712335050106049,-0.1131213828921318,-0.11354096233844757,-0.11174260079860687,-0.11463504284620285,-0.11123879998922348,-0.1101069226861,-0.11020509153604507,-0.10487178713083267,-0.10584067553281784,-0.10815898329019547,-0.10329791903495789,-0.10265110433101654,-0.10414882004261017,-0.10373231023550034,-0.09823804348707199,-0.09754250198602676,-0.09755856543779373,-0.09734610468149185,-0.09637685865163803,-0.09640979021787643,-0.09703601896762848,-0.09720733016729355,-0.09589806199073792,-0.0944204330444336,-0.09282469004392624,-0.09321804344654083,-0.09036512672901154,-0.08891111612319946,-0.09082981199026108,-0.08891516923904419,-0.08828530460596085,-0.08933620899915695,-0.08986057341098785,-0.08990778774023056,-0.09558198601007462,-0.14922942221164703,-0.2110491693019867
train,ICBHI_132,132_2b1_Lr_mc_LittC2SE,/home/sahith/projects/minor_project_408/data/raw/audio_and_text_files/132_2b1_Lr_mc_LittC2SE.wav,LittC2SE,0.1981537789106369,0.02978944033384323,0.17614997923374176,-0.2110491693019867,0.07961500436067581,-0.04584099352359772,0.04606662690639496,-0.06653998047113419,0.008882244117558002,-0.11075723171234131,-0.048250772058963776,-0.10870736837387085,-0.09019485861063004,-0.10283664613962173,-0.12419189512729645,-0.09475832432508469,-0.1312970072031021,-0.11558184772729874,-0.11250865459442139,-0.12447799742221832,-0.11067429184913635,-0.10660824924707413,-0.119358129799366,-0.1184908077120781,-0.11696280539035797,-0.1320926398038864,-0.13239607214927673,-0.13274067640304565,-0.12513622641563416,-0.13038606941699982,-0.12613311409950256,-0.12533017992973328,-0.12851180136203766,-0.12711721658706665,-0.1313825100660324,-0.13538211584091187,-0.13686548173427582,-0.14101462066173553,-0.14317269623279572,-0.1412397176027298,-0.13427549600601196,-0.12713837623596191,-0.12350660562515259,-0.1258443146944046,-0.13236656785011292,-0.14201052486896515,-0.15028394758701324,-0.15292344987392426,-0.1478901207447052,-0.14652366936206818,-0.14441728591918945,-0.14673800766468048,-0.15491904318332672,-0.15920382738113403,-0.17103803157806396,-0.17340323328971863,-0.16600336134433746,-0.16403912007808685,-0.16518139839172363,-0.1562231183052063,-0.16493745148181915,-0.1650800257921219,-0.169852614402771,-0.16773585975170135,-0.17877842485904694,-0.17308850586414337,-0.1735236644744873,-0.1672317087650299,-0.15665389597415924,-0.15674643218517303,-0.15759189426898956,-0.16308371722698212,-0.1665988713502884,-0.1655370593070984,-0.16120029985904694,-0.160467728972435,-0.16471123695373535,-0.16382472217082977,-0.1600387692451477,-0.1546192765235901,-0.1478177160024643,-0.14769871532917023,-0.15347573161125183,-0.16247349977493286,-0.16140706837177277,-0.14697617292404175,-0.1416526734828949,-0.1431938260793686,-0.14646896719932556,-0.14801445603370667,-0.1440040022134781,-0.14154160022735596,-0.14520472288131714,-0.14255031943321228,-0.1342073678970337,-0.13389630615711212,-0.14103497564792633,-0.14269018173217773,-0.1356162577867508,-0.12832628190517426,-0.13212089240550995,-0.13423371315002441,-0.1291337013244629,-0.12922535836696625,-0.1284698098897934,-0.12496162205934525,-0.12747357785701752,-0.12765957415103912,-0.12160837650299072,-0.12343364953994751,-0.12699389457702637,-0.11884896457195282,-0.11933354288339615,-0.1250387728214264,-0.1193750873208046,-0.12274741381406784,-0.1213720291852951,-0.11698855459690094,-0.12185903638601303,-0.12300307303667068,-0.11829569190740585,-0.11808803677558899,-0.11811447143554688,-0.12133634835481644,-0.12062321603298187,-0.1298917829990387,-0.18015393614768982,-0.2110491693019867
train,ICBHI_132,132_2b1_Lr_mc_LittC2SE,/home/sahith/projects/minor_project_408/data/raw/audio_and_text_files/132_2b1_Lr_mc_LittC2SE.wav,LittC2SE,0.1981537789106369,0.02978944033384323,0.17614997923374176,-0.2110491693019867,0.07961500436067581,-0.04584099352359772,0.04606662690639496,-0.06653998047113419,0.008882244117558002,-0.11075723171234131,-0.048250772058963776,-0.10870736837387085,-0.09019485861063004,-0.10283664613962173,-0.12419189512729645,-0.09475832432508469,-0.1312970072031021,-0.11558184772729874,-0.11250865459442139,-0.12447799742221832,-0.11067429184913635,-0.10660824924707413,-0.119358129799366,-0.1184908077120781,-0.11696280539035797,-0.1320926398038864,-0.13239607214927673,-0.13274067640304565,-0.12513622641563416,-0.13038606941699982,-0.12613311409950256,-0.12533017992973328,-0.12851180136203766,-0.12711721658706665,-0.1313825100660324,-0.13538211584091187,-0.13686548173427582,-0.14101462066173553,-0.14317269623279572,-0.1412397176027298,-0.13427549600601196,-0.12713837623596191,-0.12350660562515259,-0.1258443146944046,-0.13236656785011292,-0.14201052486896515,-0.15028394758701324,-0.15292344987392426,-0.1478901207447052,-0.14652366936206818,-0.14441728591918945,-0.14673800766468048,-0.15491904318332672,-0.15920382738113403,-0.17103803157806396,-0.17340323328971863,-0.16600336134433746,-0.16403912007808685,-0.16518139839172363,-0.1562231183052063,-0.16493745148181915,-0.1650800257921219,-0.169852614402771,-0.16773585975170135,-0.17877842485904694,-0.17308850586414337,-0.1735236644744873,-0.1672317087650299,-0.15665389597415924,-0.15674643218517303,-0.15759189426898956,-0.16308371722698212,-0.1665988713502884,-0.1655370593070984,-0.16120029985904694,-0.160467728972435,-0.16471123695373535,-0.16382472217082977,-0.1600387692451477,-0.1546192765235901,-0.1478177160024643,-0.14769871532917023,-0.15347573161125183,-0.16247349977493286,-0.16140706837177277,-0.14697617292404175,-0.1416526734828949,-0.1431938260793686,-0.14646896719932556,-0.14801445603370667,-0.1440040022134781,-0.14154160022735596,-0.14520472288131714,-0.14255031943321228,-0.1342073678970337,-0.13389630615711212,-0.14103497564792633,-0.14269018173217773,-0.1356162577867508,-0.12832628190517426,-0.13212089240550995,-0.13423371315002441,-0.1291337013244629,-0.12922535836696625,-0.1284698098897934,-0.12496162205934525,-0.12747357785701752,-0.12765957415103912,-0.12160837650299072,-0.12343364953994751,-0.12699389457702637,-0.11884896457195282,-0.11933354288339615,-0.1250387728214264,-0.1193750873208046,-0.12274741381406784,-0.1213720291852951,-0.11698855459690094,-0.12185903638601303,-0.12300307303667068,-0.11829569190740585,-0.11808803677558899,-0.11811447143554688,-0.12133634835481644,-0.12062321603298187,-0.1298917829990387,-0.18015393614768982,-0.2110491693019867
train,ICBHI_132,132_2b1_Lr_mc_LittC2SE,/home/sahith/projects/minor_project_408/data/raw/audio_and_text_files/132_2b1_Lr_mc_LittC2SE.wav,LittC2SE,0.1981537789106369,0.02978944033384323,0.17614997923374176,-0.2110491693019867,0.07961500436067581,-0.04584099352359772,0.04606662690639496,-0.06653998047113419,0.008882244117558002,-0.11075723171234131,-0.048250772058963776,-0.10870736837387085,-0.09019485861063004,-0.10283664613962173,-0.12419189512729645,-0.09475832432508469,-0.1312970072031021,-0.11558184772729874,-0.11250865459442139,-0.12447799742221832,-0.11067429184913635,-0.10660824924707413,-0.119358129799366,-0.1184908077120781,-0.11696280539035797,-0.1320926398038864,-0.13239607214927673,-0.13274067640304565,-0.12513622641563416,-0.13038606941699982,-0.12613311409950256,-0.12533017992973328,-0.12851180136203766,-0.12711721658706665,-0.1313825100660324,-0.13538211584091187,-0.13686548173427582,-0.14101462066173553,-0.14317269623279572,-0.1412397176027298,-0.13427549600601196,-0.12713837623596191,-0.12350660562515259,-0.1258443146944046,-0.13236656785011292,-0.14201052486896515,-0.15028394758701324,-0.15292344987392426,-0.1478901207447052,-0.14652366936206818,-0.14441728591918945,-0.14673800766468048,-0.15491904318332672,-0.15920382738113403,-0.17103803157806396,-0.17340323328971863,-0.16600336134433746,-0.16403912007808685,-0.16518139839172363,-0.1562231183052063,-0.16493745148181915,-0.1650800257921219,-0.169852614402771,-0.16773585975170135,-0.17877842485904694,-0.17308850586414337,-0.1735236644744873,-0.1672317087650299,-0.15665389597415924,-0.15674643218517303,-0.15759189426898956,-0.16308371722698212,-0.1665988713502884,-0.1655370593070984,-0.16120029985904694,-0.160467728972435,-0.16471123695373535,-0.16382472217082977,-0.1600387692451477,-0.1546192765235901,-0.1478177160024643,-0.14769871532917023,-0.15347573161125183,-0.16247349977493286,-0.16140706837177277,-0.14697617292404175,-0.1416526734828949,-0.1431938260793686,-0.14646896719932556,-0.14801445603370667,-0.1440040022134781,-0.14154160022735596,-0.14520472288131714,-0.14255031943321228,-0.1342073678970337,-0.13389630615711212,-0.14103497564792633,-0.14269018173217773,-0.1356162577867508,-0.12832628190517426,-0.13212089240550995,-0.13423371315002441,-0.1291337013244629,-0.12922535836696625,-0.1284698098897934,-0.12496162205934525,-0.12747357785701752,-0.12765957415103912,-0.12160837650299072,-0.12343364953994751,-0.12699389457702637,-0.11884896457195282,-0.11933354288339615,-0.1250387728214264,-0.1193750873208046,-0.12274741381406784,-0.1213720291852951,-0.11698855459690094,-0.12185903638601303,-0.12300307303667068,-0.11829569190740585,-0.11808803677558899,-0.11811447143554688,-0.12133634835481644,-0.12062321603298187,-0.1298917829990387,-0.18015393614768982,-0.2110491693019867
train,ICBHI_132,132_2b1_Lr_mc_LittC2SE,/home/sahith/projects/minor_project_408/data/raw/audio_and_text_files/132_2b1_Lr_mc_LittC2SE.wav,LittC2SE,0.1981537789106369,0.02978944033384323,0.17614997923374176,-0.2110491693019867,0.07961500436067581,-0.04584099352359772,0.04606662690639496,-0.06653998047113419,0.008882244117558002,-0.11075723171234131,-0.048250772058963776,-0.10870736837387085,-0.09019485861063004,-0.10283664613962173,-0.12419189512729645,-0.09475832432508469,-0.1312970072031021,-0.11558184772729874,-0.11250865459442139,-0.12447799742221832,-0.11067429184913635,-0.10660824924707413,-0.119358129799366,-0.1184908077120781,-0.11696280539035797,-0.1320926398038864,-0.13239607214927673,-0.13274067640304565,-0.12513622641563416,-0.13038606941699982,-0.12613311409950256,-0.12533017992973328,-0.12851180136203766,-0.12711721658706665,-0.1313825100660324,-0.13538211584091187,-0.13686548173427582,-0.14101462066173553,-0.14317269623279572,-0.1412397176027298,-0.13427549600601196,-0.12713837623596191,-0.12350660562515259,-0.1258443146944046,-0.13236656785011292,-0.14201052486896515,-0.15028394758701324,-0.15292344987392426,-0.1478901207447052,-0.14652366936206818,-0.14441728591918945,-0.14673800766468048,-0.15491904318332672,-0.15920382738113403,-0.17103803157806396,-0.17340323328971863,-0.16600336134433746,-0.16403912007808685,-0.16518139839172363,-0.1562231183052063,-0.16493745148181915,-0.1650800257921219,-0.169852614402771,-0.16773585975170135,-0.17877842485904694,-0.17308850586414337,-0.1735236644744873,-0.1672317087650299,-0.15665389597415924,-0.15674643218517303,-0.15759189426898956,-0.16308371722698212,-0.1665988713502884,-0.1655370593070984,-0.16120029985904694,-0.160467728972435,-0.16471123695373535,-0.16382472217082977,-0.1600387692451477,-0.1546192765235901,-0.1478177160024643,-0.14769871532917023,-0.15347573161125183,-0.16247349977493286,-0.16140706837177277,-0.14697617292404175,-0.1416526734828949,-0.1431938260793686,-0.14646896719932556,-0.14801445603370667,-0.1440040022134781,-0.14154160022735596,-0.14520472288131714,-0.14255031943321228,-0.1342073678970337,-0.13389630615711212,-0.14103497564792633,-0.14269018173217773,-0.1356162577867508,-0.12832628190517426,-0.13212089240550995,-0.13423371315002441,-0.1291337013244629,-0.12922535836696625,-0.1284698098897934,-0.12496162205934525,-0.12747357785701752,-0.12765957415103912,-0.12160837650299072,-0.12343364953994751,-0.12699389457702637,-0.11884896457195282,-0.11933354288339615,-0.1250387728214264,-0.1193750873208046,-0.12274741381406784,-0.1213720291852951,-0.11698855459690094,-0.12185903638601303,-0.12300307303667068,-0.11829569190740585,-0.11808803677558899,-0.11811447143554688,-0.12133634835481644,-0.12062321603298187,-0.1298917829990387,-0.18015393614768982,-0.2110491693019867
train,ICBHI_132,132_2b1_Lr_mc_LittC2SE,/home/sahith/projects/minor_project_408/data/raw/audio_and_text_files/132_2b1_Lr_mc_LittC2SE.wav,LittC2SE,0.1981537789106369,0.02978944033384323,0.17614997923374176,-0.2110491693019867,0.07961500436067581,-0.04584099352359772,0.04606662690639496,-0.06653998047113419,0.008882244117558002,-0.11075723171234131,-0.048250772058963776,-0.10870736837387085,-0.09019485861063004,-0.10283664613962173,-0.12419189512729645,-0.09475832432508469,-0.1312970072031021,-0.11558184772729874,-0.11250865459442139,-0.12447799742221832,-0.11067429184913635,-0.10660824924707413,-0.119358129799366,-0.1184908077120781,-0.11696280539035797,-0.1320926398038864,-0.13239607214927673,-0.13274067640304565,-0.12513622641563416,-0.13038606941699982,-0.12613311409950256,-0.12533017992973328,-0.12851180136203766,-0.12711721658706665,-0.1313825100660324,-0.13538211584091187,-0.13686548173427582,-0.14101462066173553,-0.14317269623279572,-0.1412397176027298,-0.13427549600601196,-0.12713837623596191,-0.12350660562515259,-0.1258443146944046,-0.13236656785011292,-0.14201052486896515,-0.15028394758701324,-0.15292344987392426,-0.1478901207447052,-0.14652366936206818,-0.14441728591918945,-0.14673800766468048,-0.15491904318332672,-0.15920382738113403,-0.17103803157806396,-0.17340323328971863,-0.16600336134433746,-0.16403912007808685,-0.16518139839172363,-0.1562231183052063,-0.16493745148181915,-0.1650800257921219,-0.169852614402771,-0.16773585975170135,-0.17877842485904694,-0.17308850586414337,-0.1735236644744873,-0.1672317087650299,-0.15665389597415924,-0.15674643218517303,-0.15759189426898956,-0.16308371722698212,-0.1665988713502884,-0.1655370593070984,-0.16120029985904694,-0.160467728972435,-0.16471123695373535,-0.16382472217082977,-0.1600387692451477,-0.1546192765235901,-0.1478177160024643,-0.14769871532917023,-0.15347573161125183,-0.16247349977493286,-0.16140706837177277,-0.14697617292404175,-0.1416526734828949,-0.1431938260793686,-0.14646896719932556,-0.14801445603370667,-0.1440040022134781,-0.14154160022735596,-0.14520472288131714,-0.14255031943321228,-0.1342073678970337,-0.13389630615711212,-0.14103497564792633,-0.14269018173217773,-0.1356162577867508,-0.12832628190517426,-0.13212089240550995,-0.13423371315002441,-0.1291337013244629,-0.12922535836696625,-0.1284698098897934,-0.12496162205934525,-0.12747357785701752,-0.12765957415103912,-0.12160837650299072,-0.12343364953994751,-0.12699389457702637,-0.11884896457195282,-0.11933354288339615,-0.1250387728214264,-0.1193750873208046,-0.12274741381406784,-0.1213720291852951,-0.11698855459690094,-0.12185903638601303,-0.12300307303667068,-0.11829569190740585,-0.11808803677558899,-0.11811447143554688,-0.12133634835481644,-0.12062321603298187,-0.1298917829990387,-0.18015393614768982,-0.2110491693019867
train,ICBHI_132,132_2b1_Lr_mc_LittC2SE,/home/sahith/projects/minor_project_408/data/raw/audio_and_text_files/132_2b1_Lr_mc_LittC2SE.wav,LittC2SE,0.1981537789106369,0.02978944033384323,0.17614997923374176,-0.2110491693019867,0.07961500436067581,-0.04584099352359772,0.04606662690639496,-0.06653998047113419,0.008882244117558002,-0.11075723171234131,-0.048250772058963776,-0.10870736837387085,-0.09019485861063004,-0.10283664613962173,-0.12419189512729645,-0.09475832432508469,-0.1312970072031021,-0.11558184772729874,-0.11250865459442139,-0.12447799742221832,-0.11067429184913635,-0.10660824924707413,-0.119358129799366,-0.1184908077120781,-0.11696280539035797,-0.1320926398038864,-0.13239607214927673,-0.13274067640304565,-0.12513622641563416,-0.13038606941699982,-0.12613311409950256,-0.12533017992973328,-0.12851180136203766,-0.12711721658706665,-0.1313825100660324,-0.13538211584091187,-0.13686548173427582,-0.14101462066173553,-0.14317269623279572,-0.1412397176027298,-0.13427549600601196,-0.12713837623596191,-0.12350660562515259,-0.1258443146944046,-0.13236656785011292,-0.14201052486896515,-0.15028394758701324,-0.15292344987392426,-0.1478901207447052,-0.14652366936206818,-0.14441728591918945,-0.14673800766468048,-0.15491904318332672,-0.15920382738113403,-0.17103803157806396,-0.17340323328971863,-0.16600336134433746,-0.16403912007808685,-0.16518139839172363,-0.1562231183052063,-0.16493745148181915,-0.1650800257921219,-0.169852614402771,-0.16773585975170135,-0.17877842485904694,-0.17308850586414337,-0.1735236644744873,-0.1672317087650299,-0.15665389597415924,-0.15674643218517303,-0.15759189426898956,-0.16308371722698212,-0.1665988713502884,-0.1655370593070984,-0.16120029985904694,-0.160467728972435,-0.16471123695373535,-0.16382472217082977,-0.1600387692451477,-0.1546192765235901,-0.1478177160024643,-0.14769871532917023,-0.15347573161125183,-0.16247349977493286,-0.16140706837177277,-0.14697617292404175,-0.1416526734828949,-0.1431938260793686,-0.14646896719932556,-0.14801445603370667,-0.1440040022134781,-0.14154160022735596,-0.14520472288131714,-0.14255031943321228,-0.1342073678970337,-0.13389630615711212,-0.14103497564792633,-0.14269018173217773,-0.1356162577867508,-0.12832628190517426,-0.13212089240550995,-0.13423371315002441,-0.1291337013244629,-0.12922535836696625,-0.1284698098897934,-0.12496162205934525,-0.12747357785701752,-0.12765957415103912,-0.12160837650299072,-0.12343364953994751,-0.12699389457702637,-0.11884896457195282,-0.11933354288339615,-0.1250387728214264,-0.1193750873208046,-0.12274741381406784,-0.1213720291852951,-0.11698855459690094,-0.12185903638601303,-0.12300307303667068,-0.11829569190740585,-0.11808803677558899,-0.11811447143554688,-0.12133634835481644,-0.12062321603298187,-0.1298917829990387,-0.18015393614768982,-0.2110491693019867
train,ICBHI_132,132_2b1_Lr_mc_LittC2SE,/home/sahith/projects/minor_project_408/data/raw/audio_and_text_files/132_2b1_Lr_mc_LittC2SE.wav,LittC2SE,0.1981537789106369,0.02978944033384323,0.17614997923374176,-0.2110491693019867,0.07961500436067581,-0.04584099352359772,0.04606662690639496,-0.06653998047113419,0.008882244117558002,-0.11075723171234131,-0.048250772058963776,-0.10870736837387085,-0.09019485861063004,-0.10283664613962173,-0.12419189512729645,-0.09475832432508469,-0.1312970072031021,-0.11558184772729874,-0.11250865459442139,-0.12447799742221832,-0.11067429184913635,-0.10660824924707413,-0.119358129799366,-0.1184908077120781,-0.11696280539035797,-0.1320926398038864,-0.13239607214927673,-0.13274067640304565,-0.12513622641563416,-0.13038606941699982,-0.12613311409950256,-0.12533017992973328,-0.12851180136203766,-0.12711721658706665,-0.1313825100660324,-0.13538211584091187,-0.13686548173427582,-0.14101462066173553,-0.14317269623279572,-0.1412397176027298,-0.13427549600601196,-0.12713837623596191,-0.12350660562515259,-0.1258443146944046,-0.13236656785011292,-0.14201052486896515,-0.15028394758701324,-0.15292344987392426,-0.1478901207447052,-0.14652366936206818,-0.14441728591918945,-0.14673800766468048,-0.15491904318332672,-0.15920382738113403,-0.17103803157806396,-0.17340323328971863,-0.16600336134433746,-0.16403912007808685,-0.16518139839172363,-0.1562231183052063,-0.16493745148181915,-0.1650800257921219,-0.169852614402771,-0.16773585975170135,-0.17877842485904694,-0.17308850586414337,-0.1735236644744873,-0.1672317087650299,-0.15665389597415924,-0.15674643218517303,-0.15759189426898956,-0.16308371722698212,-0.1665988713502884,-0.1655370593070984,-0.16120029985904694,-0.160467728972435,-0.16471123695373535,-0.16382472217082977,-0.1600387692451477,-0.1546192765235901,-0.1478177160024643,-0.14769871532917023,-0.15347573161125183,-0.16247349977493286,-0.16140706837177277,-0.14697617292404175,-0.1416526734828949,-0.1431938260793686,-0.14646896719932556,-0.14801445603370667,-0.1440040022134781,-0.14154160022735596,-0.14520472288131714,-0.14255031943321228,-0.1342073678970337,-0.13389630615711212,-0.14103497564792633,-0.14269018173217773,-0.1356162577867508,-0.12832628190517426,-0.13212089240550995,-0.13423371315002441,-0.1291337013244629,-0.12922535836696625,-0.1284698098897934,-0.12496162205934525,-0.12747357785701752,-0.12765957415103912,-0.12160837650299072,-0.12343364953994751,-0.12699389457702637,-0.11884896457195282,-0.11933354288339615,-0.1250387728214264,-0.1193750873208046,-0.12274741381406784,-0.1213720291852951,-0.11698855459690094,-0.12185903638601303,-0.12300307303667068,-0.11829569190740585,-0.11808803677558899,-0.11811447143554688,-0.12133634835481644,-0.12062321603298187,-0.1298917829990387,-0.18015393614768982,-0.2110491693019867
train,ICBHI_132,132_2b1_Lr_mc_LittC2SE,/home/sahith/projects/minor_project_408/data/raw/audio_and_text_files/132_2b1_Lr_mc_LittC2SE.wav,LittC2SE,0.1981537789106369,0.02978944033384323,0.17614997923374176,-0.2110491693019867,0.07961500436067581,-0.04584099352359772,0.04606662690639496,-0.06653998047113419,0.008882244117558002,-0.11075723171234131,-0.048250772058963776,-0.10870736837387085,-0.09019485861063004,-0.10283664613962173,-0.12419189512729645,-0.09475832432508469,-0.1312970072031021,-0.11558184772729874,-0.11250865459442139,-0.12447799742221832,-0.11067429184913635,-0.10660824924707413,-0.119358129799366,-0.1184908077120781,-0.11696280539035797,-0.1320926398038864,-0.13239607214927673,-0.13274067640304565,-0.12513622641563416,-0.13038606941699982,-0.12613311409950256,-0.12533017992973328,-0.12851180136203766,-0.12711721658706665,-0.1313825100660324,-0.13538211584091187,-0.13686548173427582,-0.14101462066173553,-0.14317269623279572,-0.1412397176027298,-0.13427549600601196,-0.12713837623596191,-0.12350660562515259,-0.1258443146944046,-0.13236656785011292,-0.14201052486896515,-0.15028394758701324,-0.15292344987392426,-0.1478901207447052,-0.14652366936206818,-0.14441728591918945,-0.14673800766468048,-0.15491904318332672,-0.15920382738113403,-0.17103803157806396,-0.17340323328971863,-0.16600336134433746,-0.16403912007808685,-0.16518139839172363,-0.1562231183052063,-0.16493745148181915,-0.1650800257921219,-0.169852614402771,-0.16773585975170135,-0.17877842485904694,-0.17308850586414337,-0.1735236644744873,-0.1672317087650299,-0.15665389597415924,-0.15674643218517303,-0.15759189426898956,-0.16308371722698212,-0.1665988713502884,-0.1655370593070984,-0.16120029985904694,-0.160467728972435,-0.16471123695373535,-0.16382472217082977,-0.1600387692451477,-0.1546192765235901,-0.1478177160024643,-0.14769871532917023,-0.15347573161125183,-0.16247349977493286,-0.16140706837177277,-0.14697617292404175,-0.1416526734828949,-0.1431938260793686,-0.14646896719932556,-0.14801445603370667,-0.1440040022134781,-0.14154160022735596,-0.14520472288131714,-0.14255031943321228,-0.1342073678970337,-0.13389630615711212,-0.14103497564792633,-0.14269018173217773,-0.1356162577867508,-0.12832628190517426,-0.13212089240550995,-0.13423371315002441,-0.1291337013244629,-0.12922535836696625,-0.1284698098897934,-0.12496162205934525,-0.12747357785701752,-0.12765957415103912,-0.12160837650299072,-0.12343364953994751,-0.12699389457702637,-0.11884896457195282,-0.11933354288339615,-0.1250387728214264,-0.1193750873208046,-0.12274741381406784,-0.1213720291852951,-0.11698855459690094,-0.12185903638601303,-0.12300307303667068,-0.11829569190740585,-0.11808803677558899,-0.11811447143554688,-0.12133634835481644,-0.12062321603298187,-0.1298917829990387,-0.18015393614768982,-0.2110491693019867
train,ICBHI_132,132_2b1_Lr_mc_LittC2SE,/home/sahith/projects/minor_project_408/data/raw/audio_and_text_files/132_2b1_Lr_mc_LittC2SE.wav,LittC2SE,0.1981537789106369,0.02978944033384323,0.17614997923374176,-0.2110491693019867,0.07961500436067581,-0.04584099352359772,0.04606662690639496,-0.06653998047113419,0.008882244117558002,-0.11075723171234131,-0.048250772058963776,-0.10870736837387085,-0.09019485861063004,-0.10283664613962173,-0.12419189512729645,-0.09475832432508469,-0.1312970072031021,-0.11558184772729874,-0.11250865459442139,-0.12447799742221832,-0.11067429184913635,-0.10660824924707413,-0.119358129799366,-0.1184908077120781,-0.11696280539035797,-0.1320926398038864,-0.13239607214927673,-0.13274067640304565,-0.12513622641563416,-0.13038606941699982,-0.12613311409950256,-0.12533017992973328,-0.12851180136203766,-0.12711721658706665,-0.1313825100660324,-0.13538211584091187,-0.13686548173427582,-0.14101462066173553,-0.14317269623279572,-0.1412397176027298,-0.13427549600601196,-0.12713837623596191,-0.12350660562515259,-0.1258443146944046,-0.13236656785011292,-0.14201052486896515,-0.15028394758701324,-0.15292344987392426,-0.1478901207447052,-0.14652366936206818,-0.14441728591918945,-0.14673800766468048,-0.15491904318332672,-0.15920382738113403,-0.17103803157806396,-0.17340323328971863,-0.16600336134433746,-0.16403912007808685,-0.16518139839172363,-0.1562231183052063,-0.16493745148181915,-0.1650800257921219,-0.169852614402771,-0.16773585975170135,-0.17877842485904694,-0.17308850586414337,-0.1735236644744873,-0.1672317087650299,-0.15665389597415924,-0.15674643218517303,-0.15759189426898956,-0.16308371722698212,-0.1665988713502884,-0.1655370593070984,-0.16120029985904694,-0.160467728972435,-0.16471123695373535,-0.16382472217082977,-0.1600387692451477,-0.1546192765235901,-0.1478177160024643,-0.14769871532917023,-0.15347573161125183,-0.16247349977493286,-0.16140706837177277,-0.14697617292404175,-0.1416526734828949,-0.1431938260793686,-0.14646896719932556,-0.14801445603370667,-0.1440040022134781,-0.14154160022735596,-0.14520472288131714,-0.14255031943321228,-0.1342073678970337,-0.13389630615711212,-0.14103497564792633,-0.14269018173217773,-0.1356162577867508,-0.12832628190517426,-0.13212089240550995,-0.13423371315002441,-0.1291337013244629,-0.12922535836696625,-0.1284698098897934,-0.12496162205934525,-0.12747357785701752,-0.12765957415103912,-0.12160837650299072,-0.12343364953994751,-0.12699389457702637,-0.11884896457195282,-0.11933354288339615,-0.1250387728214264,-0.1193750873208046,-0.12274741381406784,-0.1213720291852951,-0.11698855459690094,-0.12185903638601303,-0.12300307303667068,-0.11829569190740585,-0.11808803677558899,-0.11811447143554688,-0.12133634835481644,-0.12062321603298187,-0.1298917829990387,-0.18015393614768982,-0.2110491693019867
train,ICBHI_132,132_2b2_Lr_mc_LittC2SE,/home/sahith/projects/minor_project_408/data/raw/audio_and_text_files/132_2b2_Lr_mc_LittC2SE.wav,LittC2SE,0.22082427144050598,0.05287408083677292,0.1990804225206375,-0.2110491693019867,0.09857673197984695,-0.0277864933013916,0.058187052607536316,-0.051963455975055695,0.023905599489808083,-0.08953322470188141,-0.025517122820019722,-0.08650998026132584,-0.06736587733030319,-0.08352202922105789,-0.10602311789989471,-0.07256025820970535,-0.11178886145353317,-0.09492942690849304,-0.09061497449874878,-0.10332974791526794,-0.09134514629840851,-0.08648908883333206,-0.09662687033414841,-0.09481220692396164,-0.09545118361711502,-0.11117403954267502,-0.11222056299448013,-0.11660148948431015,-0.11500169336795807,-0.11676573008298874,-0.11297663301229477,-0.11183715611696243,-0.11556927114725113,-0.1171392947435379,-0.12314168363809586,-0.1272841989994049,-0.13011737167835236,-0.13220252096652985,-0.13405223190784454,-0.1321321278810501,-0.12512078881263733,-0.11874546110630035,-0.11738333851099014,-0.12100891023874283,-0.1283368617296219,-0.13629499077796936,-0.14177680015563965,-0.14529219269752502,-0.14244195818901062,-0.13885459303855896,-0.13324430584907532,-0.13522639870643616,-0.14669020473957062,-0.1547844260931015,-0.16745619475841522,-0.16907072067260742,-0.16398517787456512,-0.16436251997947693,-0.16348308324813843,-0.1518683135509491,-0.15748457610607147,-0.15531998872756958,-0.1667616218328476,-0.16744035482406616,-0.17512257397174835,-0.17099037766456604,-0.17271167039871216,-0.1662081778049469,-0.15374937653541565,-0.15585194528102875,-0.15680526196956635,-0.1584007889032364,-0.15979266166687012,-0.15946988761425018,-0.15883967280387878,-0.16126878559589386,-0.16735202074050903,-0.1667725294828415,-0.1617199182510376,-0.15253454446792603,-0.14816153049468994,-0.15006542205810547,-0.15535882115364075,-0.15947239100933075,-0.16074040532112122,-0.1511969119310379,-0.14333072304725647,-0.1476220041513443,-0.14895594120025635,-0.14601460099220276,-0.13824743032455444,-0.13920791447162628,-0.14840589463710785,-0.14582659304141998,-0.13565070927143097,-0.132964089512825,-0.1391584575176239,-0.14200086891651154,-0.13404403626918793,-0.13164496421813965,-0.13336297869682312,-0.13317199051380157,-0.1305992305278778,-0.13297007977962494,-0.13432040810585022,-0.12839661538600922,-0.12806165218353271,-0.1294751614332199,-0.1261494755744934,-0.12627553939819336,-0.12711182236671448,-0.12451691925525665,-0.12461809068918228,-0.1234062910079956,-0.11920545250177383,-0.1216723620891571,-0.12528666853904724,-0.12203048914670944,-0.12332198023796082,-0.12110800296068192,-0.11965346336364746,-0.12105072289705276,-0.11870314180850983,-0.12078715860843658,-0.12463010102510452,-0.130848228931427,-0.1803586632013321,-0.2110491693019867
train,ICBHI_132,132_2b2_Lr_mc_LittC2SE,/home/sahith/projects/minor_project_408/data/raw/audio_and_text_files/132_2b2_Lr_mc_LittC2SE.wav,LittC2SE,0.22082427144050598,0.05287408083677292,0.1990804225206375,-0.2110491693019867,0.09857673197984695,-0.0277864933013916,0.058187052607536316,-0.051963455975055695,0.023905599489808083,-0.08953322470188141,-0.025517122820019722,-0.08650998026132584,-0.06736587733030319,-0.08352202922105789,-0.10602311789989471,-0.07256025820970535,-0.11178886145353317,-0.09492942690849304,-0.09061497449874878,-0.10332974791526794,-0.09134514629840851,-0.08648908883333206,-0.09662687033414841,-0.09481220692396164,-0.09545118361711502,-0.11117403954267502,-0.11222056299448013,-0.11660148948431015,-0.11500169336795807,-0.11676573008298874,-0.11297663301229477,-0.11183715611696243,-0.11556927114725113,-0.1171392947435379,-0.12314168363809586,-0.1272841989994049,-0.13011737167835236,-0.13220252096652985,-0.13405223190784454,-0.1321321278810501,-0.12512078881263733,-0.11874546110630035,-0.11738333851099014,-0.12100891023874283,-0.1283368617296219,-0.13629499077796936,-0.14177680015563965,-0.14529219269752502,-0.14244195818901062,-0.13885459303855896,-0.13324430584907532,-0.13522639870643616,-0.14669020473957062,-0.1547844260931015,-0.16745619475841522,-0.16907072067260742,-0.16398517787456512,-0.16436251997947693,-0.16348308324813843,-0.1518683135509491,-0.15748457610607147,-0.15531998872756958,-0.1667616218328476,-0.16744035482406616,-0.17512257397174835,-0.17099037766456604,-0.17271167039871216,-0.1662081778049469,-0.15374937653541565,-0.15585194528102875,-0.15680526196956635,-0.1584007889032364,-0.15979266166687012,-0.15946988761425018,-0.15883967280387878,-0.16126878559589386,-0.16735202074050903,-0.1667725294828415,-0.1617199182510376,-0.15253454446792603,-0.14816153049468994,-0.15006542205810547,-0.15535882115364075,-0.15947239100933075,-0.16074040532112122,-0.1511969119310379,-0.14333072304725647,-0.1476220041513443,-0.14895594120025635,-0.14601460099220276,-0.13824743032455444,-0.13920791447162628,-0.14840589463710785,-0.14582659304141998,-0.13565070927143097,-0.132964089512825,-0.1391584575176239,-0.14200086891651154,-0.13404403626918793,-0.13164496421813965,-0.13336297869682312,-0.13317199051380157,-0.1305992305278778,-0.13297007977962494,-0.13432040810585022,-0.12839661538600922,-0.12806165218353271,-0.1294751614332199,-0.1261494755744934,-0.12627553939819336,-0.12711182236671448,-0.12451691925525665,-0.12461809068918228,-0.1234062910079956,-0.11920545250177383,-0.1216723620891571,-0.12528666853904724,-0.12203048914670944,-0.12332198023796082,-0.12110800296068192,-0.11965346336364746,-0.12105072289705276,-0.11870314180850983,-0.12078715860843658,-0.12463010102510452,-0.130848228931427,-0.1803586632013321,-0.2110491693019867
train,ICBHI_132,132_2b2_Lr_mc_LittC2SE,/home/sahith/projects/minor_project_408/data/raw/audio_and_text_files/132_2b2_Lr_mc_LittC2SE.wav,LittC2SE,0.22082427144050598,0.05287408083677292,0.1990804225206375,-0.2110491693019867,0.09857673197984695,-0.0277864933013916,0.058187052607536316,-0.051963455975055695,0.023905599489808083,-0.08953322470188141,-0.025517122820019722,-0.08650998026132584,-0.06736587733030319,-0.08352202922105789,-0.10602311789989471,-0.07256025820970535,-0.11178886145353317,-0.09492942690849304,-0.09061497449874878,-0.10332974791526794,-0.09134514629840851,-0.08648908883333206,-0.09662687033414841,-0.09481220692396164,-0.09545118361711502,-0.11117403954267502,-0.11222056299448013,-0.11660148948431015,-0.11500169336795807,-0.11676573008298874,-0.11297663301229477,-0.11183715611696243,-0.11556927114725113,-0.1171392947435379,-0.12314168363809586,-0.1272841989994049,-0.13011737167835236,-0.13220252096652985,-0.13405223190784454,-0.1321321278810501,-0.12512078881263733,-0.11874546110630035,-0.11738333851099014,-0.12100891023874283,-0.1283368617296219,-0.13629499077796936,-0.14177680015563965,-0.14529219269752502,-0.14244195818901062,-0.13885459303855896,-0.13324430584907532,-0.13522639870643616,-0.14669020473957062,-0.1547844260931015,-0.16745619475841522,-0.16907072067260742,-0.16398517787456512,-0.16436251997947693,-0.16348308324813843,-0.1518683135509491,-0.15748457610607147,-0.15531998872756958,-0.1667616218328476,-0.16744035482406616,-0.17512257397174835,-0.17099037766456604,-0.17271167039871216,-0.1662081778049469,-0.15374937653541565,-0.15585194528102875,-0.15680526196956635,-0.1584007889032364,-0.15979266166687012,-0.15946988761425018,-0.15883967280387878,-0.16126878559589386,-0.16735202074050903,-0.1667725294828415,-0.1617199182510376,-0.15253454446792603,-0.14816153049468994,-0.15006542205810547,-0.15535882115364075,-0.15947239100933075,-0.16074040532112122,-0.1511969119310379,-0.14333072304725647,-0.1476220041513443,-0.14895594120025635,-0.14601460099220276,-0.13824743032455444,-0.13920791447162628,-0.14840589463710785,-0.14582659304141998,-0.13565070927143097,-0.132964089512825,-0.1391584575176239,-0.14200086891651154,-0.13404403626918793,-0.13164496421813965,-0.13336297869682312,-0.13317199051380157,-0.1305992305278778,-0.13297007977962494,-0.13432040810585022,-0.12839661538600922,-0.12806165218353271,-0.1294751614332199,-0.1261494755744934,-0.12627553939819336,-0.12711182236671448,-0.12451691925525665,-0.12461809068918228,-0.1234062910079956,-0.11920545250177383,-0.1216723620891571,-0.12528666853904724,-0.12203048914670944,-0.12332198023796082,-0.12110800296068192,-0.11965346336364746,-0.12105072289705276,-0.11870314180850983,-0.12078715860843658,-0.12463010102510452,-0.130848228931427,-0.1803586632013321,-0.2110491693019867
train,ICBHI_132,132_2b2_Lr_mc_LittC2SE,/home/sahith/projects/minor_project_408/data/raw/audio_and_text_files/132_2b2_Lr_mc_LittC2SE.wav,LittC2SE,0.22082427144050598,0.05287408083677292,0.1990804225206375,-0.2110491693019867,0.09857673197984695,-0.0277864933013916,0.058187052607536316,-0.051963455975055695,0.023905599489808083,-0.08953322470188141,-0.025517122820019722,-0.08650998026132584,-0.06736587733030319,-0.08352202922105789,-0.10602311789989471,-0.07256025820970535,-0.11178886145353317,-0.09492942690849304,-0.09061497449874878,-0.10332974791526794,-0.09134514629840851,-0.08648908883333206,-0.09662687033414841,-0.09481220692396164,-0.09545118361711502,-0.11117403954267502,-0.11222056299448013,-0.11660148948431015,-0.11500169336795807,-0.11676573008298874,-0.11297663301229477,-0.11183715611696243,-0.11556927114725113,-0.1171392947435379,-0.12314168363809586,-0.1272841989994049,-0.13011737167835236,-0.13220252096652985,-0.13405223190784454,-0.1321321278810501,-0.12512078881263733,-0.11874546110630035,-0.11738333851099014,-0.12100891023874283,-0.1283368617296219,-0.13629499077796936,-0.14177680015563965,-0.14529219269752502,-0.14244195818901062,-0.13885459303855896,-0.13324430584907532,-0.13522639870643616,-0.14669020473957062,-0.1547844260931015,-0.16745619475841522,-0.16907072067260742,-0.16398517787456512,-0.16436251997947693,-0.16348308324813843,-0.1518683135509491,-0.15748457610607147,-0.15531998872756958,-0.1667616218328476,-0.16744035482406616,-0.17512257397174835,-0.17099037766456604,-0.17271167039871216,-0.1662081778049469,-0.15374937653541565,-0.15585194528102875,-0.15680526196956635,-0.1584007889032364,-0.15979266166687012,-0.15946988761425018,-0.15883967280387878,-0.16126878559589386,-0.16735202074050903,-0.1667725294828415,-0.1617199182510376,-0.15253454446792603,-0.14816153049468994,-0.15006542205810547,-0.15535882115364075,-0.15947239100933075,-0.16074040532112122,-0.1511969119310379,-0.14333072304725647,-0.1476220041513443,-0.14895594120025635,-0.14601460099220276,-0.13824743032455444,-0.13920791447162628,-0.14840589463710785,-0.14582659304141998,-0.13565070927143097,-0.132964089512825,-0.1391584575176239,-0.14200086891651154,-0.13404403626918793,-0.13164496421813965,-0.13336297869682312,-0.13317199051380157,-0.1305992305278778,-0.13297007977962494,-0.13432040810585022,-0.12839661538600922,-0.12806165218353271,-0.1294751614332199,-0.1261494755744934,-0.12627553939819336,-0.12711182236671448,-0.12451691925525665,-0.12461809068918228,-0.1234062910079956,-0.11920545250177383,-0.1216723620891571,-0.12528666853904724,-0.12203048914670944,-0.12332198023796082,-0.12110800296068192,-0.11965346336364746,-0.12105072289705276,-0.11870314180850983,-0.12078715860843658,-0.12463010102510452,-0.130848228931427,-0.1803586632013321,-0.2110491693019867
train,ICBHI_132,132_2b2_Lr_mc_LittC2SE,/home/sahith/projects/minor_project_408/data/raw/audio_and_text_files/132_2b2_Lr_mc_LittC2SE.wav,LittC2SE,0.22082427144050598,0.05287408083677292,0.1990804225206375,-0.2110491693019867,0.09857673197984695,-0.0277864933013916,0.058187052607536316,-0.051963455975055695,0.023905599489808083,-0.08953322470188141,-0.025517122820019722,-0.08650998026132584,-0.06736587733030319,-0.08352202922105789,-0.10602311789989471,-0.07256025820970535,-0.11178886145353317,-0.09492942690849304,-0.09061497449874878,-0.10332974791526794,-0.09134514629840851,-0.08648908883333206,-0.09662687033414841,-0.09481220692396164,-0.09545118361711502,-0.11117403954267502,-0.11222056299448013,-0.11660148948431015,-0.11500169336795807,-0.11676573008298874,-0.11297663301229477,-0.11183715611696243,-0.11556927114725113,-0.1171392947435379,-0.12314168363809586,-0.1272841989994049,-0.13011737167835236,-0.13220252096652985,-0.13405223190784454,-0.1321321278810501,-0.12512078881263733,-0.11874546110630035,-0.11738333851099014,-0.12100891023874283,-0.1283368617296219,-0.13629499077796936,-0.14177680015563965,-0.14529219269752502,-0.14244195818901062,-0.13885459303855896,-0.13324430584907532,-0.13522639870643616,-0.14669020473957062,-0.1547844260931015,-0.16745619475841522,-0.16907072067260742,-0.16398517787456512,-0.16436251997947693,-0.16348308324813843,-0.1518683135509491,-0.15748457610607147,-0.15531998872756958,-0.1667616218328476,-0.16744035482406616,-0.17512257397174835,-0.17099037766456604,-0.17271167039871216,-0.1662081778049469,-0.15374937653541565,-0.15585194528102875,-0.15680526196956635,-0.1584007889032364,-0.15979266166687012,-0.15946988761425018,-0.15883967280387878,-0.16126878559589386,-0.16735202074050903,-0.1667725294828415,-0.1617199182510376,-0.15253454446792603,-0.14816153049468994,-0.15006542205810547,-0.15535882115364075,-0.15947239100933075,-0.16074040532112122,-0.1511969119310379,-0.14333072304725647,-0.1476220041513443,-0.14895594120025635,-0.14601460099220276,-0.13824743032455444,-0.13920791447162628,-0.14840589463710785,-0.14582659304141998,-0.13565070927143097,-0.132964089512825,-0.1391584575176239,-0.14200086891651154,-0.13404403626918793,-0.13164496421813965,-0.13336297869682312,-0.13317199051380157,-0.1305992305278778,-0.13297007977962494,-0.13432040810585022,-0.12839661538600922,-0.12806165218353271,-0.1294751614332199,-0.1261494755744934,-0.12627553939819336,-0.12711182236671448,-0.12451691925525665,-0.12461809068918228,-0.1234062910079956,-0.11920545250177383,-0.1216723620891571,-0.12528666853904724,-0.12203048914670944,-0.12332198023796082,-0.12110800296068192,-0.11965346336364746,-0.12105072289705276,-0.11870314180850983,-0.12078715860843658,-0.12463010102510452,-0.130848228931427,-0.1803586632013321,-0.2110491693019867
train,ICBHI_132,132_2b2_Lr_mc_LittC2SE,/home/sahith/projects/minor_project_408/data/raw/audio_and_text_files/132_2b2_Lr_mc_LittC2SE.wav,LittC2SE,0.22082427144050598,0.05287408083677292,0.1990804225206375,-0.2110491693019867,0.09857673197984695,-0.0277864933013916,0.058187052607536316,-0.051963455975055695,0.023905599489808083,-0.08953322470188141,-0.025517122820019722,-0.08650998026132584,-0.06736587733030319,-0.08352202922105789,-0.10602311789989471,-0.07256025820970535,-0.11178886145353317,-0.09492942690849304,-0.09061497449874878,-0.10332974791526794,-0.09134514629840851,-0.08648908883333206,-0.09662687033414841,-0.09481220692396164,-0.09545118361711502,-0.11117403954267502,-0.11222056299448013,-0.11660148948431015,-0.11500169336795807,-0.11676573008298874,-0.11297663301229477,-0.11183715611696243,-0.11556927114725113,-0.1171392947435379,-0.12314168363809586,-0.1272841989994049,-0.13011737167835236,-0.13220252096652985,-0.13405223190784454,-0.1321321278810501,-0.12512078881263733,-0.11874546110630035,-0.11738333851099014,-0.12100891023874283,-0.1283368617296219,-0.13629499077796936,-0.14177680015563965,-0.14529219269752502,-0.14244195818901062,-0.13885459303855896,-0.13324430584907532,-0.13522639870643616,-0.14669020473957062,-0.1547844260931015,-0.16745619475841522,-0.16907072067260742,-0.16398517787456512,-0.16436251997947693,-0.16348308324813843,-0.1518683135509491,-0.15748457610607147,-0.15531998872756958,-0.1667616218328476,-0.16744035482406616,-0.17512257397174835,-0.17099037766456604,-0.17271167039871216,-0.1662081778049469,-0.15374937653541565,-0.15585194528102875,-0.15680526196956635,-0.1584007889032364,-0.15979266166687012,-0.15946988761425018,-0.15883967280387878,-0.16126878559589386,-0.16735202074050903,-0.1667725294828415,-0.1617199182510376,-0.15253454446792603,-0.14816153049468994,-0.15006542205810547,-0.15535882115364075,-0.15947239100933075,-0.16074040532112122,-0.1511969119310379,-0.14333072304725647,-0.1476220041513443,-0.14895594120025635,-0.14601460099220276,-0.13824743032455444,-0.13920791447162628,-0.14840589463710785,-0.14582659304141998,-0.13565070927143097,-0.132964089512825,-0.1391584575176239,-0.14200086891651154,-0.13404403626918793,-0.13164496421813965,-0.13336297869682312,-0.13317199051380157,-0.1305992305278778,-0.13297007977962494,-0.13432040810585022,-0.12839661538600922,-0.12806165218353271,-0.1294751614332199,-0.1261494755744934,-0.12627553939819336,-0.12711182236671448,-0.12451691925525665,-0.12461809068918228,-0.1234062910079956,-0.11920545250177383,-0.1216723620891571,-0.12528666853904724,-0.12203048914670944,-0.12332198023796082,-0.12110800296068192,-0.11965346336364746,-0.12105072289705276,-0.11870314180850983,-0.12078715860843658,-0.12463010102510452,-0.130848228931427,-0.1803586632013321,-0.2110491693019867
train,ICBHI_132,132_2b2_Lr_mc_LittC2SE,/home/sahith/projects/minor_project_408/data/raw/audio_and_text_files/132_2b2_Lr_mc_LittC2SE.wav,LittC2SE,0.22082427144050598,0.05287408083677292,0.1990804225206375,-0.2110491693019867,0.09857673197984695,-0.0277864933013916,0.058187052607536316,-0.051963455975055695,0.023905599489808083,-0.08953322470188141,-0.025517122820019722,-0.08650998026132584,-0.06736587733030319,-0.08352202922105789,-0.10602311789989471,-0.07256025820970535,-0.11178886145353317,-0.09492942690849304,-0.09061497449874878,-0.10332974791526794,-0.09134514629840851,-0.08648908883333206,-0.09662687033414841,-0.09481220692396164,-0.09545118361711502,-0.11117403954267502,-0.11222056299448013,-0.11660148948431015,-0.11500169336795807,-0.11676573008298874,-0.11297663301229477,-0.11183715611696243,-0.11556927114725113,-0.1171392947435379,-0.12314168363809586,-0.1272841989994049,-0.13011737167835236,-0.13220252096652985,-0.13405223190784454,-0.1321321278810501,-0.12512078881263733,-0.11874546110630035,-0.11738333851099014,-0.12100891023874283,-0.1283368617296219,-0.13629499077796936,-0.14177680015563965,-0.14529219269752502,-0.14244195818901062,-0.13885459303855896,-0.13324430584907532,-0.13522639870643616,-0.14669020473957062,-0.1547844260931015,-0.16745619475841522,-0.16907072067260742,-0.16398517787456512,-0.16436251997947693,-0.16348308324813843,-0.1518683135509491,-0.15748457610607147,-0.15531998872756958,-0.1667616218328476,-0.16744035482406616,-0.17512257397174835,-0.17099037766456604,-0.17271167039871216,-0.1662081778049469,-0.15374937653541565,-0.15585194528102875,-0.15680526196956635,-0.1584007889032364,-0.15979266166687012,-0.15946988761425018,-0.15883967280387878,-0.16126878559589386,-0.16735202074050903,-0.1667725294828415,-0.1617199182510376,-0.15253454446792603,-0.14816153049468994,-0.15006542205810547,-0.15535882115364075,-0.15947239100933075,-0.16074040532112122,-0.1511969119310379,-0.14333072304725647,-0.1476220041513443,-0.14895594120025635,-0.14601460099220276,-0.13824743032455444,-0.13920791447162628,-0.14840589463710785,-0.14582659304141998,-0.13565070927143097,-0.132964089512825,-0.1391584575176239,-0.14200086891651154,-0.13404403626918793,-0.13164496421813965,-0.13336297869682312,-0.13317199051380157,-0.1305992305278778,-0.13297007977962494,-0.13432040810585022,-0.12839661538600922,-0.12806165218353271,-0.1294751614332199,-0.1261494755744934,-0.12627553939819336,-0.12711182236671448,-0.12451691925525665,-0.12461809068918228,-0.1234062910079956,-0.11920545250177383,-0.1216723620891571,-0.12528666853904724,-0.12203048914670944,-0.12332198023796082,-0.12110800296068192,-0.11965346336364746,-0.12105072289705276,-0.11870314180850983,-0.12078715860843658,-0.12463010102510452,-0.130848228931427,-0.1803586632013321,-0.2110491693019867
train,ICBHI_132,132_2b2_Lr_mc_LittC2SE,/home/sahith/projects/minor_project_408/data/raw/audio_and_text_files/132_2b2_Lr_mc_LittC2SE.wav,LittC2SE,0.22082427144050598,0.05287408083677292,0.1990804225206375,-0.2110491693019867,0.09857673197984695,-0.0277864933013916,0.058187052607536316,-0.051963455975055695,0.023905599489808083,-0.08953322470188141,-0.025517122820019722,-0.08650998026132584,-0.06736587733030319,-0.08352202922105789,-0.10602311789989471,-0.07256025820970535,-0.11178886145353317,-0.09492942690849304,-0.09061497449874878,-0.10332974791526794,-0.09134514629840851,-0.08648908883333206,-0.09662687033414841,-0.09481220692396164,-0.09545118361711502,-0.11117403954267502,-0.11222056299448013,-0.11660148948431015,-0.11500169336795807,-0.11676573008298874,-0.11297663301229477,-0.11183715611696243,-0.11556927114725113,-0.1171392947435379,-0.12314168363809586,-0.1272841989994049,-0.13011737167835236,-0.13220252096652985,-0.13405223190784454,-0.1321321278810501,-0.12512078881263733,-0.11874546110630035,-0.11738333851099014,-0.12100891023874283,-0.1283368617296219,-0.13629499077796936,-0.14177680015563965,-0.14529219269752502,-0.14244195818901062,-0.13885459303855896,-0.13324430584907532,-0.13522639870643616,-0.14669020473957062,-0.1547844260931015,-0.16745619475841522,-0.16907072067260742,-0.16398517787456512,-0.16436251997947693,-0.16348308324813843,-0.1518683135509491,-0.15748457610607147,-0.15531998872756958,-0.1667616218328476,-0.16744035482406616,-0.17512257397174835,-0.17099037766456604,-0.17271167039871216,-0.1662081778049469,-0.15374937653541565,-0.15585194528102875,-0.15680526196956635,-0.1584007889032364,-0.15979266166687012,-0.15946988761425018,-0.15883967280387878,-0.16126878559589386,-0.16735202074050903,-0.1667725294828415,-0.1617199182510376,-0.15253454446792603,-0.14816153049468994,-0.15006542205810547,-0.15535882115364075,-0.15947239100933075,-0.16074040532112122,-0.1511969119310379,-0.14333072304725647,-0.1476220041513443,-0.14895594120025635,-0.14601460099220276,-0.13824743032455444,-0.13920791447162628,-0.14840589463710785,-0.14582659304141998,-0.13565070927143097,-0.132964089512825,-0.1391584575176239,-0.14200086891651154,-0.13404403626918793,-0.13164496421813965,-0.13336297869682312,-0.13317199051380157,-0.1305992305278778,-0.13297007977962494,-0.13432040810585022,-0.12839661538600922,-0.12806165218353271,-0.1294751614332199,-0.1261494755744934,-0.12627553939819336,-0.12711182236671448,-0.12451691925525665,-0.12461809068918228,-0.1234062910079956,-0.11920545250177383,-0.1216723620891571,-0.12528666853904724,-0.12203048914670944,-0.12332198023796082,-0.12110800296068192,-0.11965346336364746,-0.12105072289705276,-0.11870314180850983,-0.12078715860843658,-0.12463010102510452,-0.130848228931427,-0.1803586632013321,-0.2110491693019867
train,ICBHI_132,132_2b2_Lr_mc_LittC2SE,/home/sahith/projects/minor_project_408/data/raw/audio_and_text_files/132_2b2_Lr_mc_LittC2SE.wav,LittC2SE,0.22082427144050598,0.05287408083677292,0.1990804225206375,-0.2110491693019867,0.09857673197984695,-0.0277864933013916,0.058187052607536316,-0.051963455975055695,0.023905599489808083,-0.08953322470188141,-0.025517122820019722,-0.08650998026132584,-0.06736587733030319,-0.08352202922105789,-0.10602311789989471,-0.07256025820970535,-0.11178886145353317,-0.09492942690849304,-0.09061497449874878,-0.10332974791526794,-0.09134514629840851,-0.08648908883333206,-0.09662687033414841,-0.09481220692396164,-0.09545118361711502,-0.11117403954267502,-0.11222056299448013,-0.11660148948431015,-0.11500169336795807,-0.11676573008298874,-0.11297663301229477,-0.11183715611696243,-0.11556927114725113,-0.1171392947435379,-0.12314168363809586,-0.1272841989994049,-0.13011737167835236,-0.13220252096652985,-0.13405223190784454,-0.1321321278810501,-0.12512078881263733,-0.11874546110630035,-0.11738333851099014,-0.12100891023874283,-0.1283368617296219,-0.13629499077796936,-0.14177680015563965,-0.14529219269752502,-0.14244195818901062,-0.13885459303855896,-0.13324430584907532,-0.13522639870643616,-0.14669020473957062,-0.1547844260931015,-0.16745619475841522,-0.16907072067260742,-0.16398517787456512,-0.16436251997947693,-0.16348308324813843,-0.1518683135509491,-0.15748457610607147,-0.15531998872756958,-0.1667616218328476,-0.16744035482406616,-0.17512257397174835,-0.17099037766456604,-0.17271167039871216,-0.1662081778049469,-0.15374937653541565,-0.15585194528102875,-0.15680526196956635,-0.1584007889032364,-0.15979266166687012,-0.15946988761425018,-0.15883967280387878,-0.16126878559589386,-0.16735202074050903,-0.1667725294828415,-0.1617199182510376,-0.15253454446792603,-0.14816153049468994,-0.15006542205810547,-0.15535882115364075,-0.15947239100933075,-0.16074040532112122,-0.1511969119310379,-0.14333072304725647,-0.1476220041513443,-0.14895594120025635,-0.14601460099220276,-0.13824743032455444,-0.13920791447162628,-0.14840589463710785,-0.14582659304141998,-0.13565070927143097,-0.132964089512825,-0.1391584575176239,-0.14200086891651154,-0.13404403626918793,-0.13164496421813965,-0.13336297869682312,-0.13317199051380157,-0.1305992305278778,-0.13297007977962494,-0.13432040810585022,-0.12839661538600922,-0.12806165218353271,-0.1294751614332199,-0.1261494755744934,-0.12627553939819336,-0.12711182236671448,-0.12451691925525665,-0.12461809068918228,-0.1234062910079956,-0.11920545250177383,-0.1216723620891571,-0.12528666853904724,-0.12203048914670944,-0.12332198023796082,-0.12110800296068192,-0.11965346336364746,-0.12105072289705276,-0.11870314180850983,-0.12078715860843658,-0.12463010102510452,-0.130848228931427,-0.1803586632013321,-0.2110491693019867
train,ICBHI_132,132_2b2_Lr_mc_LittC2SE,/home/sahith/projects/minor_project_408/data/raw/audio_and_text_files/132_2b2_Lr_mc_LittC2SE.wav,LittC2SE,0.22082427144050598,0.05287408083677292,0.1990804225206375,-0.2110491693019867,0.09857673197984695,-0.0277864933013916,0.058187052607536316,-0.051963455975055695,0.023905599489808083,-0.08953322470188141,-0.025517122820019722,-0.08650998026132584,-0.06736587733030319,-0.08352202922105789,-0.10602311789989471,-0.07256025820970535,-0.11178886145353317,-0.09492942690849304,-0.09061497449874878,-0.10332974791526794,-0.09134514629840851,-0.08648908883333206,-0.09662687033414841,-0.09481220692396164,-0.09545118361711502,-0.11117403954267502,-0.11222056299448013,-0.11660148948431015,-0.11500169336795807,-0.11676573008298874,-0.11297663301229477,-0.11183715611696243,-0.11556927114725113,-0.1171392947435379,-0.12314168363809586,-0.1272841989994049,-0.13011737167835236,-0.13220252096652985,-0.13405223190784454,-0.1321321278810501,-0.12512078881263733,-0.11874546110630035,-0.11738333851099014,-0.12100891023874283,-0.1283368617296219,-0.13629499077796936,-0.14177680015563965,-0.14529219269752502,-0.14244195818901062,-0.13885459303855896,-0.13324430584907532,-0.13522639870643616,-0.14669020473957062,-0.1547844260931015,-0.16745619475841522,-0.16907072067260742,-0.16398517787456512,-0.16436251997947693,-0.16348308324813843,-0.1518683135509491,-0.15748457610607147,-0.15531998872756958,-0.1667616218328476,-0.16744035482406616,-0.17512257397174835,-0.17099037766456604,-0.17271167039871216,-0.1662081778049469,-0.15374937653541565,-0.15585194528102875,-0.15680526196956635,-0.1584007889032364,-0.15979266166687012,-0.15946988761425018,-0.15883967280387878,-0.16126878559589386,-0.16735202074050903,-0.1667725294828415,-0.1617199182510376,-0.15253454446792603,-0.14816153049468994,-0.15006542205810547,-0.15535882115364075,-0.15947239100933075,-0.16074040532112122,-0.1511969119310379,-0.14333072304725647,-0.1476220041513443,-0.14895594120025635,-0.14601460099220276,-0.13824743032455444,-0.13920791447162628,-0.14840589463710785,-0.14582659304141998,-0.13565070927143097,-0.132964089512825,-0.1391584575176239,-0.14200086891651154,-0.13404403626918793,-0.13164496421813965,-0.13336297869682312,-0.13317199051380157,-0.1305992305278778,-0.13297007977962494,-0.13432040810585022,-0.12839661538600922,-0.12806165218353271,-0.1294751614332199,-0.1261494755744934,-0.12627553939819336,-0.12711182236671448,-0.12451691925525665,-0.12461809068918228,-0.1234062910079956,-0.11920545250177383,-0.1216723620891571,-0.12528666853904724,-0.12203048914670944,-0.12332198023796082,-0.12110800296068192,-0.11965346336364746,-0.12105072289705276,-0.11870314180850983,-0.12078715860843658,-0.12463010102510452,-0.130848228931427,-0.1803586632013321,-0.2110491693019867
train,ICBHI_142,142_1b1_Pl_mc_LittC2SE,/home/sahith/projects/minor_project_408/data/raw/audio_and_text_files/142_1b1_Pl_mc_LittC2SE.wav,LittC2SE,0.02881411835551262,-0.12225138396024704,0.021198978647589684,-0.2110491693019867,-0.020316898822784424,-0.1412610560655594,-0.035615965723991394,-0.13876041769981384,-0.05592828989028931,-0.1419094055891037,-0.0831223726272583,-0.13054627180099487,-0.11263152956962585,-0.12412106990814209,-0.14507989585399628,-0.12094751745462418,-0.16245383024215698,-0.14790219068527222,-0.15781690180301666,-0.1746416985988617,-0.1683301329612732,-0.1740698665380478,-0.184384286403656,-0.18241412937641144,-0.17669881880283356,-0.18583030998706818,-0.1851198524236679,-0.18276190757751465,-0.1823769062757492,-0.1904231160879135,-0.18993380665779114,-0.18908840417861938,-0.1893734186887741,-0.18657666444778442,-0.18651139736175537,-0.18640592694282532,-0.1864519715309143,-0.18609358370304108,-0.1857011765241623,-0.18495206534862518,-0.18491770327091217,-0.18562188744544983,-0.18647032976150513,-0.18661634624004364,-0.18792562186717987,-0.18919456005096436,-0.1888706237077713,-0.1879715472459793,-0.18445250391960144,-0.18701978027820587,-0.18695496022701263,-0.18638253211975098,-0.18629702925682068,-0.17890280485153198,-0.18237434327602386,-0.1829906851053238,-0.17756493389606476,-0.17816099524497986,-0.17962871491909027,-0.17466187477111816,-0.1829683631658554,-0.1751966029405594,-0.17783533036708832,-0.17284420132637024,-0.17896851897239685,-0.17236457765102386,-0.1751614362001419,-0.16970424354076385,-0.16504453122615814,-0.16702988743782043,-0.1662757694721222,-0.16632747650146484,-0.16264259815216064,-0.15998250246047974,-0.16054417192935944,-0.1596805304288864,-0.160267636179924,-0.15775512158870697,-0.15756018459796906,-0.15729451179504395,-0.15540355443954468,-0.15486617386341095,-0.14899945259094238,-0.14653240144252777,-0.14815819263458252,-0.1461344063282013,-0.14683152735233307,-0.1447393149137497,-0.14522695541381836,-0.14129765331745148,-0.13813507556915283,-0.1396547555923462,-0.13961128890514374,-0.13961203396320343,-0.13750426471233368,-0.13585616648197174,-0.13577358424663544,-0.13460323214530945,-0.13263466954231262,-0.13043521344661713,-0.1298767328262329,-0.1294257789850235,-0.12607502937316895,-0.12396084517240524,-0.12126744538545609,-0.12255553901195526,-0.12563927471637726,-0.12007608264684677,-0.11623913049697876,-0.12025215476751328,-0.11913547664880753,-0.11965817213058472,-0.11714409291744232,-0.11599540710449219,-0.11488192528486252,-0.11435768008232117,-0.11715246737003326,-0.11477141827344894,-0.1174442246556282,-0.11622610688209534,-0.11228176951408386,-0.10914676636457443,-0.11041523516178131,-0.10900169610977173,-0.10842687636613846,-0.11855366080999374,-0.16636916995048523,-0.2110491693019867
train,ICBHI_142,142_1b1_Pl_mc_LittC2SE,/home/sahith/projects/minor_project_408/data/raw/audio_and_text_files/142_1b1_Pl_mc_LittC2SE.wav,LittC2SE,0.02881411835551262,-0.12225138396024704,0.021198978647589684,-0.2110491693019867,-0.020316898822784424,-0.1412610560655594,-0.035615965723991394,-0.13876041769981384,-0.05592828989028931,-0.1419094055891037,-0.0831223726272583,-0.13054627180099487,-0.11263152956962585,-0.12412106990814209,-0.14507989585399628,-0.12094751745462418,-0.16245383024215698,-0.14790219068527222,-0.15781690180301666,-0.1746416985988617,-0.1683301329612732,-0.1740698665380478,-0.184384286403656,-0.18241412937641144,-0.17669881880283356,-0.18583030998706818,-0.1851198524236679,-0.18276190757751465,-0.1823769062757492,-0.1904231160879135,-0.18993380665779114,-0.18908840417861938,-0.1893734186887741,-0.18657666444778442,-0.18651139736175537,-0.18640592694282532,-0.1864519715309143,-0.18609358370304108,-0.1857011765241623,-0.18495206534862518,-0.18491770327091217,-0.18562188744544983,-0.18647032976150513,-0.18661634624004364,-0.18792562186717987,-0.18919456005096436,-0.1888706237077713,-0.1879715472459793,-0.18445250391960144,-0.18701978027820587,-0.18695496022701263,-0.18638253211975098,-0.18629702925682068,-0.17890280485153198,-0.18237434327602386,-0.1829906851053238,-0.17756493389606476,-0.17816099524497986,-0.17962871491909027,-0.17466187477111816,-0.1829683631658554,-0.1751966029405594,-0.17783533036708832,-0.17284420132637024,-0.17896851897239685,-0.17236457765102386,-0.1751614362001419,-0.16970424354076385,-0.16504453122615814,-0.16702988743782043,-0.1662757694721222,-0.16632747650146484,-0.16264259815216064,-0.15998250246047974,-0.16054417192935944,-0.1596805304288864,-0.160267636179924,-0.15775512158870697,-0.15756018459796906,-0.15729451179504395,-0.15540355443954468,-0.15486617386341095,-0.14899945259094238,-0.14653240144252777,-0.14815819263458252,-0.1461344063282013,-0.14683152735233307,-0.1447393149137497,-0.14522695541381836,-0.14129765331745148,-0.13813507556915283,-0.1396547555923462,-0.13961128890514374,-0.13961203396320343,-0.13750426471233368,-0.13585616648197174,-0.13577358424663544,-0.13460323214530945,-0.13263466954231262,-0.13043521344661713,-0.1298767328262329,-0.1294257789850235,-0.12607502937316895,-0.12396084517240524,-0.12126744538545609,-0.12255553901195526,-0.12563927471637726,-0.12007608264684677,-0.11623913049697876,-0.12025215476751328,-0.11913547664880753,-0.11965817213058472,-0.11714409291744232,-0.11599540710449219,-0.11488192528486252,-0.11435768008232117,-0.11715246737003326,-0.11477141827344894,-0.1174442246556282,-0.11622610688209534,-0.11228176951408386,-0.10914676636457443,-0.11041523516178131,-0.10900169610977173,-0.10842687636613846,-0.11855366080999374,-0.16636916995048523,-0.2110491693019867
train,ICBHI_142,142_1b1_Pl_mc_LittC2SE,/home/sahith/projects/minor_project_408/data/raw/audio_and_text_files/142_1b1_Pl_mc_LittC2SE.wav,LittC2SE,0.02881411835551262,-0.12225138396024704,0.021198978647589684,-0.2110491693019867,-0.020316898822784424,-0.1412610560655594,-0.035615965723991394,-0.13876041769981384,-0.05592828989028931,-0.1419094055891037,-0.0831223726272583,-0.13054627180099487,-0.11263152956962585,-0.12412106990814209,-0.14507989585399628,-0.12094751745462418,-0.16245383024215698,-0.14790219068527222,-0.15781690180301666,-0.1746416985988617,-0.1683301329612732,-0.1740698665380478,-0.184384286403656,-0.18241412937641144,-0.17669881880283356,-0.18583030998706818,-0.1851198524236679,-0.18276190757751465,-0.1823769062757492,-0.1904231160879135,-0.18993380665779114,-0.18908840417861938,-0.1893734186887741,-0.18657666444778442,-0.18651139736175537,-0.18640592694282532,-0.1864519715309143,-0.18609358370304108,-0.1857011765241623,-0.18495206534862518,-0.18491770327091217,-0.18562188744544983,-0.18647032976150513,-0.18661634624004364,-0.18792562186717987,-0.18919456005096436,-0.1888706237077713,-0.1879715472459793,-0.18445250391960144,-0.18701978027820587,-0.18695496022701263,-0.18638253211975098,-0.18629702925682068,-0.17890280485153198,-0.18237434327602386,-0.1829906851053238,-0.17756493389606476,-0.17816099524497986,-0.17962871491909027,-0.17466187477111816,-0.1829683631658554,-0.1751966029405594,-0.17783533036708832,-0.17284420132637024,-0.17896851897239685,-0.17236457765102386,-0.1751614362001419,-0.16970424354076385,-0.16504453122615814,-0.16702988743782043,-0.1662757694721222,-0.16632747650146484,-0.16264259815216064,-0.15998250246047974,-0.16054417192935944,-0.1596805304288864,-0.160267636179924,-0.15775512158870697,-0.15756018459796906,-0.15729451179504395,-0.15540355443954468,-0.15486617386341095,-0.14899945259094238,-0.14653240144252777,-0.14815819263458252,-0.1461344063282013,-0.14683152735233307,-0.1447393149137497,-0.14522695541381836,-0.14129765331745148,-0.13813507556915283,-0.1396547555923462,-0.13961128890514374,-0.13961203396320343,-0.13750426471233368,-0.13585616648197174,-0.13577358424663544,-0.13460323214530945,-0.13263466954231262,-0.13043521344661713,-0.1298767328262329,-0.1294257789850235,-0.12607502937316895,-0.12396084517240524,-0.12126744538545609,-0.12255553901195526,-0.12563927471637726,-0.12007608264684677,-0.11623913049697876,-0.12025215476751328,-0.11913547664880753,-0.11965817213058472,-0.11714409291744232,-0.11599540710449219,-0.11488192528486252,-0.11435768008232117,-0.11715246737003326,-0.11477141827344894,-0.1174442246556282,-0.11622610688209534,-0.11228176951408386,-0.10914676636457443,-0.11041523516178131,-0.10900169610977173,-0.10842687636613846,-0.11855366080999374,-0.16636916995048523,-0.2110491693019867
train,ICBHI_142,142_1b1_Pl_mc_LittC2SE,/home/sahith/projects/minor_project_408/data/raw/audio_and_text_files/142_1b1_Pl_mc_LittC2SE.wav,LittC2SE,0.02881411835551262,-0.12225138396024704,0.021198978647589684,-0.2110491693019867,-0.020316898822784424,-0.1412610560655594,-0.035615965723991394,-0.13876041769981384,-0.05592828989028931,-0.1419094055891037,-0.0831223726272583,-0.13054627180099487,-0.11263152956962585,-0.12412106990814209,-0.14507989585399628,-0.12094751745462418,-0.16245383024215698,-0.14790219068527222,-0.15781690180301666,-0.1746416985988617,-0.1683301329612732,-0.1740698665380478,-0.184384286403656,-0.18241412937641144,-0.17669881880283356,-0.18583030998706818,-0.1851198524236679,-0.18276190757751465,-0.1823769062757492,-0.1904231160879135,-0.18993380665779114,-0.18908840417861938,-0.1893734186887741,-0.18657666444778442,-0.18651139736175537,-0.18640592694282532,-0.1864519715309143,-0.18609358370304108,-0.1857011765241623,-0.18495206534862518,-0.18491770327091217,-0.18562188744544983,-0.18647032976150513,-0.18661634624004364,-0.18792562186717987,-0.18919456005096436,-0.1888706237077713,-0.1879715472459793,-0.18445250391960144,-0.18701978027820587,-0.18695496022701263,-0.18638253211975098,-0.18629702925682068,-0.17890280485153198,-0.18237434327602386,-0.1829906851053238,-0.17756493389606476,-0.17816099524497986,-0.17962871491909027,-0.17466187477111816,-0.1829683631658554,-0.1751966029405594,-0.17783533036708832,-0.17284420132637024,-0.17896851897239685,-0.17236457765102386,-0.1751614362001419,-0.16970424354076385,-0.16504453122615814,-0.16702988743782043,-0.1662757694721222,-0.16632747650146484,-0.16264259815216064,-0.15998250246047974,-0.16054417192935944,-0.1596805304288864,-0.160267636179924,-0.15775512158870697,-0.15756018459796906,-0.15729451179504395,-0.15540355443954468,-0.15486617386341095,-0.14899945259094238,-0.14653240144252777,-0.14815819263458252,-0.1461344063282013,-0.14683152735233307,-0.1447393149137497,-0.14522695541381836,-0.14129765331745148,-0.13813507556915283,-0.1396547555923462,-0.13961128890514374,-0.13961203396320343,-0.13750426471233368,-0.13585616648197174,-0.13577358424663544,-0.13460323214530945,-0.13263466954231262,-0.13043521344661713,-0.1298767328262329,-0.1294257789850235,-0.12607502937316895,-0.12396084517240524,-0.12126744538545609,-0.12255553901195526,-0.12563927471637726,-0.12007608264684677,-0.11623913049697876,-0.12025215476751328,-0.11913547664880753,-0.11965817213058472,-0.11714409291744232,-0.11599540710449219,-0.11488192528486252,-0.11435768008232117,-0.11715246737003326,-0.11477141827344894,-0.1174442246556282,-0.11622610688209534,-0.11228176951408386,-0.10914676636457443,-0.11041523516178131,-0.10900169610977173,-0.10842687636613846,-0.11855366080999374,-0.16636916995048523,-0.2110491693019867
train,ICBHI_142,142_1b1_Pl_mc_LittC2SE,/home/sahith/projects/minor_project_408/data/raw/audio_and_text_files/142_1b1_Pl_mc_LittC2SE.wav,LittC2SE,0.02881411835551262,-0.12225138396024704,0.021198978647589684,-0.2110491693019867,-0.020316898822784424,-0.1412610560655594,-0.035615965723991394,-0.13876041769981384,-0.05592828989028931,-0.1419094055891037,-0.0831223726272583,-0.13054627180099487,-0.11263152956962585,-0.12412106990814209,-0.14507989585399628,-0.12094751745462418,-0.16245383024215698,-0.14790219068527222,-0.15781690180301666,-0.1746416985988617,-0.1683301329612732,-0.1740698665380478,-0.184384286403656,-0.18241412937641144,-0.17669881880283356,-0.18583030998706818,-0.1851198524236679,-0.18276190757751465,-0.1823769062757492,-0.1904231160879135,-0.18993380665779114,-0.18908840417861938,-0.1893734186887741,-0.18657666444778442,-0.18651139736175537,-0.18640592694282532,-0.1864519715309143,-0.18609358370304108,-0.1857011765241623,-0.18495206534862518,-0.18491770327091217,-0.18562188744544983,-0.18647032976150513,-0.18661634624004364,-0.18792562186717987,-0.18919456005096436,-0.1888706237077713,-0.1879715472459793,-0.18445250391960144,-0.18701978027820587,-0.18695496022701263,-0.18638253211975098,-0.18629702925682068,-0.17890280485153198,-0.18237434327602386,-0.1829906851053238,-0.17756493389606476,-0.17816099524497986,-0.17962871491909027,-0.17466187477111816,-0.1829683631658554,-0.1751966029405594,-0.17783533036708832,-0.17284420132637024,-0.17896851897239685,-0.17236457765102386,-0.1751614362001419,-0.16970424354076385,-0.16504453122615814,-0.16702988743782043,-0.1662757694721222,-0.16632747650146484,-0.16264259815216064,-0.15998250246047974,-0.16054417192935944,-0.1596805304288864,-0.160267636179924,-0.15775512158870697,-0.15756018459796906,-0.15729451179504395,-0.15540355443954468,-0.15486617386341095,-0.14899945259094238,-0.14653240144252777,-0.14815819263458252,-0.1461344063282013,-0.14683152735233307,-0.1447393149137497,-0.14522695541381836,-0.14129765331745148,-0.13813507556915283,-0.1396547555923462,-0.13961128890514374,-0.13961203396320343,-0.13750426471233368,-0.13585616648197174,-0.13577358424663544,-0.13460323214530945,-0.13263466954231262,-0.13043521344661713,-0.1298767328262329,-0.1294257789850235,-0.12607502937316895,-0.12396084517240524,-0.12126744538545609,-0.12255553901195526,-0.12563927471637726,-0.12007608264684677,-0.11623913049697876,-0.12025215476751328,-0.11913547664880753,-0.11965817213058472,-0.11714409291744232,-0.11599540710449219,-0.11488192528486252,-0.11435768008232117,-0.11715246737003326,-0.11477141827344894,-0.1174442246556282,-0.11622610688209534,-0.11228176951408386,-0.10914676636457443,-0.11041523516178131,-0.10900169610977173,-0.10842687636613846,-0.11855366080999374,-0.16636916995048523,-0.2110491693019867
train,ICBHI_142,142_1b1_Pl_mc_LittC2SE,/home/sahith/projects/minor_project_408/data/raw/audio_and_text_files/142_1b1_Pl_mc_LittC2SE.wav,LittC2SE,0.02881411835551262,-0.12225138396024704,0.021198978647589684,-0.2110491693019867,-0.020316898822784424,-0.1412610560655594,-0.035615965723991394,-0.13876041769981384,-0.05592828989028931,-0.1419094055891037,-0.0831223726272583,-0.13054627180099487,-0.11263152956962585,-0.12412106990814209,-0.14507989585399628,-0.12094751745462418,-0.16245383024215698,-0.14790219068527222,-0.15781690180301666,-0.1746416985988617,-0.1683301329612732,-0.1740698665380478,-0.184384286403656,-0.18241412937641144,-0.17669881880283356,-0.18583030998706818,-0.1851198524236679,-0.18276190757751465,-0.1823769062757492,-0.1904231160879135,-0.18993380665779114,-0.18908840417861938,-0.1893734186887741,-0.18657666444778442,-0.18651139736175537,-0.18640592694282532,-0.1864519715309143,-0.18609358370304108,-0.1857011765241623,-0.18495206534862518,-0.18491770327091217,-0.18562188744544983,-0.18647032976150513,-0.18661634624004364,-0.18792562186717987,-0.18919456005096436,-0.1888706237077713,-0.1879715472459793,-0.18445250391960144,-0.18701978027820587,-0.18695496022701263,-0.18638253211975098,-0.18629702925682068,-0.17890280485153198,-0.18237434327602386,-0.1829906851053238,-0.17756493389606476,-0.17816099524497986,-0.17962871491909027,-0.17466187477111816,-0.1829683631658554,-0.1751966029405594,-0.17783533036708832,-0.17284420132637024,-0.17896851897239685,-0.17236457765102386,-0.1751614362001419,-0.16970424354076385,-0.16504453122615814,-0.16702988743782043,-0.1662757694721222,-0.16632747650146484,-0.16264259815216064,-0.15998250246047974,-0.16054417192935944,-0.1596805304288864,-0.160267636179924,-0.15775512158870697,-0.15756018459796906,-0.15729451179504395,-0.15540355443954468,-0.15486617386341095,-0.14899945259094238,-0.14653240144252777,-0.14815819263458252,-0.1461344063282013,-0.14683152735233307,-0.1447393149137497,-0.14522695541381836,-0.14129765331745148,-0.13813507556915283,-0.1396547555923462,-0.13961128890514374,-0.13961203396320343,-0.13750426471233368,-0.13585616648197174,-0.13577358424663544,-0.13460323214530945,-0.13263466954231262,-0.13043521344661713,-0.1298767328262329,-0.1294257789850235,-0.12607502937316895,-0.12396084517240524,-0.12126744538545609,-0.12255553901195526,-0.12563927471637726,-0.12007608264684677,-0.11623913049697876,-0.12025215476751328,-0.11913547664880753,-0.11965817213058472,-0.11714409291744232,-0.11599540710449219,-0.11488192528486252,-0.11435768008232117,-0.11715246737003326,-0.11477141827344894,-0.1174442246556282,-0.11622610688209534,-0.11228176951408386,-0.10914676636457443,-0.11041523516178131,-0.10900169610977173,-0.10842687636613846,-0.11855366080999374,-0.16636916995048523,-0.2110491693019867
train,ICBHI_142,142_1b1_Pl_mc_LittC2SE,/home/sahith/projects/minor_project_408/data/raw/audio_and_text_files/142_1b1_Pl_mc_LittC2SE.wav,LittC2SE,0.02881411835551262,-0.12225138396024704,0.021198978647589684,-0.2110491693019867,-0.020316898822784424,-0.1412610560655594,-0.035615965723991394,-0.13876041769981384,-0.05592828989028931,-0.1419094055891037,-0.0831223726272583,-0.13054627180099487,-0.11263152956962585,-0.12412106990814209,-0.14507989585399628,-0.12094751745462418,-0.16245383024215698,-0.14790219068527222,-0.15781690180301666,-0.1746416985988617,-0.1683301329612732,-0.1740698665380478,-0.184384286403656,-0.18241412937641144,-0.17669881880283356,-0.18583030998706818,-0.1851198524236679,-0.18276190757751465,-0.1823769062757492,-0.1904231160879135,-0.18993380665779114,-0.18908840417861938,-0.1893734186887741,-0.18657666444778442,-0.18651139736175537,-0.18640592694282532,-0.1864519715309143,-0.18609358370304108,-0.1857011765241623,-0.18495206534862518,-0.18491770327091217,-0.18562188744544983,-0.18647032976150513,-0.18661634624004364,-0.18792562186717987,-0.18919456005096436,-0.1888706237077713,-0.1879715472459793,-0.18445250391960144,-0.18701978027820587,-0.18695496022701263,-0.18638253211975098,-0.18629702925682068,-0.17890280485153198,-0.18237434327602386,-0.1829906851053238,-0.17756493389606476,-0.17816099524497986,-0.17962871491909027,-0.17466187477111816,-0.1829683631658554,-0.1751966029405594,-0.17783533036708832,-0.17284420132637024,-0.17896851897239685,-0.17236457765102386,-0.1751614362001419,-0.16970424354076385,-0.16504453122615814,-0.16702988743782043,-0.1662757694721222,-0.16632747650146484,-0.16264259815216064,-0.15998250246047974,-0.16054417192935944,-0.1596805304288864,-0.160267636179924,-0.15775512158870697,-0.15756018459796906,-0.15729451179504395,-0.15540355443954468,-0.15486617386341095,-0.14899945259094238,-0.14653240144252777,-0.14815819263458252,-0.1461344063282013,-0.14683152735233307,-0.1447393149137497,-0.14522695541381836,-0.14129765331745148,-0.13813507556915283,-0.1396547555923462,-0.13961128890514374,-0.13961203396320343,-0.13750426471233368,-0.13585616648197174,-0.13577358424663544,-0.13460323214530945,-0.13263466954231262,-0.13043521344661713,-0.1298767328262329,-0.1294257789850235,-0.12607502937316895,-0.12396084517240524,-0.12126744538545609,-0.12255553901195526,-0.12563927471637726,-0.12007608264684677,-0.11623913049697876,-0.12025215476751328,-0.11913547664880753,-0.11965817213058472,-0.11714409291744232,-0.11599540710449219,-0.11488192528486252,-0.11435768008232117,-0.11715246737003326,-0.11477141827344894,-0.1174442246556282,-0.11622610688209534,-0.11228176951408386,-0.10914676636457443,-0.11041523516178131,-0.10900169610977173,-0.10842687636613846,-0.11855366080999374,-0.16636916995048523,-0.2110491693019867
train,ICBHI_142,142_1b1_Pl_mc_LittC2SE,/home/sahith/projects/minor_project_408/data/raw/audio_and_text_files/142_1b1_Pl_mc_LittC2SE.wav,LittC2SE,0.02881411835551262,-0.12225138396024704,0.021198978647589684,-0.2110491693019867,-0.020316898822784424,-0.1412610560655594,-0.035615965723991394,-0.13876041769981384,-0.05592828989028931,-0.1419094055891037,-0.0831223726272583,-0.13054627180099487,-0.11263152956962585,-0.12412106990814209,-0.14507989585399628,-0.12094751745462418,-0.16245383024215698,-0.14790219068527222,-0.15781690180301666,-0.1746416985988617,-0.1683301329612732,-0.1740698665380478,-0.184384286403656,-0.18241412937641144,-0.17669881880283356,-0.18583030998706818,-0.1851198524236679,-0.18276190757751465,-0.1823769062757492,-0.1904231160879135,-0.18993380665779114,-0.18908840417861938,-0.1893734186887741,-0.18657666444778442,-0.18651139736175537,-0.18640592694282532,-0.1864519715309143,-0.18609358370304108,-0.1857011765241623,-0.18495206534862518,-0.18491770327091217,-0.18562188744544983,-0.18647032976150513,-0.18661634624004364,-0.18792562186717987,-0.18919456005096436,-0.1888706237077713,-0.1879715472459793,-0.18445250391960144,-0.18701978027820587,-0.18695496022701263,-0.18638253211975098,-0.18629702925682068,-0.17890280485153198,-0.18237434327602386,-0.1829906851053238,-0.17756493389606476,-0.17816099524497986,-0.17962871491909027,-0.17466187477111816,-0.1829683631658554,-0.1751966029405594,-0.17783533036708832,-0.17284420132637024,-0.17896851897239685,-0.17236457765102386,-0.1751614362001419,-0.16970424354076385,-0.16504453122615814,-0.16702988743782043,-0.1662757694721222,-0.16632747650146484,-0.16264259815216064,-0.15998250246047974,-0.16054417192935944,-0.1596805304288864,-0.160267636179924,-0.15775512158870697,-0.15756018459796906,-0.15729451179504395,-0.15540355443954468,-0.15486617386341095,-0.14899945259094238,-0.14653240144252777,-0.14815819263458252,-0.1461344063282013,-0.14683152735233307,-0.1447393149137497,-0.14522695541381836,-0.14129765331745148,-0.13813507556915283,-0.1396547555923462,-0.13961128890514374,-0.13961203396320343,-0.13750426471233368,-0.13585616648197174,-0.13577358424663544,-0.13460323214530945,-0.13263466954231262,-0.13043521344661713,-0.1298767328262329,-0.1294257789850235,-0.12607502937316895,-0.12396084517240524,-0.12126744538545609,-0.12255553901195526,-0.12563927471637726,-0.12007608264684677,-0.11623913049697876,-0.12025215476751328,-0.11913547664880753,-0.11965817213058472,-0.11714409291744232,-0.11599540710449219,-0.11488192528486252,-0.11435768008232117,-0.11715246737003326,-0.11477141827344894,-0.1174442246556282,-0.11622610688209534,-0.11228176951408386,-0.10914676636457443,-0.11041523516178131,-0.10900169610977173,-0.10842687636613846,-0.11855366080999374,-0.16636916995048523,-0.2110491693019867
train,ICBHI_142,142_1b1_Pl_mc_LittC2SE,/home/sahith/projects/minor_project_408/data/raw/audio_and_text_files/142_1b1_Pl_mc_LittC2SE.wav,LittC2SE,0.02881411835551262,-0.12225138396024704,0.021198978647589684,-0.2110491693019867,-0.020316898822784424,-0.1412610560655594,-0.035615965723991394,-0.13876041769981384,-0.05592828989028931,-0.1419094055891037,-0.0831223726272583,-0.13054627180099487,-0.11263152956962585,-0.12412106990814209,-0.14507989585399628,-0.12094751745462418,-0.16245383024215698,-0.14790219068527222,-0.15781690180301666,-0.1746416985988617,-0.1683301329612732,-0.1740698665380478,-0.184384286403656,-0.18241412937641144,-0.17669881880283356,-0.18583030998706818,-0.1851198524236679,-0.18276190757751465,-0.1823769062757492,-0.1904231160879135,-0.18993380665779114,-0.18908840417861938,-0.1893734186887741,-0.18657666444778442,-0.18651139736175537,-0.18640592694282532,-0.1864519715309143,-0.18609358370304108,-0.1857011765241623,-0.18495206534862518,-0.18491770327091217,-0.18562188744544983,-0.18647032976150513,-0.18661634624004364,-0.18792562186717987,-0.18919456005096436,-0.1888706237077713,-0.1879715472459793,-0.18445250391960144,-0.18701978027820587,-0.18695496022701263,-0.18638253211975098,-0.18629702925682068,-0.17890280485153198,-0.18237434327602386,-0.1829906851053238,-0.17756493389606476,-0.17816099524497986,-0.17962871491909027,-0.17466187477111816,-0.1829683631658554,-0.1751966029405594,-0.17783533036708832,-0.17284420132637024,-0.17896851897239685,-0.17236457765102386,-0.1751614362001419,-0.16970424354076385,-0.16504453122615814,-0.16702988743782043,-0.1662757694721222,-0.16632747650146484,-0.16264259815216064,-0.15998250246047974,-0.16054417192935944,-0.1596805304288864,-0.160267636179924,-0.15775512158870697,-0.15756018459796906,-0.15729451179504395,-0.15540355443954468,-0.15486617386341095,-0.14899945259094238,-0.14653240144252777,-0.14815819263458252,-0.1461344063282013,-0.14683152735233307,-0.1447393149137497,-0.14522695541381836,-0.14129765331745148,-0.13813507556915283,-0.1396547555923462,-0.13961128890514374,-0.13961203396320343,-0.13750426471233368,-0.13585616648197174,-0.13577358424663544,-0.13460323214530945,-0.13263466954231262,-0.13043521344661713,-0.1298767328262329,-0.1294257789850235,-0.12607502937316895,-0.12396084517240524,-0.12126744538545609,-0.12255553901195526,-0.12563927471637726,-0.12007608264684677,-0.11623913049697876,-0.12025215476751328,-0.11913547664880753,-0.11965817213058472,-0.11714409291744232,-0.11599540710449219,-0.11488192528486252,-0.11435768008232117,-0.11715246737003326,-0.11477141827344894,-0.1174442246556282,-0.11622610688209534,-0.11228176951408386,-0.10914676636457443,-0.11041523516178131,-0.10900169610977173,-0.10842687636613846,-0.11855366080999374,-0.16636916995048523,-0.2110491693019867
train,ICBHI_155,155_2b1_Al_mc_LittC2SE,/home/sahith/projects/minor_project_408/data/raw/audio_and_text_files/155_2b1_Al_mc_LittC2SE.wav,LittC2SE,0.27913472056388855,0.11248020082712173,0.25893858075141907,-0.2110491693019867,0.1576533168554306,0.030958162620663643,0.10668055713176727,-0.005176057107746601,0.06612107157707214,-0.03486405313014984,0.031814441084861755,-0.028814230114221573,-0.008259479887783527,-0.03214117884635925,-0.05769813060760498,-0.024244554340839386,-0.06792332231998444,-0.04904412478208542,-0.04072151333093643,-0.05728123337030411,-0.045822277665138245,-0.051816679537296295,-0.05769914388656616,-0.05586382746696472,-0.031331613659858704,-0.04131856560707092,-0.036505959928035736,-0.0378400981426239,-0.04238824546337128,-0.054035335779190063,-0.05257280915975571,-0.0535833016037941,-0.05543423444032669,-0.049526676535606384,-0.051781781017780304,-0.054574720561504364,-0.05791953206062317,-0.062157973647117615,-0.06379758566617966,-0.06293935328722,-0.06242142617702484,-0.05950695276260376,-0.05747608095407486,-0.05808403342962265,-0.0626571848988533,-0.06627310067415237,-0.07153956592082977,-0.07480331510305405,-0.06840557605028152,-0.06948818266391754,-0.06820894032716751,-0.06580545008182526,-0.06853434443473816,-0.06701460480690002,-0.07508011162281036,-0.07377815991640091,-0.06580357253551483,-0.06740956753492355,-0.06809455901384354,-0.05725843459367752,-0.06524300575256348,-0.05555213242769241,-0.06376918405294418,-0.05670486390590668,-0.06041939556598663,-0.052807919681072235,-0.05886445939540863,-0.0550428181886673,-0.049851126968860626,-0.05370939522981644,-0.05201146751642227,-0.050803445279598236,-0.042823947966098785,-0.044002190232276917,-0.044265374541282654,-0.04175394028425217,-0.03648772090673447,-0.03478209674358368,-0.034064531326293945,-0.032053142786026,-0.0336686447262764,-0.03437566012144089,-0.0316246822476387,-0.03126464784145355,-0.03251420706510544,-0.026645323261618614,-0.024081096053123474,-0.025134984403848648,-0.022405177354812622,-0.020307332277297974,-0.02029767818748951,-0.020318061113357544,-0.015695488080382347,-0.016345227137207985,-0.013690725900232792,-0.013449597172439098,-0.009539904072880745,-0.008184877224266529,-0.008945832960307598,-0.008779328316450119,-0.006284684874117374,-0.005347209982573986,-0.005732337012887001,-0.0011992789804935455,-0.002723284997045994,0.0026622291188687086,0.0022176611237227917,0.0018931895028799772,0.00207471358589828,0.001947012497112155,0.004409862216562033,0.004011533688753843,0.0042377556674182415,0.007485852111130953,0.0054417443461716175,0.0073453341610729694,0.00926656648516655,0.011294878087937832,0.008396385237574577,0.006740571465343237,0.01027824729681015,0.010892271995544434,0.011914005503058434,0.010746940039098263,0.011519013904035091,0.003407479962334037,-0.04648355394601822,-0.17836114764213562
train,ICBHI_155,155_2b1_Al_mc_LittC2SE,/home/sahith/projects/minor_project_408/data/raw/audio_and_text_files/155_2b1_Al_mc_LittC2SE.wav,LittC2SE,0.27913472056388855,0.11248020082712173,0.25893858075141907,-0.2110491693019867,0.1576533168554306,0.030958162620663643,0.10668055713176727,-0.005176057107746601,0.06612107157707214,-0.03486405313014984,0.031814441084861755,-0.028814230114221573,-0.008259479887783527,-0.03214117884635925,-0.05769813060760498,-0.024244554340839386,-0.06792332231998444,-0.04904412478208542,-0.04072151333093643,-0.05728123337030411,-0.045822277665138245,-0.051816679537296295,-0.05769914388656616,-0.05586382746696472,-0.031331613659858704,-0.04131856560707092,-0.036505959928035736,-0.0378400981426239,-0.04238824546337128,-0.054035335779190063,-0.05257280915975571,-0.0535833016037941,-0.05543423444032669,-0.049526676535606384,-0.051781781017780304,-0.054574720561504364,-0.05791953206062317,-0.062157973647117615,-0.06379758566617966,-0.06293935328722,-0.06242142617702484,-0.05950695276260376,-0.05747608095407486,-0.05808403342962265,-0.0626571848988533,-0.06627310067415237,-0.07153956592082977,-0.07480331510305405,-0.06840557605028152,-0.06948818266391754,-0.06820894032716751,-0.06580545008182526,-0.06853434443473816,-0.06701460480690002,-0.07508011162281036,-0.07377815991640091,-0.06580357253551483,-0.06740956753492355,-0.06809455901384354,-0.05725843459367752,-0.06524300575256348,-0.05555213242769241,-0.06376918405294418,-0.05670486390590668,-0.06041939556598663,-0.052807919681072235,-0.05886445939540863,-0.0550428181886673,-0.049851126968860626,-0.05370939522981644,-0.05201146751642227,-0.050803445279598236,-0.042823947966098785,-0.044002190232276917,-0.044265374541282654,-0.04175394028425217,-0.03648772090673447,-0.03478209674358368,-0.034064531326293945,-0.032053142786026,-0.0336686447262764,-0.03437566012144089,-0.0316246822476387,-0.03126464784145355,-0.03251420706510544,-0.026645323261618614,-0.024081096053123474,-0.025134984403848648,-0.022405177354812622,-0.020307332277297974,-0.02029767818748951,-0.020318061113357544,-0.015695488080382347,-0.016345227137207985,-0.013690725900232792,-0.013449597172439098,-0.009539904072880745,-0.008184877224266529,-0.008945832960307598,-0.008779328316450119,-0.006284684874117374,-0.005347209982573986,-0.005732337012887001,-0.0011992789804935455,-0.002723284997045994,0.0026622291188687086,0.0022176611237227917,0.0018931895028799772,0.00207471358589828,0.001947012497112155,0.004409862216562033,0.004011533688753843,0.0042377556674182415,0.007485852111130953,0.0054417443461716175,0.0073453341610729694,0.00926656648516655,0.011294878087937832,0.008396385237574577,0.006740571465343237,0.01027824729681015,0.010892271995544434,0.011914005503058434,0.010746940039098263,0.011519013904035091,0.003407479962334037,-0.04648355394601822,-0.17836114764213562
train,ICBHI_155,155_2b1_Al_mc_LittC2SE,/home/sahith/projects/minor_project_408/data/raw/audio_and_text_files/155_2b1_Al_mc_LittC2SE.wav,LittC2SE,0.27913472056388855,0.11248020082712173,0.25893858075141907,-0.2110491693019867,0.1576533168554306,0.030958162620663643,0.10668055713176727,-0.005176057107746601,0.06612107157707214,-0.03486405313014984,0.031814441084861755,-0.028814230114221573,-0.008259479887783527,-0.03214117884635925,-0.05769813060760498,-0.024244554340839386,-0.06792332231998444,-0.04904412478208542,-0.04072151333093643,-0.05728123337030411,-0.045822277665138245,-0.051816679537296295,-0.05769914388656616,-0.05586382746696472,-0.031331613659858704,-0.04131856560707092,-0.036505959928035736,-0.0378400981426239,-0.04238824546337128,-0.054035335779190063,-0.05257280915975571,-0.0535833016037941,-0.05543423444032669,-0.049526676535606384,-0.051781781017780304,-0.054574720561504364,-0.05791953206062317,-0.062157973647117615,-0.06379758566617966,-0.06293935328722,-0.06242142617702484,-0.05950695276260376,-0.05747608095407486,-0.05808403342962265,-0.0626571848988533,-0.06627310067415237,-0.07153956592082977,-0.07480331510305405,-0.06840557605028152,-0.06948818266391754,-0.06820894032716751,-0.06580545008182526,-0.06853434443473816,-0.06701460480690002,-0.07508011162281036,-0.07377815991640091,-0.06580357253551483,-0.06740956753492355,-0.06809455901384354,-0.05725843459367752,-0.06524300575256348,-0.05555213242769241,-0.06376918405294418,-0.05670486390590668,-0.06041939556598663,-0.052807919681072235,-0.05886445939540863,-0.0550428181886673,-0.049851126968860626,-0.05370939522981644,-0.05201146751642227,-0.050803445279598236,-0.042823947966098785,-0.044002190232276917,-0.044265374541282654,-0.04175394028425217,-0.03648772090673447,-0.03478209674358368,-0.034064531326293945,-0.032053142786026,-0.0336686447262764,-0.03437566012144089,-0.0316246822476387,-0.03126464784145355,-0.03251420706510544,-0.026645323261618614,-0.024081096053123474,-0.025134984403848648,-0.022405177354812622,-0.020307332277297974,-0.02029767818748951,-0.020318061113357544,-0.015695488080382347,-0.016345227137207985,-0.013690725900232792,-0.013449597172439098,-0.009539904072880745,-0.008184877224266529,-0.008945832960307598,-0.008779328316450119,-0.006284684874117374,-0.005347209982573986,-0.005732337012887001,-0.0011992789804935455,-0.002723284997045994,0.0026622291188687086,0.0022176611237227917,0.0018931895028799772,0.00207471358589828,0.001947012497112155,0.004409862216562033,0.004011533688753843,0.0042377556674182415,0.007485852111130953,0.0054417443461716175,0.0073453341610729694,0.00926656648516655,0.011294878087937832,0.008396385237574577,0.006740571465343237,0.01027824729681015,0.010892271995544434,0.011914005503058434,0.010746940039098263,0.011519013904035091,0.003407479962334037,-0.04648355394601822,-0.17836114764213562
train,ICBHI_155,155_2b1_Al_mc_LittC2SE,/home/sahith/projects/minor_project_408/data/raw/audio_and_text_files/155_2b1_Al_mc_LittC2SE.wav,LittC2SE,0.27913472056388855,0.11248020082712173,0.25893858075141907,-0.2110491693019867,0.1576533168554306,0.030958162620663643,0.10668055713176727,-0.005176057107746601,0.06612107157707214,-0.03486405313014984,0.031814441084861755,-0.028814230114221573,-0.008259479887783527,-0.03214117884635925,-0.05769813060760498,-0.024244554340839386,-0.06792332231998444,-0.04904412478208542,-0.04072151333093643,-0.05728123337030411,-0.045822277665138245,-0.051816679537296295,-0.05769914388656616,-0.05586382746696472,-0.031331613659858704,-0.04131856560707092,-0.036505959928035736,-0.0378400981426239,-0.04238824546337128,-0.054035335779190063,-0.05257280915975571,-0.0535833016037941,-0.05543423444032669,-0.049526676535606384,-0.051781781017780304,-0.054574720561504364,-0.05791953206062317,-0.062157973647117615,-0.06379758566617966,-0.06293935328722,-0.06242142617702484,-0.05950695276260376,-0.05747608095407486,-0.05808403342962265,-0.0626571848988533,-0.06627310067415237,-0.07153956592082977,-0.07480331510305405,-0.06840557605028152,-0.06948818266391754,-0.06820894032716751,-0.06580545008182526,-0.06853434443473816,-0.06701460480690002,-0.07508011162281036,-0.07377815991640091,-0.06580357253551483,-0.06740956753492355,-0.06809455901384354,-0.05725843459367752,-0.06524300575256348,-0.05555213242769241,-0.06376918405294418,-0.05670486390590668,-0.06041939556598663,-0.052807919681072235,-0.05886445939540863,-0.0550428181886673,-0.049851126968860626,-0.05370939522981644,-0.05201146751642227,-0.050803445279598236,-0.042823947966098785,-0.044002190232276917,-0.044265374541282654,-0.04175394028425217,-0.03648772090673447,-0.03478209674358368,-0.034064531326293945,-0.032053142786026,-0.0336686447262764,-0.03437566012144089,-0.0316246822476387,-0.03126464784145355,-0.03251420706510544,-0.026645323261618614,-0.024081096053123474,-0.025134984403848648,-0.022405177354812622,-0.020307332277297974,-0.02029767818748951,-0.020318061113357544,-0.015695488080382347,-0.016345227137207985,-0.013690725900232792,-0.013449597172439098,-0.009539904072880745,-0.008184877224266529,-0.008945832960307598,-0.008779328316450119,-0.006284684874117374,-0.005347209982573986,-0.005732337012887001,-0.0011992789804935455,-0.002723284997045994,0.0026622291188687086,0.0022176611237227917,0.0018931895028799772,0.00207471358589828,0.001947012497112155,0.004409862216562033,0.004011533688753843,0.0042377556674182415,0.007485852111130953,0.0054417443461716175,0.0073453341610729694,0.00926656648516655,0.011294878087937832,0.008396385237574577,0.006740571465343237,0.01027824729681015,0.010892271995544434,0.011914005503058434,0.010746940039098263,0.011519013904035091,0.003407479962334037,-0.04648355394601822,-0.17836114764213562
train,ICBHI_155,155_2b1_Al_mc_LittC2SE,/home/sahith/projects/minor_project_408/data/raw/audio_and_text_files/155_2b1_Al_mc_LittC2SE.wav,LittC2SE,0.27913472056388855,0.11248020082712173,0.25893858075141907,-0.2110491693019867,0.1576533168554306,0.030958162620663643,0.10668055713176727,-0.005176057107746601,0.06612107157707214,-0.03486405313014984,0.031814441084861755,-0.028814230114221573,-0.008259479887783527,-0.03214117884635925,-0.05769813060760498,-0.024244554340839386,-0.06792332231998444,-0.04904412478208542,-0.04072151333093643,-0.05728123337030411,-0.045822277665138245,-0.051816679537296295,-0.05769914388656616,-0.05586382746696472,-0.031331613659858704,-0.04131856560707092,-0.036505959928035736,-0.0378400981426239,-0.04238824546337128,-0.054035335779190063,-0.05257280915975571,-0.0535833016037941,-0.05543423444032669,-0.049526676535606384,-0.051781781017780304,-0.054574720561504364,-0.05791953206062317,-0.062157973647117615,-0.06379758566617966,-0.06293935328722,-0.06242142617702484,-0.05950695276260376,-0.05747608095407486,-0.05808403342962265,-0.0626571848988533,-0.06627310067415237,-0.07153956592082977,-0.07480331510305405,-0.06840557605028152,-0.06948818266391754,-0.06820894032716751,-0.06580545008182526,-0.06853434443473816,-0.06701460480690002,-0.07508011162281036,-0.07377815991640091,-0.06580357253551483,-0.06740956753492355,-0.06809455901384354,-0.05725843459367752,-0.06524300575256348,-0.05555213242769241,-0.06376918405294418,-0.05670486390590668,-0.06041939556598663,-0.052807919681072235,-0.05886445939540863,-0.0550428181886673,-0.049851126968860626,-0.05370939522981644,-0.05201146751642227,-0.050803445279598236,-0.042823947966098785,-0.044002190232276917,-0.044265374541282654,-0.04175394028425217,-0.03648772090673447,-0.03478209674358368,-0.034064531326293945,-0.032053142786026,-0.0336686447262764,-0.03437566012144089,-0.0316246822476387,-0.03126464784145355,-0.03251420706510544,-0.026645323261618614,-0.024081096053123474,-0.025134984403848648,-0.022405177354812622,-0.020307332277297974,-0.02029767818748951,-0.020318061113357544,-0.015695488080382347,-0.016345227137207985,-0.013690725900232792,-0.013449597172439098,-0.009539904072880745,-0.008184877224266529,-0.008945832960307598,-0.008779328316450119,-0.006284684874117374,-0.005347209982573986,-0.005732337012887001,-0.0011992789804935455,-0.002723284997045994,0.0026622291188687086,0.0022176611237227917,0.0018931895028799772,0.00207471358589828,0.001947012497112155,0.004409862216562033,0.004011533688753843,0.0042377556674182415,0.007485852111130953,0.0054417443461716175,0.0073453341610729694,0.00926656648516655,0.011294878087937832,0.008396385237574577,0.006740571465343237,0.01027824729681015,0.010892271995544434,0.011914005503058434,0.010746940039098263,0.011519013904035091,0.003407479962334037,-0.04648355394601822,-0.17836114764213562
train,ICBHI_155,155_2b1_Al_mc_LittC2SE,/home/sahith/projects/minor_project_408/data/raw/audio_and_text_files/155_2b1_Al_mc_LittC2SE.wav,LittC2SE,0.27913472056388855,0.11248020082712173,0.25893858075141907,-0.2110491693019867,0.1576533168554306,0.030958162620663643,0.10668055713176727,-0.005176057107746601,0.06612107157707214,-0.03486405313014984,0.031814441084861755,-0.028814230114221573,-0.008259479887783527,-0.03214117884635925,-0.05769813060760498,-0.024244554340839386,-0.06792332231998444,-0.04904412478208542,-0.04072151333093643,-0.05728123337030411,-0.045822277665138245,-0.051816679537296295,-0.05769914388656616,-0.05586382746696472,-0.031331613659858704,-0.04131856560707092,-0.036505959928035736,-0.0378400981426239,-0.04238824546337128,-0.054035335779190063,-0.05257280915975571,-0.0535833016037941,-0.05543423444032669,-0.049526676535606384,-0.051781781017780304,-0.054574720561504364,-0.05791953206062317,-0.062157973647117615,-0.06379758566617966,-0.06293935328722,-0.06242142617702484,-0.05950695276260376,-0.05747608095407486,-0.05808403342962265,-0.0626571848988533,-0.06627310067415237,-0.07153956592082977,-0.07480331510305405,-0.06840557605028152,-0.06948818266391754,-0.06820894032716751,-0.06580545008182526,-0.06853434443473816,-0.06701460480690002,-0.07508011162281036,-0.07377815991640091,-0.06580357253551483,-0.06740956753492355,-0.06809455901384354,-0.05725843459367752,-0.06524300575256348,-0.05555213242769241,-0.06376918405294418,-0.05670486390590668,-0.06041939556598663,-0.052807919681072235,-0.05886445939540863,-0.0550428181886673,-0.049851126968860626,-0.05370939522981644,-0.05201146751642227,-0.050803445279598236,-0.042823947966098785,-0.044002190232276917,-0.044265374541282654,-0.04175394028425217,-0.03648772090673447,-0.03478209674358368,-0.034064531326293945,-0.032053142786026,-0.0336686447262764,-0.03437566012144089,-0.0316246822476387,-0.03126464784145355,-0.03251420706510544,-0.026645323261618614,-0.024081096053123474,-0.025134984403848648,-0.022405177354812622,-0.020307332277297974,-0.02029767818748951,-0.020318061113357544,-0.015695488080382347,-0.016345227137207985,-0.013690725900232792,-0.013449597172439098,-0.009539904072880745,-0.008184877224266529,-0.008945832960307598,-0.008779328316450119,-0.006284684874117374,-0.005347209982573986,-0.005732337012887001,-0.0011992789804935455,-0.002723284997045994,0.0026622291188687086,0.0022176611237227917,0.0018931895028799772,0.00207471358589828,0.001947012497112155,0.004409862216562033,0.004011533688753843,0.0042377556674182415,0.007485852111130953,0.0054417443461716175,0.0073453341610729694,0.00926656648516655,0.011294878087937832,0.008396385237574577,0.006740571465343237,0.01027824729681015,0.010892271995544434,0.011914005503058434,0.010746940039098263,0.011519013904035091,0.003407479962334037,-0.04648355394601822,-0.17836114764213562
train,ICBHI_158,158_1b3_Ar_mc_LittC2SE,/home/sahith/projects/minor_project_408/data/raw/audio_and_text_files/158_1b3_Ar_mc_LittC2SE.wav,LittC2SE,0.12513843178749084,-0.033798471093177795,0.11224701255559921,-0.2110491693019867,0.036398664116859436,-0.08788518607616425,-0.014942964538931847,-0.12220471352338791,-0.04205714166164398,-0.12368684262037277,-0.06015279144048691,-0.09981626272201538,-0.08043943345546722,-0.08051188290119171,-0.10507369041442871,-0.0735640600323677,-0.1227625384926796,-0.10466919094324112,-0.11609485745429993,-0.13708332180976868,-0.12962597608566284,-0.14028482139110565,-0.15205441415309906,-0.1503198891878128,-0.14103184640407562,-0.15565545856952667,-0.15428242087364197,-0.15282726287841797,-0.15150171518325806,-0.1640281230211258,-0.1652297079563141,-0.16877718269824982,-0.17009472846984863,-0.16758231818675995,-0.17092293500900269,-0.16849373281002045,-0.16427364945411682,-0.15916892886161804,-0.15606677532196045,-0.15620997548103333,-0.157993882894516,-0.16255658864974976,-0.16641896963119507,-0.16707158088684082,-0.16610842943191528,-0.16749988496303558,-0.169956773519516,-0.16888552904129028,-0.1614079624414444,-0.16495810449123383,-0.16602931916713715,-0.1663026511669159,-0.16317932307720184,-0.15406890213489532,-0.16010063886642456,-0.1617054045200348,-0.1556648164987564,-0.1569867730140686,-0.15952996909618378,-0.1505305916070938,-0.15751148760318756,-0.14990943670272827,-0.15365588665008545,-0.1477382928133011,-0.15372753143310547,-0.14523890614509583,-0.1470319926738739,-0.14476360380649567,-0.14254024624824524,-0.14475832879543304,-0.14125166833400726,-0.14279857277870178,-0.14087176322937012,-0.1388414204120636,-0.13218213617801666,-0.13167503476142883,-0.1323142796754837,-0.12990695238113403,-0.1303272396326065,-0.13047488033771515,-0.13057023286819458,-0.12479109317064285,-0.12131062895059586,-0.12231139838695526,-0.12571604549884796,-0.11871032416820526,-0.11954395473003387,-0.11986011266708374,-0.11695598065853119,-0.11654504388570786,-0.11579785495996475,-0.11390284448862076,-0.10935529321432114,-0.10676537454128265,-0.11009780317544937,-0.11054250597953796,-0.10659409314393997,-0.10599933564662933,-0.10585257411003113,-0.10196467489004135,-0.10193222016096115,-0.10024549812078476,-0.09946854412555695,-0.09730634838342667,-0.09658210724592209,-0.09531356394290924,-0.0938238576054573,-0.09582526981830597,-0.093925841152668,-0.0949203372001648,-0.09695081412792206,-0.09075033664703369,-0.0876835435628891,-0.09134514629840851,-0.0874532088637352,-0.08740439265966415,-0.088738352060318,-0.08680757880210876,-0.08538132160902023,-0.08497273921966553,-0.0858021080493927,-0.08617816865444183,-0.08254264295101166,-0.08264923840761185,-0.08489249646663666,-0.09590274095535278,-0.14352142810821533,-0.2110254466533661
train,ICBHI_158,158_1b3_Ar_mc_LittC2SE,/home/sahith/projects/minor_project_408/data/raw/audio_and_text_files/158_1b3_Ar_mc_LittC2SE.wav,LittC2SE,0.12513843178749084,-0.033798471093177795,0.11224701255559921,-0.2110491693019867,0.036398664116859436,-0.08788518607616425,-0.014942964538931847,-0.12220471352338791,-0.04205714166164398,-0.12368684262037277,-0.06015279144048691,-0.09981626272201538,-0.08043943345546722,-0.08051188290119171,-0.10507369041442871,-0.0735640600323677,-0.1227625384926796,-0.10466919094324112,-0.11609485745429993,-0.13708332180976868,-0.12962597608566284,-0.14028482139110565,-0.15205441415309906,-0.1503198891878128,-0.14103184640407562,-0.15565545856952667,-0.15428242087364197,-0.15282726287841797,-0.15150171518325806,-0.1640281230211258,-0.1652297079563141,-0.16877718269824982,-0.17009472846984863,-0.16758231818675995,-0.17092293500900269,-0.16849373281002045,-0.16427364945411682,-0.15916892886161804,-0.15606677532196045,-0.15620997548103333,-0.157993882894516,-0.16255658864974976,-0.16641896963119507,-0.16707158088684082,-0.16610842943191528,-0.16749988496303558,-0.169956773519516,-0.16888552904129028,-0.1614079624414444,-0.16495810449123383,-0.16602931916713715,-0.1663026511669159,-0.16317932307720184,-0.15406890213489532,-0.16010063886642456,-0.1617054045200348,-0.1556648164987564,-0.1569867730140686,-0.15952996909618378,-0.1505305916070938,-0.15751148760318756,-0.14990943670272827,-0.15365588665008545,-0.1477382928133011,-0.15372753143310547,-0.14523890614509583,-0.1470319926738739,-0.14476360380649567,-0.14254024624824524,-0.14475832879543304,-0.14125166833400726,-0.14279857277870178,-0.14087176322937012,-0.1388414204120636,-0.13218213617801666,-0.13167503476142883,-0.1323142796754837,-0.12990695238113403,-0.1303272396326065,-0.13047488033771515,-0.13057023286819458,-0.12479109317064285,-0.12131062895059586,-0.12231139838695526,-0.12571604549884796,-0.11871032416820526,-0.11954395473003387,-0.11986011266708374,-0.11695598065853119,-0.11654504388570786,-0.11579785495996475,-0.11390284448862076,-0.10935529321432114,-0.10676537454128265,-0.11009780317544937,-0.11054250597953796,-0.10659409314393997,-0.10599933564662933,-0.10585257411003113,-0.10196467489004135,-0.10193222016096115,-0.10024549812078476,-0.09946854412555695,-0.09730634838342667,-0.09658210724592209,-0.09531356394290924,-0.0938238576054573,-0.09582526981830597,-0.093925841152668,-0.0949203372001648,-0.09695081412792206,-0.09075033664703369,-0.0876835435628891,-0.09134514629840851,-0.0874532088637352,-0.08740439265966415,-0.088738352060318,-0.08680757880210876,-0.08538132160902023,-0.08497273921966553,-0.0858021080493927,-0.08617816865444183,-0.08254264295101166,-0.08264923840761185,-0.08489249646663666,-0.09590274095535278,-0.14352142810821533,-0.2110254466533661
train,ICBHI_158,158_1b3_Ar_mc_LittC2SE,/home/sahith/projects/minor_project_408/data/raw/audio_and_text_files/158_1b3_Ar_mc_LittC2SE.wav,LittC2SE,0.12513843178749084,-0.033798471093177795,0.11224701255559921,-0.2110491693019867,0.036398664116859436,-0.08788518607616425,-0.014942964538931847,-0.12220471352338791,-0.04205714166164398,-0.12368684262037277,-0.06015279144048691,-0.09981626272201538,-0.08043943345546722,-0.08051188290119171,-0.10507369041442871,-0.0735640600323677,-0.1227625384926796,-0.10466919094324112,-0.11609485745429993,-0.13708332180976868,-0.12962597608566284,-0.14028482139110565,-0.15205441415309906,-0.1503198891878128,-0.14103184640407562,-0.15565545856952667,-0.15428242087364197,-0.15282726287841797,-0.15150171518325806,-0.1640281230211258,-0.1652297079563141,-0.16877718269824982,-0.17009472846984863,-0.16758231818675995,-0.17092293500900269,-0.16849373281002045,-0.16427364945411682,-0.15916892886161804,-0.15606677532196045,-0.15620997548103333,-0.157993882894516,-0.16255658864974976,-0.16641896963119507,-0.16707158088684082,-0.16610842943191528,-0.16749988496303558,-0.169956773519516,-0.16888552904129028,-0.1614079624414444,-0.16495810449123383,-0.16602931916713715,-0.1663026511669159,-0.16317932307720184,-0.15406890213489532,-0.16010063886642456,-0.1617054045200348,-0.1556648164987564,-0.1569867730140686,-0.15952996909618378,-0.1505305916070938,-0.15751148760318756,-0.14990943670272827,-0.15365588665008545,-0.1477382928133011,-0.15372753143310547,-0.14523890614509583,-0.1470319926738739,-0.14476360380649567,-0.14254024624824524,-0.14475832879543304,-0.14125166833400726,-0.14279857277870178,-0.14087176322937012,-0.1388414204120636,-0.13218213617801666,-0.13167503476142883,-0.1323142796754837,-0.12990695238113403,-0.1303272396326065,-0.13047488033771515,-0.13057023286819458,-0.12479109317064285,-0.12131062895059586,-0.12231139838695526,-0.12571604549884796,-0.11871032416820526,-0.11954395473003387,-0.11986011266708374,-0.11695598065853119,-0.11654504388570786,-0.11579785495996475,-0.11390284448862076,-0.10935529321432114,-0.10676537454128265,-0.11009780317544937,-0.11054250597953796,-0.10659409314393997,-0.10599933564662933,-0.10585257411003113,-0.10196467489004135,-0.10193222016096115,-0.10024549812078476,-0.09946854412555695,-0.09730634838342667,-0.09658210724592209,-0.09531356394290924,-0.0938238576054573,-0.09582526981830597,-0.093925841152668,-0.0949203372001648,-0.09695081412792206,-0.09075033664703369,-0.0876835435628891,-0.09134514629840851,-0.0874532088637352,-0.08740439265966415,-0.088738352060318,-0.08680757880210876,-0.08538132160902023,-0.08497273921966553,-0.0858021080493927,-0.08617816865444183,-0.08254264295101166,-0.08264923840761185,-0.08489249646663666,-0.09590274095535278,-0.14352142810821533,-0.2110254466533661
train,ICBHI_158,158_1b3_Ar_mc_LittC2SE,/home/sahith/projects/minor_project_408/data/raw/audio_and_text_files/158_1b3_Ar_mc_LittC2SE.wav,LittC2SE,0.12513843178749084,-0.033798471093177795,0.11224701255559921,-0.2110491693019867,0.036398664116859436,-0.08788518607616425,-0.014942964538931847,-0.12220471352338791,-0.04205714166164398,-0.12368684262037277,-0.06015279144048691,-0.09981626272201538,-0.08043943345546722,-0.08051188290119171,-0.10507369041442871,-0.0735640600323677,-0.1227625384926796,-0.10466919094324112,-0.11609485745429993,-0.13708332180976868,-0.12962597608566284,-0.14028482139110565,-0.15205441415309906,-0.1503198891878128,-0.14103184640407562,-0.15565545856952667,-0.15428242087364197,-0.15282726287841797,-0.15150171518325806,-0.1640281230211258,-0.1652297079563141,-0.16877718269824982,-0.17009472846984863,-0.16758231818675995,-0.17092293500900269,-0.16849373281002045,-0.16427364945411682,-0.15916892886161804,-0.15606677532196045,-0.15620997548103333,-0.157993882894516,-0.16255658864974976,-0.16641896963119507,-0.16707158088684082,-0.16610842943191528,-0.16749988496303558,-0.169956773519516,-0.16888552904129028,-0.1614079624414444,-0.16495810449123383,-0.16602931916713715,-0.1663026511669159,-0.16317932307720184,-0.15406890213489532,-0.16010063886642456,-0.1617054045200348,-0.1556648164987564,-0.1569867730140686,-0.15952996909618378,-0.1505305916070938,-0.15751148760318756,-0.14990943670272827,-0.15365588665008545,-0.1477382928133011,-0.15372753143310547,-0.14523890614509583,-0.1470319926738739,-0.14476360380649567,-0.14254024624824524,-0.14475832879543304,-0.14125166833400726,-0.14279857277870178,-0.14087176322937012,-0.1388414204120636,-0.13218213617801666,-0.13167503476142883,-0.1323142796754837,-0.12990695238113403,-0.1303272396326065,-0.13047488033771515,-0.13057023286819458,-0.12479109317064285,-0.12131062895059586,-0.12231139838695526,-0.12571604549884796,-0.11871032416820526,-0.11954395473003387,-0.11986011266708374,-0.11695598065853119,-0.11654504388570786,-0.11579785495996475,-0.11390284448862076,-0.10935529321432114,-0.10676537454128265,-0.11009780317544937,-0.11054250597953796,-0.10659409314393997,-0.10599933564662933,-0.10585257411003113,-0.10196467489004135,-0.10193222016096115,-0.10024549812078476,-0.09946854412555695,-0.09730634838342667,-0.09658210724592209,-0.09531356394290924,-0.0938238576054573,-0.09582526981830597,-0.093925841152668,-0.0949203372001648,-0.09695081412792206,-0.09075033664703369,-0.0876835435628891,-0.09134514629840851,-0.0874532088637352,-0.08740439265966415,-0.088738352060318,-0.08680757880210876,-0.08538132160902023,-0.08497273921966553,-0.0858021080493927,-0.08617816865444183,-0.08254264295101166,-0.08264923840761185,-0.08489249646663666,-0.09590274095535278,-0.14352142810821533,-0.2110254466533661
train,ICBHI_158,158_1b3_Ar_mc_LittC2SE,/home/sahith/projects/minor_project_408/data/raw/audio_and_text_files/158_1b3_Ar_mc_LittC2SE.wav,LittC2SE,0.12513843178749084,-0.033798471093177795,0.11224701255559921,-0.2110491693019867,0.036398664116859436,-0.08788518607616425,-0.014942964538931847,-0.12220471352338791,-0.04205714166164398,-0.12368684262037277,-0.06015279144048691,-0.09981626272201538,-0.08043943345546722,-0.08051188290119171,-0.10507369041442871,-0.0735640600323677,-0.1227625384926796,-0.10466919094324112,-0.11609485745429993,-0.13708332180976868,-0.12962597608566284,-0.14028482139110565,-0.15205441415309906,-0.1503198891878128,-0.14103184640407562,-0.15565545856952667,-0.15428242087364197,-0.15282726287841797,-0.15150171518325806,-0.1640281230211258,-0.1652297079563141,-0.16877718269824982,-0.17009472846984863,-0.16758231818675995,-0.17092293500900269,-0.16849373281002045,-0.16427364945411682,-0.15916892886161804,-0.15606677532196045,-0.15620997548103333,-0.157993882894516,-0.16255658864974976,-0.16641896963119507,-0.16707158088684082,-0.16610842943191528,-0.16749988496303558,-0.169956773519516,-0.16888552904129028,-0.1614079624414444,-0.16495810449123383,-0.16602931916713715,-0.1663026511669159,-0.16317932307720184,-0.15406890213489532,-0.16010063886642456,-0.1617054045200348,-0.1556648164987564,-0.1569867730140686,-0.15952996909618378,-0.1505305916070938,-0.15751148760318756,-0.14990943670272827,-0.15365588665008545,-0.1477382928133011,-0.15372753143310547,-0.14523890614509583,-0.1470319926738739,-0.14476360380649567,-0.14254024624824524,-0.14475832879543304,-0.14125166833400726,-0.14279857277870178,-0.14087176322937012,-0.1388414204120636,-0.13218213617801666,-0.13167503476142883,-0.1323142796754837,-0.12990695238113403,-0.1303272396326065,-0.13047488033771515,-0.13057023286819458,-0.12479109317064285,-0.12131062895059586,-0.12231139838695526,-0.12571604549884796,-0.11871032416820526,-0.11954395473003387,-0.11986011266708374,-0.11695598065853119,-0.11654504388570786,-0.11579785495996475,-0.11390284448862076,-0.10935529321432114,-0.10676537454128265,-0.11009780317544937,-0.11054250597953796,-0.10659409314393997,-0.10599933564662933,-0.10585257411003113,-0.10196467489004135,-0.10193222016096115,-0.10024549812078476,-0.09946854412555695,-0.09730634838342667,-0.09658210724592209,-0.09531356394290924,-0.0938238576054573,-0.09582526981830597,-0.093925841152668,-0.0949203372001648,-0.09695081412792206,-0.09075033664703369,-0.0876835435628891,-0.09134514629840851,-0.0874532088637352,-0.08740439265966415,-0.088738352060318,-0.08680757880210876,-0.08538132160902023,-0.08497273921966553,-0.0858021080493927,-0.08617816865444183,-0.08254264295101166,-0.08264923840761185,-0.08489249646663666,-0.09590274095535278,-0.14352142810821533,-0.2110254466533661
train,ICBHI_158,158_1b3_Ar_mc_LittC2SE,/home/sahith/projects/minor_project_408/data/raw/audio_and_text_files/158_1b3_Ar_mc_LittC2SE.wav,LittC2SE,0.12513843178749084,-0.033798471093177795,0.11224701255559921,-0.2110491693019867,0.036398664116859436,-0.08788518607616425,-0.014942964538931847,-0.12220471352338791,-0.04205714166164398,-0.12368684262037277,-0.06015279144048691,-0.09981626272201538,-0.08043943345546722,-0.08051188290119171,-0.10507369041442871,-0.0735640600323677,-0.1227625384926796,-0.10466919094324112,-0.11609485745429993,-0.13708332180976868,-0.12962597608566284,-0.14028482139110565,-0.15205441415309906,-0.1503198891878128,-0.14103184640407562,-0.15565545856952667,-0.15428242087364197,-0.15282726287841797,-0.15150171518325806,-0.1640281230211258,-0.1652297079563141,-0.16877718269824982,-0.17009472846984863,-0.16758231818675995,-0.17092293500900269,-0.16849373281002045,-0.16427364945411682,-0.15916892886161804,-0.15606677532196045,-0.15620997548103333,-0.157993882894516,-0.16255658864974976,-0.16641896963119507,-0.16707158088684082,-0.16610842943191528,-0.16749988496303558,-0.169956773519516,-0.16888552904129028,-0.1614079624414444,-0.16495810449123383,-0.16602931916713715,-0.1663026511669159,-0.16317932307720184,-0.15406890213489532,-0.16010063886642456,-0.1617054045200348,-0.1556648164987564,-0.1569867730140686,-0.15952996909618378,-0.1505305916070938,-0.15751148760318756,-0.14990943670272827,-0.15365588665008545,-0.1477382928133011,-0.15372753143310547,-0.14523890614509583,-0.1470319926738739,-0.14476360380649567,-0.14254024624824524,-0.14475832879543304,-0.14125166833400726,-0.14279857277870178,-0.14087176322937012,-0.1388414204120636,-0.13218213617801666,-0.13167503476142883,-0.1323142796754837,-0.12990695238113403,-0.1303272396326065,-0.13047488033771515,-0.13057023286819458,-0.12479109317064285,-0.12131062895059586,-0.12231139838695526,-0.12571604549884796,-0.11871032416820526,-0.11954395473003387,-0.11986011266708374,-0.11695598065853119,-0.11654504388570786,-0.11579785495996475,-0.11390284448862076,-0.10935529321432114,-0.10676537454128265,-0.11009780317544937,-0.11054250597953796,-0.10659409314393997,-0.10599933564662933,-0.10585257411003113,-0.10196467489004135,-0.10193222016096115,-0.10024549812078476,-0.09946854412555695,-0.09730634838342667,-0.09658210724592209,-0.09531356394290924,-0.0938238576054573,-0.09582526981830597,-0.093925841152668,-0.0949203372001648,-0.09695081412792206,-0.09075033664703369,-0.0876835435628891,-0.09134514629840851,-0.0874532088637352,-0.08740439265966415,-0.088738352060318,-0.08680757880210876,-0.08538132160902023,-0.08497273921966553,-0.0858021080493927,-0.08617816865444183,-0.08254264295101166,-0.08264923840761185,-0.08489249646663666,-0.09590274095535278,-0.14352142810821533,-0.2110254466533661
train,ICBHI_158,158_1b3_Ar_mc_LittC2SE,/home/sahith/projects/minor_project_408/data/raw/audio_and_text_files/158_1b3_Ar_mc_LittC2SE.wav,LittC2SE,0.12513843178749084,-0.033798471093177795,0.11224701255559921,-0.2110491693019867,0.036398664116859436,-0.08788518607616425,-0.014942964538931847,-0.12220471352338791,-0.04205714166164398,-0.12368684262037277,-0.06015279144048691,-0.09981626272201538,-0.08043943345546722,-0.08051188290119171,-0.10507369041442871,-0.0735640600323677,-0.1227625384926796,-0.10466919094324112,-0.11609485745429993,-0.13708332180976868,-0.12962597608566284,-0.14028482139110565,-0.15205441415309906,-0.1503198891878128,-0.14103184640407562,-0.15565545856952667,-0.15428242087364197,-0.15282726287841797,-0.15150171518325806,-0.1640281230211258,-0.1652297079563141,-0.16877718269824982,-0.17009472846984863,-0.16758231818675995,-0.17092293500900269,-0.16849373281002045,-0.16427364945411682,-0.15916892886161804,-0.15606677532196045,-0.15620997548103333,-0.157993882894516,-0.16255658864974976,-0.16641896963119507,-0.16707158088684082,-0.16610842943191528,-0.16749988496303558,-0.169956773519516,-0.16888552904129028,-0.1614079624414444,-0.16495810449123383,-0.16602931916713715,-0.1663026511669159,-0.16317932307720184,-0.15406890213489532,-0.16010063886642456,-0.1617054045200348,-0.1556648164987564,-0.1569867730140686,-0.15952996909618378,-0.1505305916070938,-0.15751148760318756,-0.14990943670272827,-0.15365588665008545,-0.1477382928133011,-0.15372753143310547,-0.14523890614509583,-0.1470319926738739,-0.14476360380649567,-0.14254024624824524,-0.14475832879543304,-0.14125166833400726,-0.14279857277870178,-0.14087176322937012,-0.1388414204120636,-0.13218213617801666,-0.13167503476142883,-0.1323142796754837,-0.12990695238113403,-0.1303272396326065,-0.13047488033771515,-0.13057023286819458,-0.12479109317064285,-0.12131062895059586,-0.12231139838695526,-0.12571604549884796,-0.11871032416820526,-0.11954395473003387,-0.11986011266708374,-0.11695598065853119,-0.11654504388570786,-0.11579785495996475,-0.11390284448862076,-0.10935529321432114,-0.10676537454128265,-0.11009780317544937,-0.11054250597953796,-0.10659409314393997,-0.10599933564662933,-0.10585257411003113,-0.10196467489004135,-0.10193222016096115,-0.10024549812078476,-0.09946854412555695,-0.09730634838342667,-0.09658210724592209,-0.09531356394290924,-0.0938238576054573,-0.09582526981830597,-0.093925841152668,-0.0949203372001648,-0.09695081412792206,-0.09075033664703369,-0.0876835435628891,-0.09134514629840851,-0.0874532088637352,-0.08740439265966415,-0.088738352060318,-0.08680757880210876,-0.08538132160902023,-0.08497273921966553,-0.0858021080493927,-0.08617816865444183,-0.08254264295101166,-0.08264923840761185,-0.08489249646663666,-0.09590274095535278,-0.14352142810821533,-0.2110254466533661
train,ICBHI_158,158_1b3_Ar_mc_LittC2SE,/home/sahith/projects/minor_project_408/data/raw/audio_and_text_files/158_1b3_Ar_mc_LittC2SE.wav,LittC2SE,0.12513843178749084,-0.033798471093177795,0.11224701255559921,-0.2110491693019867,0.036398664116859436,-0.08788518607616425,-0.014942964538931847,-0.12220471352338791,-0.04205714166164398,-0.12368684262037277,-0.06015279144048691,-0.09981626272201538,-0.08043943345546722,-0.08051188290119171,-0.10507369041442871,-0.0735640600323677,-0.1227625384926796,-0.10466919094324112,-0.11609485745429993,-0.13708332180976868,-0.12962597608566284,-0.14028482139110565,-0.15205441415309906,-0.1503198891878128,-0.14103184640407562,-0.15565545856952667,-0.15428242087364197,-0.15282726287841797,-0.15150171518325806,-0.1640281230211258,-0.1652297079563141,-0.16877718269824982,-0.17009472846984863,-0.16758231818675995,-0.17092293500900269,-0.16849373281002045,-0.16427364945411682,-0.15916892886161804,-0.15606677532196045,-0.15620997548103333,-0.157993882894516,-0.16255658864974976,-0.16641896963119507,-0.16707158088684082,-0.16610842943191528,-0.16749988496303558,-0.169956773519516,-0.16888552904129028,-0.1614079624414444,-0.16495810449123383,-0.16602931916713715,-0.1663026511669159,-0.16317932307720184,-0.15406890213489532,-0.16010063886642456,-0.1617054045200348,-0.1556648164987564,-0.1569867730140686,-0.15952996909618378,-0.1505305916070938,-0.15751148760318756,-0.14990943670272827,-0.15365588665008545,-0.1477382928133011,-0.15372753143310547,-0.14523890614509583,-0.1470319926738739,-0.14476360380649567,-0.14254024624824524,-0.14475832879543304,-0.14125166833400726,-0.14279857277870178,-0.14087176322937012,-0.1388414204120636,-0.13218213617801666,-0.13167503476142883,-0.1323142796754837,-0.12990695238113403,-0.1303272396326065,-0.13047488033771515,-0.13057023286819458,-0.12479109317064285,-0.12131062895059586,-0.12231139838695526,-0.12571604549884796,-0.11871032416820526,-0.11954395473003387,-0.11986011266708374,-0.11695598065853119,-0.11654504388570786,-0.11579785495996475,-0.11390284448862076,-0.10935529321432114,-0.10676537454128265,-0.11009780317544937,-0.11054250597953796,-0.10659409314393997,-0.10599933564662933,-0.10585257411003113,-0.10196467489004135,-0.10193222016096115,-0.10024549812078476,-0.09946854412555695,-0.09730634838342667,-0.09658210724592209,-0.09531356394290924,-0.0938238576054573,-0.09582526981830597,-0.093925841152668,-0.0949203372001648,-0.09695081412792206,-0.09075033664703369,-0.0876835435628891,-0.09134514629840851,-0.0874532088637352,-0.08740439265966415,-0.088738352060318,-0.08680757880210876,-0.08538132160902023,-0.08497273921966553,-0.0858021080493927,-0.08617816865444183,-0.08254264295101166,-0.08264923840761185,-0.08489249646663666,-0.09590274095535278,-0.14352142810821533,-0.2110254466533661
train,ICBHI_158,158_1b3_Ar_mc_LittC2SE,/home/sahith/projects/minor_project_408/data/raw/audio_and_text_files/158_1b3_Ar_mc_LittC2SE.wav,LittC2SE,0.12513843178749084,-0.033798471093177795,0.11224701255559921,-0.2110491693019867,0.036398664116859436,-0.08788518607616425,-0.014942964538931847,-0.12220471352338791,-0.04205714166164398,-0.12368684262037277,-0.06015279144048691,-0.09981626272201538,-0.08043943345546722,-0.08051188290119171,-0.10507369041442871,-0.0735640600323677,-0.1227625384926796,-0.10466919094324112,-0.11609485745429993,-0.13708332180976868,-0.12962597608566284,-0.14028482139110565,-0.15205441415309906,-0.1503198891878128,-0.14103184640407562,-0.15565545856952667,-0.15428242087364197,-0.15282726287841797,-0.15150171518325806,-0.1640281230211258,-0.1652297079563141,-0.16877718269824982,-0.17009472846984863,-0.16758231818675995,-0.17092293500900269,-0.16849373281002045,-0.16427364945411682,-0.15916892886161804,-0.15606677532196045,-0.15620997548103333,-0.157993882894516,-0.16255658864974976,-0.16641896963119507,-0.16707158088684082,-0.16610842943191528,-0.16749988496303558,-0.169956773519516,-0.16888552904129028,-0.1614079624414444,-0.16495810449123383,-0.16602931916713715,-0.1663026511669159,-0.16317932307720184,-0.15406890213489532,-0.16010063886642456,-0.1617054045200348,-0.1556648164987564,-0.1569867730140686,-0.15952996909618378,-0.1505305916070938,-0.15751148760318756,-0.14990943670272827,-0.15365588665008545,-0.1477382928133011,-0.15372753143310547,-0.14523890614509583,-0.1470319926738739,-0.14476360380649567,-0.14254024624824524,-0.14475832879543304,-0.14125166833400726,-0.14279857277870178,-0.14087176322937012,-0.1388414204120636,-0.13218213617801666,-0.13167503476142883,-0.1323142796754837,-0.12990695238113403,-0.1303272396326065,-0.13047488033771515,-0.13057023286819458,-0.12479109317064285,-0.12131062895059586,-0.12231139838695526,-0.12571604549884796,-0.11871032416820526,-0.11954395473003387,-0.11986011266708374,-0.11695598065853119,-0.11654504388570786,-0.11579785495996475,-0.11390284448862076,-0.10935529321432114,-0.10676537454128265,-0.11009780317544937,-0.11054250597953796,-0.10659409314393997,-0.10599933564662933,-0.10585257411003113,-0.10196467489004135,-0.10193222016096115,-0.10024549812078476,-0.09946854412555695,-0.09730634838342667,-0.09658210724592209,-0.09531356394290924,-0.0938238576054573,-0.09582526981830597,-0.093925841152668,-0.0949203372001648,-0.09695081412792206,-0.09075033664703369,-0.0876835435628891,-0.09134514629840851,-0.0874532088637352,-0.08740439265966415,-0.088738352060318,-0.08680757880210876,-0.08538132160902023,-0.08497273921966553,-0.0858021080493927,-0.08617816865444183,-0.08254264295101166,-0.08264923840761185,-0.08489249646663666,-0.09590274095535278,-0.14352142810821533,-0.2110254466533661
train,ICBHI_158,158_1b3_Ar_mc_LittC2SE,/home/sahith/projects/minor_project_408/data/raw/audio_and_text_files/158_1b3_Ar_mc_LittC2SE.wav,LittC2SE,0.12513843178749084,-0.033798471093177795,0.11224701255559921,-0.2110491693019867,0.036398664116859436,-0.08788518607616425,-0.014942964538931847,-0.12220471352338791,-0.04205714166164398,-0.12368684262037277,-0.06015279144048691,-0.09981626272201538,-0.08043943345546722,-0.08051188290119171,-0.10507369041442871,-0.0735640600323677,-0.1227625384926796,-0.10466919094324112,-0.11609485745429993,-0.13708332180976868,-0.12962597608566284,-0.14028482139110565,-0.15205441415309906,-0.1503198891878128,-0.14103184640407562,-0.15565545856952667,-0.15428242087364197,-0.15282726287841797,-0.15150171518325806,-0.1640281230211258,-0.1652297079563141,-0.16877718269824982,-0.17009472846984863,-0.16758231818675995,-0.17092293500900269,-0.16849373281002045,-0.16427364945411682,-0.15916892886161804,-0.15606677532196045,-0.15620997548103333,-0.157993882894516,-0.16255658864974976,-0.16641896963119507,-0.16707158088684082,-0.16610842943191528,-0.16749988496303558,-0.169956773519516,-0.16888552904129028,-0.1614079624414444,-0.16495810449123383,-0.16602931916713715,-0.1663026511669159,-0.16317932307720184,-0.15406890213489532,-0.16010063886642456,-0.1617054045200348,-0.1556648164987564,-0.1569867730140686,-0.15952996909618378,-0.1505305916070938,-0.15751148760318756,-0.14990943670272827,-0.15365588665008545,-0.1477382928133011,-0.15372753143310547,-0.14523890614509583,-0.1470319926738739,-0.14476360380649567,-0.14254024624824524,-0.14475832879543304,-0.14125166833400726,-0.14279857277870178,-0.14087176322937012,-0.1388414204120636,-0.13218213617801666,-0.13167503476142883,-0.1323142796754837,-0.12990695238113403,-0.1303272396326065,-0.13047488033771515,-0.13057023286819458,-0.12479109317064285,-0.12131062895059586,-0.12231139838695526,-0.12571604549884796,-0.11871032416820526,-0.11954395473003387,-0.11986011266708374,-0.11695598065853119,-0.11654504388570786,-0.11579785495996475,-0.11390284448862076,-0.10935529321432114,-0.10676537454128265,-0.11009780317544937,-0.11054250597953796,-0.10659409314393997,-0.10599933564662933,-0.10585257411003113,-0.10196467489004135,-0.10193222016096115,-0.10024549812078476,-0.09946854412555695,-0.09730634838342667,-0.09658210724592209,-0.09531356394290924,-0.0938238576054573,-0.09582526981830597,-0.093925841152668,-0.0949203372001648,-0.09695081412792206,-0.09075033664703369,-0.0876835435628891,-0.09134514629840851,-0.0874532088637352,-0.08740439265966415,-0.088738352060318,-0.08680757880210876,-0.08538132160902023,-0.08497273921966553,-0.0858021080493927,-0.08617816865444183,-0.08254264295101166,-0.08264923840761185,-0.08489249646663666,-0.09590274095535278,-0.14352142810821533,-0.2110254466533661
train,ICBHI_158,158_1b3_Ar_mc_LittC2SE,/home/sahith/projects/minor_project_408/data/raw/audio_and_text_files/158_1b3_Ar_mc_LittC2SE.wav,LittC2SE,0.12513843178749084,-0.033798471093177795,0.11224701255559921,-0.2110491693019867,0.036398664116859436,-0.08788518607616425,-0.014942964538931847,-0.12220471352338791,-0.04205714166164398,-0.12368684262037277,-0.06015279144048691,-0.09981626272201538,-0.08043943345546722,-0.08051188290119171,-0.10507369041442871,-0.0735640600323677,-0.1227625384926796,-0.10466919094324112,-0.11609485745429993,-0.13708332180976868,-0.12962597608566284,-0.14028482139110565,-0.15205441415309906,-0.1503198891878128,-0.14103184640407562,-0.15565545856952667,-0.15428242087364197,-0.15282726287841797,-0.15150171518325806,-0.1640281230211258,-0.1652297079563141,-0.16877718269824982,-0.17009472846984863,-0.16758231818675995,-0.17092293500900269,-0.16849373281002045,-0.16427364945411682,-0.15916892886161804,-0.15606677532196045,-0.15620997548103333,-0.157993882894516,-0.16255658864974976,-0.16641896963119507,-0.16707158088684082,-0.16610842943191528,-0.16749988496303558,-0.169956773519516,-0.16888552904129028,-0.1614079624414444,-0.16495810449123383,-0.16602931916713715,-0.1663026511669159,-0.16317932307720184,-0.15406890213489532,-0.16010063886642456,-0.1617054045200348,-0.1556648164987564,-0.1569867730140686,-0.15952996909618378,-0.1505305916070938,-0.15751148760318756,-0.14990943670272827,-0.15365588665008545,-0.1477382928133011,-0.15372753143310547,-0.14523890614509583,-0.1470319926738739,-0.14476360380649567,-0.14254024624824524,-0.14475832879543304,-0.14125166833400726,-0.14279857277870178,-0.14087176322937012,-0.1388414204120636,-0.13218213617801666,-0.13167503476142883,-0.1323142796754837,-0.12990695238113403,-0.1303272396326065,-0.13047488033771515,-0.13057023286819458,-0.12479109317064285,-0.12131062895059586,-0.12231139838695526,-0.12571604549884796,-0.11871032416820526,-0.11954395473003387,-0.11986011266708374,-0.11695598065853119,-0.11654504388570786,-0.11579785495996475,-0.11390284448862076,-0.10935529321432114,-0.10676537454128265,-0.11009780317544937,-0.11054250597953796,-0.10659409314393997,-0.10599933564662933,-0.10585257411003113,-0.10196467489004135,-0.10193222016096115,-0.10024549812078476,-0.09946854412555695,-0.09730634838342667,-0.09658210724592209,-0.09531356394290924,-0.0938238576054573,-0.09582526981830597,-0.093925841152668,-0.0949203372001648,-0.09695081412792206,-0.09075033664703369,-0.0876835435628891,-0.09134514629840851,-0.0874532088637352,-0.08740439265966415,-0.088738352060318,-0.08680757880210876,-0.08538132160902023,-0.08497273921966553,-0.0858021080493927,-0.08617816865444183,-0.08254264295101166,-0.08264923840761185,-0.08489249646663666,-0.09590274095535278,-0.14352142810821533,-0.2110254466533661
train,ICBHI_181,181_1b1_Ar_mc_LittC2SE,/home/sahith/projects/minor_project_408/data/raw/audio_and_text_files/181_1b1_Ar_mc_LittC2SE.wav,LittC2SE,0.0949922576546669,-0.06716763228178024,0.07814697921276093,-0.2110491693019867,-0.001349274069070816,-0.12546798586845398,-0.050654709339141846,-0.15256935358047485,-0.07149054110050201,-0.14980658888816833,-0.08900073915719986,-0.1337180882692337,-0.11463697999715805,-0.1264437884092331,-0.14902454614639282,-0.11401862651109695,-0.15114043653011322,-0.13193108141422272,-0.12915296852588654,-0.1504073590040207,-0.1421033889055252,-0.15205030143260956,-0.16327731311321259,-0.16145794093608856,-0.1455797702074051,-0.15335455536842346,-0.14957107603549957,-0.14628195762634277,-0.14506013691425323,-0.16058383882045746,-0.16122828423976898,-0.16290156543254852,-0.16546234488487244,-0.1629442423582077,-0.16167476773262024,-0.1614656001329422,-0.16182005405426025,-0.1630621701478958,-0.16466432809829712,-0.1669004112482071,-0.16958589851856232,-0.16979679465293884,-0.1713939756155014,-0.17246608436107635,-0.16967655718326569,-0.16622555255889893,-0.16515488922595978,-0.167252779006958,-0.16677789390087128,-0.16780902445316315,-0.16734600067138672,-0.16642704606056213,-0.16794058680534363,-0.16397206485271454,-0.16746754944324493,-0.16569091379642487,-0.1590878665447235,-0.1605716198682785,-0.16180601716041565,-0.1505502313375473,-0.1604863554239273,-0.15270113945007324,-0.15797516703605652,-0.15221752226352692,-0.15831837058067322,-0.15148110687732697,-0.15442264080047607,-0.1492365449666977,-0.14228753745555878,-0.14458030462265015,-0.1448332816362381,-0.1433500051498413,-0.1360272765159607,-0.13988357782363892,-0.14053402841091156,-0.1421118825674057,-0.1374083012342453,-0.13649456202983856,-0.13635629415512085,-0.13329434394836426,-0.13186585903167725,-0.1288200318813324,-0.12540841102600098,-0.12532535195350647,-0.1273341029882431,-0.123186394572258,-0.12396159023046494,-0.12372585386037827,-0.11984539031982422,-0.11994418501853943,-0.11523668467998505,-0.11343477666378021,-0.11621007323265076,-0.11262145638465881,-0.11058309674263,-0.10909005254507065,-0.1104603111743927,-0.10950091481208801,-0.1070515513420105,-0.10695931315422058,-0.10706540942192078,-0.10263003408908844,-0.10205494612455368,-0.09916991740465164,-0.09970411658287048,-0.09874509274959564,-0.09867136180400848,-0.09880371391773224,-0.09601494669914246,-0.0943160355091095,-0.0952526181936264,-0.09254419803619385,-0.09217096865177155,-0.09202990680932999,-0.0900079682469368,-0.08979414403438568,-0.0904364287853241,-0.0921049490571022,-0.08920805901288986,-0.08832765370607376,-0.0859859436750412,-0.08721857517957687,-0.08971823751926422,-0.08867698907852173,-0.08774660527706146,-0.09715054929256439,-0.1452680230140686,-0.2110491693019867
train,ICBHI_181,181_1b1_Ar_mc_LittC2SE,/home/sahith/projects/minor_project_408/data/raw/audio_and_text_files/181_1b1_Ar_mc_LittC2SE.wav,LittC2SE,0.0949922576546669,-0.06716763228178024,0.07814697921276093,-0.2110491693019867,-0.001349274069070816,-0.12546798586845398,-0.050654709339141846,-0.15256935358047485,-0.07149054110050201,-0.14980658888816833,-0.08900073915719986,-0.1337180882692337,-0.11463697999715805,-0.1264437884092331,-0.14902454614639282,-0.11401862651109695,-0.15114043653011322,-0.13193108141422272,-0.12915296852588654,-0.1504073590040207,-0.1421033889055252,-0.15205030143260956,-0.16327731311321259,-0.16145794093608856,-0.1455797702074051,-0.15335455536842346,-0.14957107603549957,-0.14628195762634277,-0.14506013691425323,-0.16058383882045746,-0.16122828423976898,-0.16290156543254852,-0.16546234488487244,-0.1629442423582077,-0.16167476773262024,-0.1614656001329422,-0.16182005405426025,-0.1630621701478958,-0.16466432809829712,-0.1669004112482071,-0.16958589851856232,-0.16979679465293884,-0.1713939756155014,-0.17246608436107635,-0.16967655718326569,-0.16622555255889893,-0.16515488922595978,-0.167252779006958,-0.16677789390087128,-0.16780902445316315,-0.16734600067138672,-0.16642704606056213,-0.16794058680534363,-0.16397206485271454,-0.16746754944324493,-0.16569091379642487,-0.1590878665447235,-0.1605716198682785,-0.16180601716041565,-0.1505502313375473,-0.1604863554239273,-0.15270113945007324,-0.15797516703605652,-0.15221752226352692,-0.15831837058067322,-0.15148110687732697,-0.15442264080047607,-0.1492365449666977,-0.14228753745555878,-0.14458030462265015,-0.1448332816362381,-0.1433500051498413,-0.1360272765159607,-0.13988357782363892,-0.14053402841091156,-0.1421118825674057,-0.1374083012342453,-0.13649456202983856,-0.13635629415512085,-0.13329434394836426,-0.13186585903167725,-0.1288200318813324,-0.12540841102600098,-0.12532535195350647,-0.1273341029882431,-0.123186394572258,-0.12396159023046494,-0.12372585386037827,-0.11984539031982422,-0.11994418501853943,-0.11523668467998505,-0.11343477666378021,-0.11621007323265076,-0.11262145638465881,-0.11058309674263,-0.10909005254507065,-0.1104603111743927,-0.10950091481208801,-0.1070515513420105,-0.10695931315422058,-0.10706540942192078,-0.10263003408908844,-0.10205494612455368,-0.09916991740465164,-0.09970411658287048,-0.09874509274959564,-0.09867136180400848,-0.09880371391773224,-0.09601494669914246,-0.0943160355091095,-0.0952526181936264,-0.09254419803619385,-0.09217096865177155,-0.09202990680932999,-0.0900079682469368,-0.08979414403438568,-0.0904364287853241,-0.0921049490571022,-0.08920805901288986,-0.08832765370607376,-0.0859859436750412,-0.08721857517957687,-0.08971823751926422,-0.08867698907852173,-0.08774660527706146,-0.09715054929256439,-0.1452680230140686,-0.2110491693019867
train,ICBHI_181,181_1b1_Ar_mc_LittC2SE,/home/sahith/projects/minor_project_408/data/raw/audio_and_text_files/181_1b1_Ar_mc_LittC2SE.wav,LittC2SE,0.0949922576546669,-0.06716763228178024,0.07814697921276093,-0.2110491693019867,-0.001349274069070816,-0.12546798586845398,-0.050654709339141846,-0.15256935358047485,-0.07149054110050201,-0.14980658888816833,-0.08900073915719986,-0.1337180882692337,-0.11463697999715805,-0.1264437884092331,-0.14902454614639282,-0.11401862651109695,-0.15114043653011322,-0.13193108141422272,-0.12915296852588654,-0.1504073590040207,-0.1421033889055252,-0.15205030143260956,-0.16327731311321259,-0.16145794093608856,-0.1455797702074051,-0.15335455536842346,-0.14957107603549957,-0.14628195762634277,-0.14506013691425323,-0.16058383882045746,-0.16122828423976898,-0.16290156543254852,-0.16546234488487244,-0.1629442423582077,-0.16167476773262024,-0.1614656001329422,-0.16182005405426025,-0.1630621701478958,-0.16466432809829712,-0.1669004112482071,-0.16958589851856232,-0.16979679465293884,-0.1713939756155014,-0.17246608436107635,-0.16967655718326569,-0.16622555255889893,-0.16515488922595978,-0.167252779006958,-0.16677789390087128,-0.16780902445316315,-0.16734600067138672,-0.16642704606056213,-0.16794058680534363,-0.16397206485271454,-0.16746754944324493,-0.16569091379642487,-0.1590878665447235,-0.1605716198682785,-0.16180601716041565,-0.1505502313375473,-0.1604863554239273,-0.15270113945007324,-0.15797516703605652,-0.15221752226352692,-0.15831837058067322,-0.15148110687732697,-0.15442264080047607,-0.1492365449666977,-0.14228753745555878,-0.14458030462265015,-0.1448332816362381,-0.1433500051498413,-0.1360272765159607,-0.13988357782363892,-0.14053402841091156,-0.1421118825674057,-0.1374083012342453,-0.13649456202983856,-0.13635629415512085,-0.13329434394836426,-0.13186585903167725,-0.1288200318813324,-0.12540841102600098,-0.12532535195350647,-0.1273341029882431,-0.123186394572258,-0.12396159023046494,-0.12372585386037827,-0.11984539031982422,-0.11994418501853943,-0.11523668467998505,-0.11343477666378021,-0.11621007323265076,-0.11262145638465881,-0.11058309674263,-0.10909005254507065,-0.1104603111743927,-0.10950091481208801,-0.1070515513420105,-0.10695931315422058,-0.10706540942192078,-0.10263003408908844,-0.10205494612455368,-0.09916991740465164,-0.09970411658287048,-0.09874509274959564,-0.09867136180400848,-0.09880371391773224,-0.09601494669914246,-0.0943160355091095,-0.0952526181936264,-0.09254419803619385,-0.09217096865177155,-0.09202990680932999,-0.0900079682469368,-0.08979414403438568,-0.0904364287853241,-0.0921049490571022,-0.08920805901288986,-0.08832765370607376,-0.0859859436750412,-0.08721857517957687,-0.08971823751926422,-0.08867698907852173,-0.08774660527706146,-0.09715054929256439,-0.1452680230140686,-0.2110491693019867
train,ICBHI_181,181_1b1_Ar_mc_LittC2SE,/home/sahith/projects/minor_project_408/data/raw/audio_and_text_files/181_1b1_Ar_mc_LittC2SE.wav,LittC2SE,0.0949922576546669,-0.06716763228178024,0.07814697921276093,-0.2110491693019867,-0.001349274069070816,-0.12546798586845398,-0.050654709339141846,-0.15256935358047485,-0.07149054110050201,-0.14980658888816833,-0.08900073915719986,-0.1337180882692337,-0.11463697999715805,-0.1264437884092331,-0.14902454614639282,-0.11401862651109695,-0.15114043653011322,-0.13193108141422272,-0.12915296852588654,-0.1504073590040207,-0.1421033889055252,-0.15205030143260956,-0.16327731311321259,-0.16145794093608856,-0.1455797702074051,-0.15335455536842346,-0.14957107603549957,-0.14628195762634277,-0.14506013691425323,-0.16058383882045746,-0.16122828423976898,-0.16290156543254852,-0.16546234488487244,-0.1629442423582077,-0.16167476773262024,-0.1614656001329422,-0.16182005405426025,-0.1630621701478958,-0.16466432809829712,-0.1669004112482071,-0.16958589851856232,-0.16979679465293884,-0.1713939756155014,-0.17246608436107635,-0.16967655718326569,-0.16622555255889893,-0.16515488922595978,-0.167252779006958,-0.16677789390087128,-0.16780902445316315,-0.16734600067138672,-0.16642704606056213,-0.16794058680534363,-0.16397206485271454,-0.16746754944324493,-0.16569091379642487,-0.1590878665447235,-0.1605716198682785,-0.16180601716041565,-0.1505502313375473,-0.1604863554239273,-0.15270113945007324,-0.15797516703605652,-0.15221752226352692,-0.15831837058067322,-0.15148110687732697,-0.15442264080047607,-0.1492365449666977,-0.14228753745555878,-0.14458030462265015,-0.1448332816362381,-0.1433500051498413,-0.1360272765159607,-0.13988357782363892,-0.14053402841091156,-0.1421118825674057,-0.1374083012342453,-0.13649456202983856,-0.13635629415512085,-0.13329434394836426,-0.13186585903167725,-0.1288200318813324,-0.12540841102600098,-0.12532535195350647,-0.1273341029882431,-0.123186394572258,-0.12396159023046494,-0.12372585386037827,-0.11984539031982422,-0.11994418501853943,-0.11523668467998505,-0.11343477666378021,-0.11621007323265076,-0.11262145638465881,-0.11058309674263,-0.10909005254507065,-0.1104603111743927,-0.10950091481208801,-0.1070515513420105,-0.10695931315422058,-0.10706540942192078,-0.10263003408908844,-0.10205494612455368,-0.09916991740465164,-0.09970411658287048,-0.09874509274959564,-0.09867136180400848,-0.09880371391773224,-0.09601494669914246,-0.0943160355091095,-0.0952526181936264,-0.09254419803619385,-0.09217096865177155,-0.09202990680932999,-0.0900079682469368,-0.08979414403438568,-0.0904364287853241,-0.0921049490571022,-0.08920805901288986,-0.08832765370607376,-0.0859859436750412,-0.08721857517957687,-0.08971823751926422,-0.08867698907852173,-0.08774660527706146,-0.09715054929256439,-0.1452680230140686,-0.2110491693019867
train,ICBHI_181,181_1b1_Tc_mc_LittC2SE,/home/sahith/projects/minor_project_408/data/raw/audio_and_text_files/181_1b1_Tc_mc_LittC2SE.wav,LittC2SE,0.018679417669773102,-0.12550629675388336,0.01765686646103859,-0.2110491693019867,-0.02340542897582054,-0.1444837749004364,-0.04430855065584183,-0.14180418848991394,-0.048196859657764435,-0.11629116535186768,-0.05485941469669342,-0.0659797340631485,-0.04635316878557205,-0.024283863604068756,-0.04856228828430176,-0.0009867297485470772,-0.03660373389720917,-0.01721886359155178,-0.009058634750545025,-0.021449845284223557,-0.00911961030215025,-0.010234998539090157,-0.01576927676796913,-0.014342696405947208,0.008524026721715927,0.005886081140488386,0.016202213242650032,0.02303216978907585,0.02730456180870533,0.009145896881818771,0.004062093328684568,-0.00745440274477005,-0.023380156606435776,-0.03166878968477249,-0.0331413596868515,-0.028724204748868942,-0.019338509067893028,-0.012159626930952072,-0.007392621599137783,-0.0061027733609080315,-0.006257266737520695,-0.001683051697909832,0.0058280411176383495,0.00851919874548912,0.0014987641479820013,-0.014063872396945953,-0.031122731044888496,-0.038550302386283875,-0.050511837005615234,-0.08352533727884293,-0.114471435546875,-0.13288892805576324,-0.14670424163341522,-0.14926372468471527,-0.15700620412826538,-0.15811538696289062,-0.15446737408638,-0.15695078670978546,-0.16127322614192963,-0.15345504879951477,-0.15850450098514557,-0.1468101292848587,-0.15441229939460754,-0.14836348593235016,-0.1538892537355423,-0.1473540961742401,-0.15086674690246582,-0.1478649079799652,-0.1458703726530075,-0.14807376265525818,-0.14433553814888,-0.1412218064069748,-0.139475479722023,-0.14211268723011017,-0.1376381367444992,-0.1365077644586563,-0.13305015861988068,-0.1328691691160202,-0.13209585845470428,-0.1312689334154129,-0.1334724724292755,-0.12993058562278748,-0.12359076738357544,-0.12488038092851639,-0.12587513029575348,-0.12261231243610382,-0.12376075237989426,-0.12397017329931259,-0.12153548002243042,-0.1215081512928009,-0.11950019747018814,-0.11895646154880524,-0.11669512838125229,-0.116209477186203,-0.1147492453455925,-0.11307945102453232,-0.11326862871646881,-0.11215014010667801,-0.10894426703453064,-0.10616470873355865,-0.10402753949165344,-0.10426940023899078,-0.10424484312534332,-0.10595764219760895,-0.10327139496803284,-0.10058073699474335,-0.10037392377853394,-0.09906692057847977,-0.10013063997030258,-0.09880246222019196,-0.09411758184432983,-0.09724367409944534,-0.09745243936777115,-0.09450339525938034,-0.09636267274618149,-0.09328906238079071,-0.093294158577919,-0.09332109987735748,-0.09261429309844971,-0.0900835171341896,-0.09229788184165955,-0.09314338862895966,-0.0920792892575264,-0.09019247442483902,-0.08784417808055878,-0.09759465605020523,-0.1474628895521164,-0.2110491693019867
train,ICBHI_181,181_1b1_Tc_mc_LittC2SE,/home/sahith/projects/minor_project_408/data/raw/audio_and_text_files/181_1b1_Tc_mc_LittC2SE.wav,LittC2SE,0.018679417669773102,-0.12550629675388336,0.01765686646103859,-0.2110491693019867,-0.02340542897582054,-0.1444837749004364,-0.04430855065584183,-0.14180418848991394,-0.048196859657764435,-0.11629116535186768,-0.05485941469669342,-0.0659797340631485,-0.04635316878557205,-0.024283863604068756,-0.04856228828430176,-0.0009867297485470772,-0.03660373389720917,-0.01721886359155178,-0.009058634750545025,-0.021449845284223557,-0.00911961030215025,-0.010234998539090157,-0.01576927676796913,-0.014342696405947208,0.008524026721715927,0.005886081140488386,0.016202213242650032,0.02303216978907585,0.02730456180870533,0.009145896881818771,0.004062093328684568,-0.00745440274477005,-0.023380156606435776,-0.03166878968477249,-0.0331413596868515,-0.028724204748868942,-0.019338509067893028,-0.012159626930952072,-0.007392621599137783,-0.0061027733609080315,-0.006257266737520695,-0.001683051697909832,0.0058280411176383495,0.00851919874548912,0.0014987641479820013,-0.014063872396945953,-0.031122731044888496,-0.038550302386283875,-0.050511837005615234,-0.08352533727884293,-0.114471435546875,-0.13288892805576324,-0.14670424163341522,-0.14926372468471527,-0.15700620412826538,-0.15811538696289062,-0.15446737408638,-0.15695078670978546,-0.16127322614192963,-0.15345504879951477,-0.15850450098514557,-0.1468101292848587,-0.15441229939460754,-0.14836348593235016,-0.1538892537355423,-0.1473540961742401,-0.15086674690246582,-0.1478649079799652,-0.1458703726530075,-0.14807376265525818,-0.14433553814888,-0.1412218064069748,-0.139475479722023,-0.14211268723011017,-0.1376381367444992,-0.1365077644586563,-0.13305015861988068,-0.1328691691160202,-0.13209585845470428,-0.1312689334154129,-0.1334724724292755,-0.12993058562278748,-0.12359076738357544,-0.12488038092851639,-0.12587513029575348,-0.12261231243610382,-0.12376075237989426,-0.12397017329931259,-0.12153548002243042,-0.1215081512928009,-0.11950019747018814,-0.11895646154880524,-0.11669512838125229,-0.116209477186203,-0.1147492453455925,-0.11307945102453232,-0.11326862871646881,-0.11215014010667801,-0.10894426703453064,-0.10616470873355865,-0.10402753949165344,-0.10426940023899078,-0.10424484312534332,-0.10595764219760895,-0.10327139496803284,-0.10058073699474335,-0.10037392377853394,-0.09906692057847977,-0.10013063997030258,-0.09880246222019196,-0.09411758184432983,-0.09724367409944534,-0.09745243936777115,-0.09450339525938034,-0.09636267274618149,-0.09328906238079071,-0.093294158577919,-0.09332109987735748,-0.09261429309844971,-0.0900835171341896,-0.09229788184165955,-0.09314338862895966,-0.0920792892575264,-0.09019247442483902,-0.08784417808055878,-0.09759465605020523,-0.1474628895521164,-0.2110491693019867
train,ICBHI_181,181_1b1_Tc_mc_LittC2SE,/home/sahith/projects/minor_project_408/data/raw/audio_and_text_files/181_1b1_Tc_mc_LittC2SE.wav,LittC2SE,0.018679417669773102,-0.12550629675388336,0.01765686646103859,-0.2110491693019867,-0.02340542897582054,-0.1444837749004364,-0.04430855065584183,-0.14180418848991394,-0.048196859657764435,-0.11629116535186768,-0.05485941469669342,-0.0659797340631485,-0.04635316878557205,-0.024283863604068756,-0.04856228828430176,-0.0009867297485470772,-0.03660373389720917,-0.01721886359155178,-0.009058634750545025,-0.021449845284223557,-0.00911961030215025,-0.010234998539090157,-0.01576927676796913,-0.014342696405947208,0.008524026721715927,0.005886081140488386,0.016202213242650032,0.02303216978907585,0.02730456180870533,0.009145896881818771,0.004062093328684568,-0.00745440274477005,-0.023380156606435776,-0.03166878968477249,-0.0331413596868515,-0.028724204748868942,-0.019338509067893028,-0.012159626930952072,-0.007392621599137783,-0.0061027733609080315,-0.006257266737520695,-0.001683051697909832,0.0058280411176383495,0.00851919874548912,0.0014987641479820013,-0.014063872396945953,-0.031122731044888496,-0.038550302386283875,-0.050511837005615234,-0.08352533727884293,-0.114471435546875,-0.13288892805576324,-0.14670424163341522,-0.14926372468471527,-0.15700620412826538,-0.15811538696289062,-0.15446737408638,-0.15695078670978546,-0.16127322614192963,-0.15345504879951477,-0.15850450098514557,-0.1468101292848587,-0.15441229939460754,-0.14836348593235016,-0.1538892537355423,-0.1473540961742401,-0.15086674690246582,-0.1478649079799652,-0.1458703726530075,-0.14807376265525818,-0.14433553814888,-0.1412218064069748,-0.139475479722023,-0.14211268723011017,-0.1376381367444992,-0.1365077644586563,-0.13305015861988068,-0.1328691691160202,-0.13209585845470428,-0.1312689334154129,-0.1334724724292755,-0.12993058562278748,-0.12359076738357544,-0.12488038092851639,-0.12587513029575348,-0.12261231243610382,-0.12376075237989426,-0.12397017329931259,-0.12153548002243042,-0.1215081512928009,-0.11950019747018814,-0.11895646154880524,-0.11669512838125229,-0.116209477186203,-0.1147492453455925,-0.11307945102453232,-0.11326862871646881,-0.11215014010667801,-0.10894426703453064,-0.10616470873355865,-0.10402753949165344,-0.10426940023899078,-0.10424484312534332,-0.10595764219760895,-0.10327139496803284,-0.10058073699474335,-0.10037392377853394,-0.09906692057847977,-0.10013063997030258,-0.09880246222019196,-0.09411758184432983,-0.09724367409944534,-0.09745243936777115,-0.09450339525938034,-0.09636267274618149,-0.09328906238079071,-0.093294158577919,-0.09332109987735748,-0.09261429309844971,-0.0900835171341896,-0.09229788184165955,-0.09314338862895966,-0.0920792892575264,-0.09019247442483902,-0.08784417808055878,-0.09759465605020523,-0.1474628895521164,-0.2110491693019867
train,ICBHI_181,181_1b1_Tc_mc_LittC2SE,/home/sahith/projects/minor_project_408/data/raw/audio_and_text_files/181_1b1_Tc_mc_LittC2SE.wav,LittC2SE,0.018679417669773102,-0.12550629675388336,0.01765686646103859,-0.2110491693019867,-0.02340542897582054,-0.1444837749004364,-0.04430855065584183,-0.14180418848991394,-0.048196859657764435,-0.11629116535186768,-0.05485941469669342,-0.0659797340631485,-0.04635316878557205,-0.024283863604068756,-0.04856228828430176,-0.0009867297485470772,-0.03660373389720917,-0.01721886359155178,-0.009058634750545025,-0.021449845284223557,-0.00911961030215025,-0.010234998539090157,-0.01576927676796913,-0.014342696405947208,0.008524026721715927,0.005886081140488386,0.016202213242650032,0.02303216978907585,0.02730456180870533,0.009145896881818771,0.004062093328684568,-0.00745440274477005,-0.023380156606435776,-0.03166878968477249,-0.0331413596868515,-0.028724204748868942,-0.019338509067893028,-0.012159626930952072,-0.007392621599137783,-0.0061027733609080315,-0.006257266737520695,-0.001683051697909832,0.0058280411176383495,0.00851919874548912,0.0014987641479820013,-0.014063872396945953,-0.031122731044888496,-0.038550302386283875,-0.050511837005615234,-0.08352533727884293,-0.114471435546875,-0.13288892805576324,-0.14670424163341522,-0.14926372468471527,-0.15700620412826538,-0.15811538696289062,-0.15446737408638,-0.15695078670978546,-0.16127322614192963,-0.15345504879951477,-0.15850450098514557,-0.1468101292848587,-0.15441229939460754,-0.14836348593235016,-0.1538892537355423,-0.1473540961742401,-0.15086674690246582,-0.1478649079799652,-0.1458703726530075,-0.14807376265525818,-0.14433553814888,-0.1412218064069748,-0.139475479722023,-0.14211268723011017,-0.1376381367444992,-0.1365077644586563,-0.13305015861988068,-0.1328691691160202,-0.13209585845470428,-0.1312689334154129,-0.1334724724292755,-0.12993058562278748,-0.12359076738357544,-0.12488038092851639,-0.12587513029575348,-0.12261231243610382,-0.12376075237989426,-0.12397017329931259,-0.12153548002243042,-0.1215081512928009,-0.11950019747018814,-0.11895646154880524,-0.11669512838125229,-0.116209477186203,-0.1147492453455925,-0.11307945102453232,-0.11326862871646881,-0.11215014010667801,-0.10894426703453064,-0.10616470873355865,-0.10402753949165344,-0.10426940023899078,-0.10424484312534332,-0.10595764219760895,-0.10327139496803284,-0.10058073699474335,-0.10037392377853394,-0.09906692057847977,-0.10013063997030258,-0.09880246222019196,-0.09411758184432983,-0.09724367409944534,-0.09745243936777115,-0.09450339525938034,-0.09636267274618149,-0.09328906238079071,-0.093294158577919,-0.09332109987735748,-0.09261429309844971,-0.0900835171341896,-0.09229788184165955,-0.09314338862895966,-0.0920792892575264,-0.09019247442483902,-0.08784417808055878,-0.09759465605020523,-0.1474628895521164,-0.2110491693019867
train,ICBHI_181,181_1b2_Ar_mc_LittC2SE,/home/sahith/projects/minor_project_408/data/raw/audio_and_text_files/181_1b2_Ar_mc_LittC2SE.wav,LittC2SE,0.10346003621816635,-0.059098489582538605,0.08701462298631668,-0.2110491693019867,0.005784618202596903,-0.11768922954797745,-0.03859488666057587,-0.14575450122356415,-0.06938865780830383,-0.15411411225795746,-0.09552974253892899,-0.138501837849617,-0.12012579292058945,-0.12575973570346832,-0.14859579503536224,-0.11100449413061142,-0.15109239518642426,-0.1327296495437622,-0.1345340609550476,-0.1527225375175476,-0.14154726266860962,-0.14573387801647186,-0.15634503960609436,-0.1531228870153427,-0.13841833174228668,-0.14869366586208344,-0.14658169448375702,-0.14540749788284302,-0.14494885504245758,-0.15640637278556824,-0.15865765511989594,-0.16326408088207245,-0.16747109591960907,-0.16551437973976135,-0.17018023133277893,-0.17048411071300507,-0.16862545907497406,-0.16915258765220642,-0.17095834016799927,-0.1712024062871933,-0.17013400793075562,-0.17126204073429108,-0.17106866836547852,-0.1719590425491333,-0.1716153621673584,-0.17052282392978668,-0.16828083992004395,-0.16745035350322723,-0.16476915776729584,-0.16766653954982758,-0.16876216232776642,-0.1705455332994461,-0.16871823370456696,-0.16214166581630707,-0.16715678572654724,-0.16527846455574036,-0.1584949642419815,-0.15936245024204254,-0.15715602040290833,-0.1498957872390747,-0.15925760567188263,-0.15278369188308716,-0.15966476500034332,-0.1505182832479477,-0.15290291607379913,-0.1475459486246109,-0.15198837220668793,-0.1482681930065155,-0.14598502218723297,-0.14680258929729462,-0.14194028079509735,-0.14019544422626495,-0.13734173774719238,-0.14152464270591736,-0.14048542082309723,-0.13674430549144745,-0.13618910312652588,-0.13246220350265503,-0.13082978129386902,-0.13128145039081573,-0.12894535064697266,-0.1277385801076889,-0.1275283545255661,-0.12672261893749237,-0.1255938559770584,-0.12205519527196884,-0.12253372371196747,-0.121580570936203,-0.12091707438230515,-0.11955095827579498,-0.117384172976017,-0.11719851195812225,-0.11413753032684326,-0.11570099741220474,-0.1161445677280426,-0.11172263324260712,-0.10913240164518356,-0.11040056496858597,-0.10744451731443405,-0.10581495612859726,-0.10455948859453201,-0.10297278314828873,-0.10103649646043777,-0.0997348427772522,-0.09833227843046188,-0.09619086980819702,-0.0961875319480896,-0.09507034718990326,-0.09729281812906265,-0.09604117274284363,-0.09850829094648361,-0.09929106384515762,-0.09363264590501785,-0.09254878759384155,-0.09505511820316315,-0.09470366686582565,-0.09006283432245255,-0.09118141978979111,-0.09038114547729492,-0.08999312669038773,-0.08975823223590851,-0.0909060463309288,-0.08852271735668182,-0.08630812913179398,-0.08699843287467957,-0.09573838859796524,-0.1434175670146942,-0.2110116183757782
train,ICBHI_181,181_1b2_Ar_mc_LittC2SE,/home/sahith/projects/minor_project_408/data/raw/audio_and_text_files/181_1b2_Ar_mc_LittC2SE.wav,LittC2SE,0.10346003621816635,-0.059098489582538605,0.08701462298631668,-0.2110491693019867,0.005784618202596903,-0.11768922954797745,-0.03859488666057587,-0.14575450122356415,-0.06938865780830383,-0.15411411225795746,-0.09552974253892899,-0.138501837849617,-0.12012579292058945,-0.12575973570346832,-0.14859579503536224,-0.11100449413061142,-0.15109239518642426,-0.1327296495437622,-0.1345340609550476,-0.1527225375175476,-0.14154726266860962,-0.14573387801647186,-0.15634503960609436,-0.1531228870153427,-0.13841833174228668,-0.14869366586208344,-0.14658169448375702,-0.14540749788284302,-0.14494885504245758,-0.15640637278556824,-0.15865765511989594,-0.16326408088207245,-0.16747109591960907,-0.16551437973976135,-0.17018023133277893,-0.17048411071300507,-0.16862545907497406,-0.16915258765220642,-0.17095834016799927,-0.1712024062871933,-0.17013400793075562,-0.17126204073429108,-0.17106866836547852,-0.1719590425491333,-0.1716153621673584,-0.17052282392978668,-0.16828083992004395,-0.16745035350322723,-0.16476915776729584,-0.16766653954982758,-0.16876216232776642,-0.1705455332994461,-0.16871823370456696,-0.16214166581630707,-0.16715678572654724,-0.16527846455574036,-0.1584949642419815,-0.15936245024204254,-0.15715602040290833,-0.1498957872390747,-0.15925760567188263,-0.15278369188308716,-0.15966476500034332,-0.1505182832479477,-0.15290291607379913,-0.1475459486246109,-0.15198837220668793,-0.1482681930065155,-0.14598502218723297,-0.14680258929729462,-0.14194028079509735,-0.14019544422626495,-0.13734173774719238,-0.14152464270591736,-0.14048542082309723,-0.13674430549144745,-0.13618910312652588,-0.13246220350265503,-0.13082978129386902,-0.13128145039081573,-0.12894535064697266,-0.1277385801076889,-0.1275283545255661,-0.12672261893749237,-0.1255938559770584,-0.12205519527196884,-0.12253372371196747,-0.121580570936203,-0.12091707438230515,-0.11955095827579498,-0.117384172976017,-0.11719851195812225,-0.11413753032684326,-0.11570099741220474,-0.1161445677280426,-0.11172263324260712,-0.10913240164518356,-0.11040056496858597,-0.10744451731443405,-0.10581495612859726,-0.10455948859453201,-0.10297278314828873,-0.10103649646043777,-0.0997348427772522,-0.09833227843046188,-0.09619086980819702,-0.0961875319480896,-0.09507034718990326,-0.09729281812906265,-0.09604117274284363,-0.09850829094648361,-0.09929106384515762,-0.09363264590501785,-0.09254878759384155,-0.09505511820316315,-0.09470366686582565,-0.09006283432245255,-0.09118141978979111,-0.09038114547729492,-0.08999312669038773,-0.08975823223590851,-0.0909060463309288,-0.08852271735668182,-0.08630812913179398,-0.08699843287467957,-0.09573838859796524,-0.1434175670146942,-0.2110116183757782
train,ICBHI_181,181_1b2_Ar_mc_LittC2SE,/home/sahith/projects/minor_project_408/data/raw/audio_and_text_files/181_1b2_Ar_mc_LittC2SE.wav,LittC2SE,0.10346003621816635,-0.059098489582538605,0.08701462298631668,-0.2110491693019867,0.005784618202596903,-0.11768922954797745,-0.03859488666057587,-0.14575450122356415,-0.06938865780830383,-0.15411411225795746,-0.09552974253892899,-0.138501837849617,-0.12012579292058945,-0.12575973570346832,-0.14859579503536224,-0.11100449413061142,-0.15109239518642426,-0.1327296495437622,-0.1345340609550476,-0.1527225375175476,-0.14154726266860962,-0.14573387801647186,-0.15634503960609436,-0.1531228870153427,-0.13841833174228668,-0.14869366586208344,-0.14658169448375702,-0.14540749788284302,-0.14494885504245758,-0.15640637278556824,-0.15865765511989594,-0.16326408088207245,-0.16747109591960907,-0.16551437973976135,-0.17018023133277893,-0.17048411071300507,-0.16862545907497406,-0.16915258765220642,-0.17095834016799927,-0.1712024062871933,-0.17013400793075562,-0.17126204073429108,-0.17106866836547852,-0.1719590425491333,-0.1716153621673584,-0.17052282392978668,-0.16828083992004395,-0.16745035350322723,-0.16476915776729584,-0.16766653954982758,-0.16876216232776642,-0.1705455332994461,-0.16871823370456696,-0.16214166581630707,-0.16715678572654724,-0.16527846455574036,-0.1584949642419815,-0.15936245024204254,-0.15715602040290833,-0.1498957872390747,-0.15925760567188263,-0.15278369188308716,-0.15966476500034332,-0.1505182832479477,-0.15290291607379913,-0.1475459486246109,-0.15198837220668793,-0.1482681930065155,-0.14598502218723297,-0.14680258929729462,-0.14194028079509735,-0.14019544422626495,-0.13734173774719238,-0.14152464270591736,-0.14048542082309723,-0.13674430549144745,-0.13618910312652588,-0.13246220350265503,-0.13082978129386902,-0.13128145039081573,-0.12894535064697266,-0.1277385801076889,-0.1275283545255661,-0.12672261893749237,-0.1255938559770584,-0.12205519527196884,-0.12253372371196747,-0.121580570936203,-0.12091707438230515,-0.11955095827579498,-0.117384172976017,-0.11719851195812225,-0.11413753032684326,-0.11570099741220474,-0.1161445677280426,-0.11172263324260712,-0.10913240164518356,-0.11040056496858597,-0.10744451731443405,-0.10581495612859726,-0.10455948859453201,-0.10297278314828873,-0.10103649646043777,-0.0997348427772522,-0.09833227843046188,-0.09619086980819702,-0.0961875319480896,-0.09507034718990326,-0.09729281812906265,-0.09604117274284363,-0.09850829094648361,-0.09929106384515762,-0.09363264590501785,-0.09254878759384155,-0.09505511820316315,-0.09470366686582565,-0.09006283432245255,-0.09118141978979111,-0.09038114547729492,-0.08999312669038773,-0.08975823223590851,-0.0909060463309288,-0.08852271735668182,-0.08630812913179398,-0.08699843287467957,-0.09573838859796524,-0.1434175670146942,-0.2110116183757782
train,ICBHI_181,181_1b2_Ar_mc_LittC2SE,/home/sahith/projects/minor_project_408/data/raw/audio_and_text_files/181_1b2_Ar_mc_LittC2SE.wav,LittC2SE,0.10346003621816635,-0.059098489582538605,0.08701462298631668,-0.2110491693019867,0.005784618202596903,-0.11768922954797745,-0.03859488666057587,-0.14575450122356415,-0.06938865780830383,-0.15411411225795746,-0.09552974253892899,-0.138501837849617,-0.12012579292058945,-0.12575973570346832,-0.14859579503536224,-0.11100449413061142,-0.15109239518642426,-0.1327296495437622,-0.1345340609550476,-0.1527225375175476,-0.14154726266860962,-0.14573387801647186,-0.15634503960609436,-0.1531228870153427,-0.13841833174228668,-0.14869366586208344,-0.14658169448375702,-0.14540749788284302,-0.14494885504245758,-0.15640637278556824,-0.15865765511989594,-0.16326408088207245,-0.16747109591960907,-0.16551437973976135,-0.17018023133277893,-0.17048411071300507,-0.16862545907497406,-0.16915258765220642,-0.17095834016799927,-0.1712024062871933,-0.17013400793075562,-0.17126204073429108,-0.17106866836547852,-0.1719590425491333,-0.1716153621673584,-0.17052282392978668,-0.16828083992004395,-0.16745035350322723,-0.16476915776729584,-0.16766653954982758,-0.16876216232776642,-0.1705455332994461,-0.16871823370456696,-0.16214166581630707,-0.16715678572654724,-0.16527846455574036,-0.1584949642419815,-0.15936245024204254,-0.15715602040290833,-0.1498957872390747,-0.15925760567188263,-0.15278369188308716,-0.15966476500034332,-0.1505182832479477,-0.15290291607379913,-0.1475459486246109,-0.15198837220668793,-0.1482681930065155,-0.14598502218723297,-0.14680258929729462,-0.14194028079509735,-0.14019544422626495,-0.13734173774719238,-0.14152464270591736,-0.14048542082309723,-0.13674430549144745,-0.13618910312652588,-0.13246220350265503,-0.13082978129386902,-0.13128145039081573,-0.12894535064697266,-0.1277385801076889,-0.1275283545255661,-0.12672261893749237,-0.1255938559770584,-0.12205519527196884,-0.12253372371196747,-0.121580570936203,-0.12091707438230515,-0.11955095827579498,-0.117384172976017,-0.11719851195812225,-0.11413753032684326,-0.11570099741220474,-0.1161445677280426,-0.11172263324260712,-0.10913240164518356,-0.11040056496858597,-0.10744451731443405,-0.10581495612859726,-0.10455948859453201,-0.10297278314828873,-0.10103649646043777,-0.0997348427772522,-0.09833227843046188,-0.09619086980819702,-0.0961875319480896,-0.09507034718990326,-0.09729281812906265,-0.09604117274284363,-0.09850829094648361,-0.09929106384515762,-0.09363264590501785,-0.09254878759384155,-0.09505511820316315,-0.09470366686582565,-0.09006283432245255,-0.09118141978979111,-0.09038114547729492,-0.08999312669038773,-0.08975823223590851,-0.0909060463309288,-0.08852271735668182,-0.08630812913179398,-0.08699843287467957,-0.09573838859796524,-0.1434175670146942,-0.2110116183757782
train,ICBHI_181,181_1b3_Tc_mc_LittC2SE,/home/sahith/projects/minor_project_408/data/raw/audio_and_text_files/181_1b3_Tc_mc_LittC2SE.wav,LittC2SE,0.01532458234578371,-0.1300179362297058,0.012538443319499493,-0.2110491693019867,-0.031484559178352356,-0.1503015011548996,-0.06416930258274078,-0.1605403572320938,-0.08395758271217346,-0.13961176574230194,-0.08323302865028381,-0.10098434239625931,-0.08284930139780045,-0.06680268049240112,-0.09047257900238037,-0.04100845009088516,-0.07738707214593887,-0.059398263692855835,-0.045879945158958435,-0.05952689051628113,-0.0453028604388237,-0.043753884732723236,-0.04866179823875427,-0.04521719366312027,-0.024121776223182678,-0.023519808426499367,-0.015064438804984093,-0.008193311281502247,-0.0082571255043149,-0.029100807383656502,-0.03245895355939865,-0.041181713342666626,-0.051682211458683014,-0.05924312025308609,-0.0650210976600647,-0.06405593454837799,-0.06140124797821045,-0.05465763062238693,-0.04744037240743637,-0.04169686883687973,-0.03956538438796997,-0.03938165307044983,-0.039197660982608795,-0.04460091143846512,-0.051391735672950745,-0.057089902460575104,-0.06269923597574234,-0.06796185672283173,-0.06697633862495422,-0.07479806989431381,-0.08010723441839218,-0.09034548699855804,-0.10884132981300354,-0.12390881031751633,-0.14387263357639313,-0.14872469007968903,-0.14495907723903656,-0.15140394866466522,-0.1552269458770752,-0.1456264704465866,-0.15666590631008148,-0.14751695096492767,-0.15416251122951508,-0.1470615565776825,-0.151405468583107,-0.14487864077091217,-0.14835800230503082,-0.1459486335515976,-0.1407741904258728,-0.14392544329166412,-0.1417485773563385,-0.13946346938610077,-0.13719269633293152,-0.13904228806495667,-0.13650871813297272,-0.13381518423557281,-0.13271939754486084,-0.13444113731384277,-0.13456273078918457,-0.13032831251621246,-0.1332382708787918,-0.13193126022815704,-0.13157919049263,-0.1287921667098999,-0.1256246119737625,-0.12534257769584656,-0.12559475004673004,-0.12212621420621872,-0.12033387273550034,-0.11994361877441406,-0.11982548236846924,-0.11813026666641235,-0.11689518392086029,-0.11475851386785507,-0.11044460535049438,-0.11069169640541077,-0.11073729395866394,-0.1118212416768074,-0.10966832935810089,-0.10674665123224258,-0.10618717968463898,-0.10492334514856339,-0.10054503381252289,-0.10294363647699356,-0.10290146619081497,-0.10183223336935043,-0.10310373455286026,-0.10066677629947662,-0.09692870080471039,-0.09690146148204803,-0.0965377613902092,-0.09487386792898178,-0.0956801250576973,-0.0956534817814827,-0.09365672618150711,-0.09442466497421265,-0.09542030841112137,-0.0949668437242508,-0.09343929588794708,-0.09105219691991806,-0.08934327214956284,-0.09100564569234848,-0.0901198759675026,-0.08712354302406311,-0.08857277035713196,-0.09800300002098083,-0.1497361660003662,-0.21104112267494202
train,ICBHI_181,181_1b3_Tc_mc_LittC2SE,/home/sahith/projects/minor_project_408/data/raw/audio_and_text_files/181_1b3_Tc_mc_LittC2SE.wav,LittC2SE,0.01532458234578371,-0.1300179362297058,0.012538443319499493,-0.2110491693019867,-0.031484559178352356,-0.1503015011548996,-0.06416930258274078,-0.1605403572320938,-0.08395758271217346,-0.13961176574230194,-0.08323302865028381,-0.10098434239625931,-0.08284930139780045,-0.06680268049240112,-0.09047257900238037,-0.04100845009088516,-0.07738707214593887,-0.059398263692855835,-0.045879945158958435,-0.05952689051628113,-0.0453028604388237,-0.043753884732723236,-0.04866179823875427,-0.04521719366312027,-0.024121776223182678,-0.023519808426499367,-0.015064438804984093,-0.008193311281502247,-0.0082571255043149,-0.029100807383656502,-0.03245895355939865,-0.041181713342666626,-0.051682211458683014,-0.05924312025308609,-0.0650210976600647,-0.06405593454837799,-0.06140124797821045,-0.05465763062238693,-0.04744037240743637,-0.04169686883687973,-0.03956538438796997,-0.03938165307044983,-0.039197660982608795,-0.04460091143846512,-0.051391735672950745,-0.057089902460575104,-0.06269923597574234,-0.06796185672283173,-0.06697633862495422,-0.07479806989431381,-0.08010723441839218,-0.09034548699855804,-0.10884132981300354,-0.12390881031751633,-0.14387263357639313,-0.14872469007968903,-0.14495907723903656,-0.15140394866466522,-0.1552269458770752,-0.1456264704465866,-0.15666590631008148,-0.14751695096492767,-0.15416251122951508,-0.1470615565776825,-0.151405468583107,-0.14487864077091217,-0.14835800230503082,-0.1459486335515976,-0.1407741904258728,-0.14392544329166412,-0.1417485773563385,-0.13946346938610077,-0.13719269633293152,-0.13904228806495667,-0.13650871813297272,-0.13381518423557281,-0.13271939754486084,-0.13444113731384277,-0.13456273078918457,-0.13032831251621246,-0.1332382708787918,-0.13193126022815704,-0.13157919049263,-0.1287921667098999,-0.1256246119737625,-0.12534257769584656,-0.12559475004673004,-0.12212621420621872,-0.12033387273550034,-0.11994361877441406,-0.11982548236846924,-0.11813026666641235,-0.11689518392086029,-0.11475851386785507,-0.11044460535049438,-0.11069169640541077,-0.11073729395866394,-0.1118212416768074,-0.10966832935810089,-0.10674665123224258,-0.10618717968463898,-0.10492334514856339,-0.10054503381252289,-0.10294363647699356,-0.10290146619081497,-0.10183223336935043,-0.10310373455286026,-0.10066677629947662,-0.09692870080471039,-0.09690146148204803,-0.0965377613902092,-0.09487386792898178,-0.0956801250576973,-0.0956534817814827,-0.09365672618150711,-0.09442466497421265,-0.09542030841112137,-0.0949668437242508,-0.09343929588794708,-0.09105219691991806,-0.08934327214956284,-0.09100564569234848,-0.0901198759675026,-0.08712354302406311,-0.08857277035713196,-0.09800300002098083,-0.1497361660003662,-0.21104112267494202
train,ICBHI_181,181_1b3_Tc_mc_LittC2SE,/home/sahith/projects/minor_project_408/data/raw/audio_and_text_files/181_1b3_Tc_mc_LittC2SE.wav,LittC2SE,0.01532458234578371,-0.1300179362297058,0.012538443319499493,-0.2110491693019867,-0.031484559178352356,-0.1503015011548996,-0.06416930258274078,-0.1605403572320938,-0.08395758271217346,-0.13961176574230194,-0.08323302865028381,-0.10098434239625931,-0.08284930139780045,-0.06680268049240112,-0.09047257900238037,-0.04100845009088516,-0.07738707214593887,-0.059398263692855835,-0.045879945158958435,-0.05952689051628113,-0.0453028604388237,-0.043753884732723236,-0.04866179823875427,-0.04521719366312027,-0.024121776223182678,-0.023519808426499367,-0.015064438804984093,-0.008193311281502247,-0.0082571255043149,-0.029100807383656502,-0.03245895355939865,-0.041181713342666626,-0.051682211458683014,-0.05924312025308609,-0.0650210976600647,-0.06405593454837799,-0.06140124797821045,-0.05465763062238693,-0.04744037240743637,-0.04169686883687973,-0.03956538438796997,-0.03938165307044983,-0.039197660982608795,-0.04460091143846512,-0.051391735672950745,-0.057089902460575104,-0.06269923597574234,-0.06796185672283173,-0.06697633862495422,-0.07479806989431381,-0.08010723441839218,-0.09034548699855804,-0.10884132981300354,-0.12390881031751633,-0.14387263357639313,-0.14872469007968903,-0.14495907723903656,-0.15140394866466522,-0.1552269458770752,-0.1456264704465866,-0.15666590631008148,-0.14751695096492767,-0.15416251122951508,-0.1470615565776825,-0.151405468583107,-0.14487864077091217,-0.14835800230503082,-0.1459486335515976,-0.1407741904258728,-0.14392544329166412,-0.1417485773563385,-0.13946346938610077,-0.13719269633293152,-0.13904228806495667,-0.13650871813297272,-0.13381518423557281,-0.13271939754486084,-0.13444113731384277,-0.13456273078918457,-0.13032831251621246,-0.1332382708787918,-0.13193126022815704,-0.13157919049263,-0.1287921667098999,-0.1256246119737625,-0.12534257769584656,-0.12559475004673004,-0.12212621420621872,-0.12033387273550034,-0.11994361877441406,-0.11982548236846924,-0.11813026666641235,-0.11689518392086029,-0.11475851386785507,-0.11044460535049438,-0.11069169640541077,-0.11073729395866394,-0.1118212416768074,-0.10966832935810089,-0.10674665123224258,-0.10618717968463898,-0.10492334514856339,-0.10054503381252289,-0.10294363647699356,-0.10290146619081497,-0.10183223336935043,-0.10310373455286026,-0.10066677629947662,-0.09692870080471039,-0.09690146148204803,-0.0965377613902092,-0.09487386792898178,-0.0956801250576973,-0.0956534817814827,-0.09365672618150711,-0.09442466497421265,-0.09542030841112137,-0.0949668437242508,-0.09343929588794708,-0.09105219691991806,-0.08934327214956284,-0.09100564569234848,-0.0901198759675026,-0.08712354302406311,-0.08857277035713196,-0.09800300002098083,-0.1497361660003662,-0.21104112267494202
train,ICBHI_181,181_1b3_Tc_mc_LittC2SE,/home/sahith/projects/minor_project_408/data/raw/audio_and_text_files/181_1b3_Tc_mc_LittC2SE.wav,LittC2SE,0.01532458234578371,-0.1300179362297058,0.012538443319499493,-0.2110491693019867,-0.031484559178352356,-0.1503015011548996,-0.06416930258274078,-0.1605403572320938,-0.08395758271217346,-0.13961176574230194,-0.08323302865028381,-0.10098434239625931,-0.08284930139780045,-0.06680268049240112,-0.09047257900238037,-0.04100845009088516,-0.07738707214593887,-0.059398263692855835,-0.045879945158958435,-0.05952689051628113,-0.0453028604388237,-0.043753884732723236,-0.04866179823875427,-0.04521719366312027,-0.024121776223182678,-0.023519808426499367,-0.015064438804984093,-0.008193311281502247,-0.0082571255043149,-0.029100807383656502,-0.03245895355939865,-0.041181713342666626,-0.051682211458683014,-0.05924312025308609,-0.0650210976600647,-0.06405593454837799,-0.06140124797821045,-0.05465763062238693,-0.04744037240743637,-0.04169686883687973,-0.03956538438796997,-0.03938165307044983,-0.039197660982608795,-0.04460091143846512,-0.051391735672950745,-0.057089902460575104,-0.06269923597574234,-0.06796185672283173,-0.06697633862495422,-0.07479806989431381,-0.08010723441839218,-0.09034548699855804,-0.10884132981300354,-0.12390881031751633,-0.14387263357639313,-0.14872469007968903,-0.14495907723903656,-0.15140394866466522,-0.1552269458770752,-0.1456264704465866,-0.15666590631008148,-0.14751695096492767,-0.15416251122951508,-0.1470615565776825,-0.151405468583107,-0.14487864077091217,-0.14835800230503082,-0.1459486335515976,-0.1407741904258728,-0.14392544329166412,-0.1417485773563385,-0.13946346938610077,-0.13719269633293152,-0.13904228806495667,-0.13650871813297272,-0.13381518423557281,-0.13271939754486084,-0.13444113731384277,-0.13456273078918457,-0.13032831251621246,-0.1332382708787918,-0.13193126022815704,-0.13157919049263,-0.1287921667098999,-0.1256246119737625,-0.12534257769584656,-0.12559475004673004,-0.12212621420621872,-0.12033387273550034,-0.11994361877441406,-0.11982548236846924,-0.11813026666641235,-0.11689518392086029,-0.11475851386785507,-0.11044460535049438,-0.11069169640541077,-0.11073729395866394,-0.1118212416768074,-0.10966832935810089,-0.10674665123224258,-0.10618717968463898,-0.10492334514856339,-0.10054503381252289,-0.10294363647699356,-0.10290146619081497,-0.10183223336935043,-0.10310373455286026,-0.10066677629947662,-0.09692870080471039,-0.09690146148204803,-0.0965377613902092,-0.09487386792898178,-0.0956801250576973,-0.0956534817814827,-0.09365672618150711,-0.09442466497421265,-0.09542030841112137,-0.0949668437242508,-0.09343929588794708,-0.09105219691991806,-0.08934327214956284,-0.09100564569234848,-0.0901198759675026,-0.08712354302406311,-0.08857277035713196,-0.09800300002098083,-0.1497361660003662,-0.21104112267494202
train,ICBHI_181,181_1b3_Tc_mc_LittC2SE,/home/sahith/projects/minor_project_408/data/raw/audio_and_text_files/181_1b3_Tc_mc_LittC2SE.wav,LittC2SE,0.01532458234578371,-0.1300179362297058,0.012538443319499493,-0.2110491693019867,-0.031484559178352356,-0.1503015011548996,-0.06416930258274078,-0.1605403572320938,-0.08395758271217346,-0.13961176574230194,-0.08323302865028381,-0.10098434239625931,-0.08284930139780045,-0.06680268049240112,-0.09047257900238037,-0.04100845009088516,-0.07738707214593887,-0.059398263692855835,-0.045879945158958435,-0.05952689051628113,-0.0453028604388237,-0.043753884732723236,-0.04866179823875427,-0.04521719366312027,-0.024121776223182678,-0.023519808426499367,-0.015064438804984093,-0.008193311281502247,-0.0082571255043149,-0.029100807383656502,-0.03245895355939865,-0.041181713342666626,-0.051682211458683014,-0.05924312025308609,-0.0650210976600647,-0.06405593454837799,-0.06140124797821045,-0.05465763062238693,-0.04744037240743637,-0.04169686883687973,-0.03956538438796997,-0.03938165307044983,-0.039197660982608795,-0.04460091143846512,-0.051391735672950745,-0.057089902460575104,-0.06269923597574234,-0.06796185672283173,-0.06697633862495422,-0.07479806989431381,-0.08010723441839218,-0.09034548699855804,-0.10884132981300354,-0.12390881031751633,-0.14387263357639313,-0.14872469007968903,-0.14495907723903656,-0.15140394866466522,-0.1552269458770752,-0.1456264704465866,-0.15666590631008148,-0.14751695096492767,-0.15416251122951508,-0.1470615565776825,-0.151405468583107,-0.14487864077091217,-0.14835800230503082,-0.1459486335515976,-0.1407741904258728,-0.14392544329166412,-0.1417485773563385,-0.13946346938610077,-0.13719269633293152,-0.13904228806495667,-0.13650871813297272,-0.13381518423557281,-0.13271939754486084,-0.13444113731384277,-0.13456273078918457,-0.13032831251621246,-0.1332382708787918,-0.13193126022815704,-0.13157919049263,-0.1287921667098999,-0.1256246119737625,-0.12534257769584656,-0.12559475004673004,-0.12212621420621872,-0.12033387273550034,-0.11994361877441406,-0.11982548236846924,-0.11813026666641235,-0.11689518392086029,-0.11475851386785507,-0.11044460535049438,-0.11069169640541077,-0.11073729395866394,-0.1118212416768074,-0.10966832935810089,-0.10674665123224258,-0.10618717968463898,-0.10492334514856339,-0.10054503381252289,-0.10294363647699356,-0.10290146619081497,-0.10183223336935043,-0.10310373455286026,-0.10066677629947662,-0.09692870080471039,-0.09690146148204803,-0.0965377613902092,-0.09487386792898178,-0.0956801250576973,-0.0956534817814827,-0.09365672618150711,-0.09442466497421265,-0.09542030841112137,-0.0949668437242508,-0.09343929588794708,-0.09105219691991806,-0.08934327214956284,-0.09100564569234848,-0.0901198759675026,-0.08712354302406311,-0.08857277035713196,-0.09800300002098083,-0.1497361660003662,-0.21104112267494202
train,ICBHI_189,189_1b2_Lr_mc_LittC2SE,/home/sahith/projects/minor_project_408/data/raw/audio_and_text_files/189_1b2_Lr_mc_LittC2SE.wav,LittC2SE,0.022228896617889404,-0.12001711875200272,0.023466799408197403,-0.2110491693019867,-0.022380344569683075,-0.14060482382774353,-0.06239064037799835,-0.16221772134304047,-0.09274541586637497,-0.16865848004817963,-0.1184074804186821,-0.15878205001354218,-0.1430741399526596,-0.1486484557390213,-0.1680023968219757,-0.13308225572109222,-0.1601976603269577,-0.14108337461948395,-0.12975648045539856,-0.14711126685142517,-0.1330610066652298,-0.15072661638259888,-0.16535285115242004,-0.1657690852880478,-0.1610080897808075,-0.17434504628181458,-0.17561548948287964,-0.17811709642410278,-0.1835886538028717,-0.19153614342212677,-0.18972782790660858,-0.18657705187797546,-0.18228818476200104,-0.17696647346019745,-0.18309913575649261,-0.1838795691728592,-0.18097564578056335,-0.1768808215856552,-0.17551961541175842,-0.17356258630752563,-0.1723944991827011,-0.1730159968137741,-0.17285215854644775,-0.1720414012670517,-0.173435240983963,-0.1754879653453827,-0.17812588810920715,-0.18102404475212097,-0.18085119128227234,-0.18208079040050507,-0.18077164888381958,-0.1799926459789276,-0.17933551967144012,-0.17275840044021606,-0.17737531661987305,-0.17746692895889282,-0.17144380509853363,-0.17528846859931946,-0.1768195778131485,-0.16754932701587677,-0.1716511845588684,-0.1645268201828003,-0.16776727139949799,-0.16191446781158447,-0.16708412766456604,-0.1618708372116089,-0.16330869495868683,-0.16244608163833618,-0.16017471253871918,-0.16113965213298798,-0.16072630882263184,-0.16065675020217896,-0.156798854470253,-0.15901818871498108,-0.15665094554424286,-0.15092605352401733,-0.15015091001987457,-0.14931370317935944,-0.1482277512550354,-0.1485365480184555,-0.1483353227376938,-0.1445874571800232,-0.14342722296714783,-0.1414327770471573,-0.14260971546173096,-0.13756869733333588,-0.13857902586460114,-0.13747011125087738,-0.1361517310142517,-0.13700011372566223,-0.13565902411937714,-0.13396944105625153,-0.13290102779865265,-0.1310162991285324,-0.12479663640260696,-0.1246177926659584,-0.12319140136241913,-0.12198852747678757,-0.12299219518899918,-0.11676021665334702,-0.11947209388017654,-0.11799594759941101,-0.1155499592423439,-0.11617311835289001,-0.11666958779096603,-0.11493917554616928,-0.11239278316497803,-0.11199519783258438,-0.1076379045844078,-0.10565634816884995,-0.10448171943426132,-0.1060183197259903,-0.10553746670484543,-0.1079859584569931,-0.10594011843204498,-0.10296664386987686,-0.10186203569173813,-0.10085242241621017,-0.10059984028339386,-0.10004975646734238,-0.09869571030139923,-0.09586146473884583,-0.09781765937805176,-0.10008325427770615,-0.09853263944387436,-0.10569711774587631,-0.151863694190979,-0.21090912818908691
train,ICBHI_189,189_1b2_Lr_mc_LittC2SE,/home/sahith/projects/minor_project_408/data/raw/audio_and_text_files/189_1b2_Lr_mc_LittC2SE.wav,LittC2SE,0.022228896617889404,-0.12001711875200272,0.023466799408197403,-0.2110491693019867,-0.022380344569683075,-0.14060482382774353,-0.06239064037799835,-0.16221772134304047,-0.09274541586637497,-0.16865848004817963,-0.1184074804186821,-0.15878205001354218,-0.1430741399526596,-0.1486484557390213,-0.1680023968219757,-0.13308225572109222,-0.1601976603269577,-0.14108337461948395,-0.12975648045539856,-0.14711126685142517,-0.1330610066652298,-0.15072661638259888,-0.16535285115242004,-0.1657690852880478,-0.1610080897808075,-0.17434504628181458,-0.17561548948287964,-0.17811709642410278,-0.1835886538028717,-0.19153614342212677,-0.18972782790660858,-0.18657705187797546,-0.18228818476200104,-0.17696647346019745,-0.18309913575649261,-0.1838795691728592,-0.18097564578056335,-0.1768808215856552,-0.17551961541175842,-0.17356258630752563,-0.1723944991827011,-0.1730159968137741,-0.17285215854644775,-0.1720414012670517,-0.173435240983963,-0.1754879653453827,-0.17812588810920715,-0.18102404475212097,-0.18085119128227234,-0.18208079040050507,-0.18077164888381958,-0.1799926459789276,-0.17933551967144012,-0.17275840044021606,-0.17737531661987305,-0.17746692895889282,-0.17144380509853363,-0.17528846859931946,-0.1768195778131485,-0.16754932701587677,-0.1716511845588684,-0.1645268201828003,-0.16776727139949799,-0.16191446781158447,-0.16708412766456604,-0.1618708372116089,-0.16330869495868683,-0.16244608163833618,-0.16017471253871918,-0.16113965213298798,-0.16072630882263184,-0.16065675020217896,-0.156798854470253,-0.15901818871498108,-0.15665094554424286,-0.15092605352401733,-0.15015091001987457,-0.14931370317935944,-0.1482277512550354,-0.1485365480184555,-0.1483353227376938,-0.1445874571800232,-0.14342722296714783,-0.1414327770471573,-0.14260971546173096,-0.13756869733333588,-0.13857902586460114,-0.13747011125087738,-0.1361517310142517,-0.13700011372566223,-0.13565902411937714,-0.13396944105625153,-0.13290102779865265,-0.1310162991285324,-0.12479663640260696,-0.1246177926659584,-0.12319140136241913,-0.12198852747678757,-0.12299219518899918,-0.11676021665334702,-0.11947209388017654,-0.11799594759941101,-0.1155499592423439,-0.11617311835289001,-0.11666958779096603,-0.11493917554616928,-0.11239278316497803,-0.11199519783258438,-0.1076379045844078,-0.10565634816884995,-0.10448171943426132,-0.1060183197259903,-0.10553746670484543,-0.1079859584569931,-0.10594011843204498,-0.10296664386987686,-0.10186203569173813,-0.10085242241621017,-0.10059984028339386,-0.10004975646734238,-0.09869571030139923,-0.09586146473884583,-0.09781765937805176,-0.10008325427770615,-0.09853263944387436,-0.10569711774587631,-0.151863694190979,-0.21090912818908691
train,ICBHI_189,189_1b2_Lr_mc_LittC2SE,/home/sahith/projects/minor_project_408/data/raw/audio_and_text_files/189_1b2_Lr_mc_LittC2SE.wav,LittC2SE,0.022228896617889404,-0.12001711875200272,0.023466799408197403,-0.2110491693019867,-0.022380344569683075,-0.14060482382774353,-0.06239064037799835,-0.16221772134304047,-0.09274541586637497,-0.16865848004817963,-0.1184074804186821,-0.15878205001354218,-0.1430741399526596,-0.1486484557390213,-0.1680023968219757,-0.13308225572109222,-0.1601976603269577,-0.14108337461948395,-0.12975648045539856,-0.14711126685142517,-0.1330610066652298,-0.15072661638259888,-0.16535285115242004,-0.1657690852880478,-0.1610080897808075,-0.17434504628181458,-0.17561548948287964,-0.17811709642410278,-0.1835886538028717,-0.19153614342212677,-0.18972782790660858,-0.18657705187797546,-0.18228818476200104,-0.17696647346019745,-0.18309913575649261,-0.1838795691728592,-0.18097564578056335,-0.1768808215856552,-0.17551961541175842,-0.17356258630752563,-0.1723944991827011,-0.1730159968137741,-0.17285215854644775,-0.1720414012670517,-0.173435240983963,-0.1754879653453827,-0.17812588810920715,-0.18102404475212097,-0.18085119128227234,-0.18208079040050507,-0.18077164888381958,-0.1799926459789276,-0.17933551967144012,-0.17275840044021606,-0.17737531661987305,-0.17746692895889282,-0.17144380509853363,-0.17528846859931946,-0.1768195778131485,-0.16754932701587677,-0.1716511845588684,-0.1645268201828003,-0.16776727139949799,-0.16191446781158447,-0.16708412766456604,-0.1618708372116089,-0.16330869495868683,-0.16244608163833618,-0.16017471253871918,-0.16113965213298798,-0.16072630882263184,-0.16065675020217896,-0.156798854470253,-0.15901818871498108,-0.15665094554424286,-0.15092605352401733,-0.15015091001987457,-0.14931370317935944,-0.1482277512550354,-0.1485365480184555,-0.1483353227376938,-0.1445874571800232,-0.14342722296714783,-0.1414327770471573,-0.14260971546173096,-0.13756869733333588,-0.13857902586460114,-0.13747011125087738,-0.1361517310142517,-0.13700011372566223,-0.13565902411937714,-0.13396944105625153,-0.13290102779865265,-0.1310162991285324,-0.12479663640260696,-0.1246177926659584,-0.12319140136241913,-0.12198852747678757,-0.12299219518899918,-0.11676021665334702,-0.11947209388017654,-0.11799594759941101,-0.1155499592423439,-0.11617311835289001,-0.11666958779096603,-0.11493917554616928,-0.11239278316497803,-0.11199519783258438,-0.1076379045844078,-0.10565634816884995,-0.10448171943426132,-0.1060183197259903,-0.10553746670484543,-0.1079859584569931,-0.10594011843204498,-0.10296664386987686,-0.10186203569173813,-0.10085242241621017,-0.10059984028339386,-0.10004975646734238,-0.09869571030139923,-0.09586146473884583,-0.09781765937805176,-0.10008325427770615,-0.09853263944387436,-0.10569711774587631,-0.151863694190979,-0.21090912818908691
train,ICBHI_189,189_1b2_Lr_mc_LittC2SE,/home/sahith/projects/minor_project_408/data/raw/audio_and_text_files/189_1b2_Lr_mc_LittC2SE.wav,LittC2SE,0.022228896617889404,-0.12001711875200272,0.023466799408197403,-0.2110491693019867,-0.022380344569683075,-0.14060482382774353,-0.06239064037799835,-0.16221772134304047,-0.09274541586637497,-0.16865848004817963,-0.1184074804186821,-0.15878205001354218,-0.1430741399526596,-0.1486484557390213,-0.1680023968219757,-0.13308225572109222,-0.1601976603269577,-0.14108337461948395,-0.12975648045539856,-0.14711126685142517,-0.1330610066652298,-0.15072661638259888,-0.16535285115242004,-0.1657690852880478,-0.1610080897808075,-0.17434504628181458,-0.17561548948287964,-0.17811709642410278,-0.1835886538028717,-0.19153614342212677,-0.18972782790660858,-0.18657705187797546,-0.18228818476200104,-0.17696647346019745,-0.18309913575649261,-0.1838795691728592,-0.18097564578056335,-0.1768808215856552,-0.17551961541175842,-0.17356258630752563,-0.1723944991827011,-0.1730159968137741,-0.17285215854644775,-0.1720414012670517,-0.173435240983963,-0.1754879653453827,-0.17812588810920715,-0.18102404475212097,-0.18085119128227234,-0.18208079040050507,-0.18077164888381958,-0.1799926459789276,-0.17933551967144012,-0.17275840044021606,-0.17737531661987305,-0.17746692895889282,-0.17144380509853363,-0.17528846859931946,-0.1768195778131485,-0.16754932701587677,-0.1716511845588684,-0.1645268201828003,-0.16776727139949799,-0.16191446781158447,-0.16708412766456604,-0.1618708372116089,-0.16330869495868683,-0.16244608163833618,-0.16017471253871918,-0.16113965213298798,-0.16072630882263184,-0.16065675020217896,-0.156798854470253,-0.15901818871498108,-0.15665094554424286,-0.15092605352401733,-0.15015091001987457,-0.14931370317935944,-0.1482277512550354,-0.1485365480184555,-0.1483353227376938,-0.1445874571800232,-0.14342722296714783,-0.1414327770471573,-0.14260971546173096,-0.13756869733333588,-0.13857902586460114,-0.13747011125087738,-0.1361517310142517,-0.13700011372566223,-0.13565902411937714,-0.13396944105625153,-0.13290102779865265,-0.1310162991285324,-0.12479663640260696,-0.1246177926659584,-0.12319140136241913,-0.12198852747678757,-0.12299219518899918,-0.11676021665334702,-0.11947209388017654,-0.11799594759941101,-0.1155499592423439,-0.11617311835289001,-0.11666958779096603,-0.11493917554616928,-0.11239278316497803,-0.11199519783258438,-0.1076379045844078,-0.10565634816884995,-0.10448171943426132,-0.1060183197259903,-0.10553746670484543,-0.1079859584569931,-0.10594011843204498,-0.10296664386987686,-0.10186203569173813,-0.10085242241621017,-0.10059984028339386,-0.10004975646734238,-0.09869571030139923,-0.09586146473884583,-0.09781765937805176,-0.10008325427770615,-0.09853263944387436,-0.10569711774587631,-0.151863694190979,-0.21090912818908691
train,ICBHI_189,189_1b2_Lr_mc_LittC2SE,/home/sahith/projects/minor_project_408/data/raw/audio_and_text_files/189_1b2_Lr_mc_LittC2SE.wav,LittC2SE,0.022228896617889404,-0.12001711875200272,0.023466799408197403,-0.2110491693019867,-0.022380344569683075,-0.14060482382774353,-0.06239064037799835,-0.16221772134304047,-0.09274541586637497,-0.16865848004817963,-0.1184074804186821,-0.15878205001354218,-0.1430741399526596,-0.1486484557390213,-0.1680023968219757,-0.13308225572109222,-0.1601976603269577,-0.14108337461948395,-0.12975648045539856,-0.14711126685142517,-0.1330610066652298,-0.15072661638259888,-0.16535285115242004,-0.1657690852880478,-0.1610080897808075,-0.17434504628181458,-0.17561548948287964,-0.17811709642410278,-0.1835886538028717,-0.19153614342212677,-0.18972782790660858,-0.18657705187797546,-0.18228818476200104,-0.17696647346019745,-0.18309913575649261,-0.1838795691728592,-0.18097564578056335,-0.1768808215856552,-0.17551961541175842,-0.17356258630752563,-0.1723944991827011,-0.1730159968137741,-0.17285215854644775,-0.1720414012670517,-0.173435240983963,-0.1754879653453827,-0.17812588810920715,-0.18102404475212097,-0.18085119128227234,-0.18208079040050507,-0.18077164888381958,-0.1799926459789276,-0.17933551967144012,-0.17275840044021606,-0.17737531661987305,-0.17746692895889282,-0.17144380509853363,-0.17528846859931946,-0.1768195778131485,-0.16754932701587677,-0.1716511845588684,-0.1645268201828003,-0.16776727139949799,-0.16191446781158447,-0.16708412766456604,-0.1618708372116089,-0.16330869495868683,-0.16244608163833618,-0.16017471253871918,-0.16113965213298798,-0.16072630882263184,-0.16065675020217896,-0.156798854470253,-0.15901818871498108,-0.15665094554424286,-0.15092605352401733,-0.15015091001987457,-0.14931370317935944,-0.1482277512550354,-0.1485365480184555,-0.1483353227376938,-0.1445874571800232,-0.14342722296714783,-0.1414327770471573,-0.14260971546173096,-0.13756869733333588,-0.13857902586460114,-0.13747011125087738,-0.1361517310142517,-0.13700011372566223,-0.13565902411937714,-0.13396944105625153,-0.13290102779865265,-0.1310162991285324,-0.12479663640260696,-0.1246177926659584,-0.12319140136241913,-0.12198852747678757,-0.12299219518899918,-0.11676021665334702,-0.11947209388017654,-0.11799594759941101,-0.1155499592423439,-0.11617311835289001,-0.11666958779096603,-0.11493917554616928,-0.11239278316497803,-0.11199519783258438,-0.1076379045844078,-0.10565634816884995,-0.10448171943426132,-0.1060183197259903,-0.10553746670484543,-0.1079859584569931,-0.10594011843204498,-0.10296664386987686,-0.10186203569173813,-0.10085242241621017,-0.10059984028339386,-0.10004975646734238,-0.09869571030139923,-0.09586146473884583,-0.09781765937805176,-0.10008325427770615,-0.09853263944387436,-0.10569711774587631,-0.151863694190979,-0.21090912818908691
train,ICBHI_192,192_2b1_Al_mc_LittC2SE,/home/sahith/projects/minor_project_408/data/raw/audio_and_text_files/192_2b1_Al_mc_LittC2SE.wav,LittC2SE,0.2299550622701645,0.0784309133887291,0.22489005327224731,-0.2110491693019867,0.17303670942783356,0.04634200036525726,0.13407325744628906,0.022332392632961273,0.0999574214220047,-0.00708253588527441,0.05964762717485428,-0.0014995904639363289,0.01911296509206295,0.011282091960310936,-0.014658368192613125,0.02359759993851185,-0.025199223309755325,-0.0070388177409768105,-0.01139482669532299,-0.03158257156610489,-0.02520393207669258,-0.03334581106901169,-0.042610831558704376,-0.04223345220088959,-0.03985803574323654,-0.05761280655860901,-0.05666656792163849,-0.06108541041612625,-0.06276632100343704,-0.06646830588579178,-0.06436377018690109,-0.06644097715616226,-0.06909903138875961,-0.06603719294071198,-0.07159353792667389,-0.06826723366975784,-0.06535046547651291,-0.06449384242296219,-0.062435343861579895,-0.06107059866189957,-0.059492647647857666,-0.05523490160703659,-0.05320291221141815,-0.053171828389167786,-0.054421566426754,-0.05598917603492737,-0.05599558353424072,-0.05835192650556564,-0.05159106105566025,-0.05506066977977753,-0.051205798983573914,-0.04942537844181061,-0.050452977418899536,-0.03861604630947113,-0.04394231736660004,-0.04489132761955261,-0.03619863837957382,-0.04139116406440735,-0.04300546646118164,-0.0331980437040329,-0.043621234595775604,-0.030761774629354477,-0.037233270704746246,-0.028778184205293655,-0.03461586683988571,-0.022317074239253998,-0.02503051981329918,-0.025110360234975815,-0.021020499989390373,-0.022120559588074684,-0.017281269654631615,-0.01193652767688036,-0.010967320762574673,-0.012737336568534374,-0.013599143363535404,-0.01734445057809353,-0.013993866741657257,-0.011201975867152214,-0.009418638423085213,-0.009947472251951694,-0.011552206240594387,-0.009003500454127789,-0.0071152588352561,-0.007035241462290287,-0.005602072924375534,-0.0019331751391291618,-0.0044869231060147285,-0.0038714855909347534,-0.00032891903538256884,0.004191204439848661,0.007205628324300051,0.009252529591321945,0.005300428252667189,0.007987950928509235,0.009564491920173168,0.008380947634577751,0.009926112368702888,0.013955160975456238,0.016585642471909523,0.01585344597697258,0.016096238046884537,0.016909196972846985,0.017858322709798813,0.01903465948998928,0.021015038713812828,0.021174659952521324,0.02186778374016285,0.022805524989962578,0.023329082876443863,0.024576304480433464,0.02586682140827179,0.02854173257946968,0.03000514768064022,0.030561480671167374,0.03183238208293915,0.03265506029129028,0.031200909987092018,0.03278560936450958,0.03371614217758179,0.03273981809616089,0.03334580361843109,0.034837715327739716,0.033334508538246155,0.032626330852508545,0.03394985944032669,0.02644955925643444,-0.02613493800163269,-0.1587986946105957
train,ICBHI_192,192_2b1_Ar_mc_LittC2SE,/home/sahith/projects/minor_project_408/data/raw/audio_and_text_files/192_2b1_Ar_mc_LittC2SE.wav,LittC2SE,0.24541422724723816,0.0881393700838089,0.23459814488887787,-0.2110491693019867,0.17973804473876953,0.053125180304050446,0.1632547378540039,0.0541708841919899,0.1425694227218628,0.02637234888970852,0.09318674355745316,0.011111058294773102,0.03160722553730011,-0.0008889558375813067,-0.026786793023347855,-0.0037356456741690636,-0.051372870802879333,-0.032540880143642426,-0.035701215267181396,-0.054858848452568054,-0.04524528235197067,-0.051801688969135284,-0.05533788353204727,-0.050839297473430634,-0.04465470463037491,-0.06186395138502121,-0.06224076449871063,-0.06955347955226898,-0.0710882768034935,-0.08501055836677551,-0.08208262175321579,-0.0805128663778305,-0.07785981893539429,-0.07146601378917694,-0.07989110797643661,-0.0805756002664566,-0.07295917719602585,-0.06086704879999161,-0.05905229598283768,-0.0654732808470726,-0.07260411232709885,-0.07583042979240417,-0.07541067153215408,-0.07902262359857559,-0.08904733508825302,-0.09505654871463776,-0.09707404673099518,-0.09739191085100174,-0.09041321277618408,-0.09100135415792465,-0.09116705507040024,-0.09106441587209702,-0.08904214948415756,-0.08254699409008026,-0.09295698255300522,-0.08954231441020966,-0.08141717314720154,-0.08601386845111847,-0.08905255049467087,-0.08048899471759796,-0.08960096538066864,-0.07788974046707153,-0.08769185841083527,-0.08156448602676392,-0.08091918379068375,-0.06962357461452484,-0.07796382904052734,-0.07648422569036484,-0.07134057581424713,-0.07653393596410751,-0.07348131388425827,-0.06944312155246735,-0.06429977715015411,-0.06743412464857101,-0.06792499125003815,-0.06563480943441391,-0.06399287283420563,-0.060181401669979095,-0.05780288577079773,-0.05337418615818024,-0.05198702961206436,-0.053568728268146515,-0.052594296634197235,-0.05413520336151123,-0.050401777029037476,-0.04818034917116165,-0.04998377710580826,-0.05111189931631088,-0.049176596105098724,-0.04563101381063461,-0.03977283090353012,-0.03763127326965332,-0.04083038121461868,-0.03931894898414612,-0.03709534555673599,-0.03826390951871872,-0.036823347210884094,-0.03530735522508621,-0.03380845487117767,-0.027022283524274826,-0.027610868215560913,-0.02763727307319641,-0.028251906856894493,-0.02724877931177616,-0.02416364848613739,-0.021030990406870842,-0.019205039367079735,-0.01793726161122322,-0.015940699726343155,-0.014781467616558075,-0.014623134396970272,-0.015211655758321285,-0.0132365170866251,-0.013220572844147682,-0.013974972069263458,-0.01176800299435854,-0.011637500487267971,-0.010802931152284145,-0.00980463158339262,-0.013555333949625492,-0.012340646237134933,-0.011386958882212639,-0.011578909121453762,-0.008646149188280106,-0.007866708561778069,-0.018149690702557564,-0.0685562789440155,-0.19394375383853912
train,ICBHI_192,192_2b2_Ar_mc_LittC2SE,/home/sahith/projects/minor_project_408/data/raw/audio_and_text_files/192_2b2_Ar_mc_LittC2SE.wav,LittC2SE,0.2857362627983093,0.1289210170507431,0.2753794491291046,-0.2110491693019867,0.2233961522579193,0.09670301526784897,0.20975516736507416,0.10111090540885925,0.18929758667945862,0.07321233302354813,0.13971853256225586,0.06246829032897949,0.08318581432104111,0.05471097677946091,0.02874041721224785,0.05163189768791199,-0.0028355130925774574,0.01597142592072487,0.0008746149833314121,-0.01671527326107025,-0.009594203904271126,-0.012068433687090874,-0.019646640866994858,-0.019445855170488358,-0.011806239373981953,-0.03469645977020264,-0.03651764243841171,-0.04793801158666611,-0.04729282110929489,-0.05547831207513809,-0.051390185952186584,-0.05318494141101837,-0.05783015489578247,-0.05380106717348099,-0.05621948093175888,-0.051429226994514465,-0.042001575231552124,-0.03171301633119583,-0.03382048010826111,-0.04302343726158142,-0.048051781952381134,-0.04123172163963318,-0.038301996886730194,-0.04535847157239914,-0.05639591068029404,-0.062205538153648376,-0.06258318573236465,-0.06095246225595474,-0.052526168525218964,-0.05163753777742386,-0.05501742660999298,-0.05582016706466675,-0.05513708293437958,-0.04831487685441971,-0.05557984858751297,-0.05662591755390167,-0.047498077154159546,-0.047691360116004944,-0.05009744316339493,-0.04190131276845932,-0.05124421417713165,-0.03777545690536499,-0.04489758610725403,-0.03846912086009979,-0.04285282641649246,-0.030851149931550026,-0.03597685694694519,-0.03623231500387192,-0.03252684324979782,-0.0325581356883049,-0.029037954285740852,-0.026987504214048386,-0.025286663323640823,-0.025714287534356117,-0.025076117366552353,-0.02654178999364376,-0.023943858221173286,-0.021566931158304214,-0.018925398588180542,-0.017131423577666283,-0.01696956902742386,-0.01563081704080105,-0.016827180981636047,-0.016703233122825623,-0.012115221470594406,-0.00633517000824213,-0.010911381803452969,-0.008177456445991993,-0.0041048359125852585,-0.005302715115249157,-0.003777548670768738,-0.0029470641165971756,-0.0006508669466711581,0.004432750400155783,0.003722362918779254,0.003797077341005206,0.004000596236437559,0.007290855515748262,0.00944436527788639,0.009757968597114086,0.010921724140644073,0.012059083208441734,0.013932600617408752,0.01258812379091978,0.013635853305459023,0.018344508484005928,0.018695838749408722,0.019567977637052536,0.01935592107474804,0.02245359867811203,0.020200232043862343,0.023235145956277847,0.02384811080992222,0.022221684455871582,0.024134047329425812,0.026075758039951324,0.025605039671063423,0.023395393043756485,0.026479003950953484,0.029539406299591064,0.03250807523727417,0.029973438009619713,0.028521347790956497,0.02997644804418087,0.02937081642448902,0.022823495790362358,-0.027330467477440834,-0.1592862755060196
train,ICBHI_192,192_2b3_Al_mc_LittC2SE,/home/sahith/projects/minor_project_408/data/raw/audio_and_text_files/192_2b3_Al_mc_LittC2SE.wav,LittC2SE,0.240243598818779,0.07962552458047867,0.22608454525470734,-0.2110491693019867,0.16248728334903717,0.035792119801044464,0.11169054359197617,-0.0010603126138448715,0.0728399008512497,-0.028110673651099205,0.03842467814683914,-0.01879182457923889,0.0017446919810026884,0.0008710685069672763,-0.024965491145849228,0.013416613452136517,-0.033141180872917175,-0.014462887309491634,-0.023935185745358467,-0.04032106697559357,-0.030438099056482315,-0.0318339541554451,-0.03775009512901306,-0.03560171276330948,-0.02687205746769905,-0.04734080284833908,-0.04777581989765167,-0.05582907795906067,-0.05774238705635071,-0.06080663949251175,-0.05620061606168747,-0.056909844279289246,-0.06070428341627121,-0.05265619605779648,-0.06011038273572922,-0.057382650673389435,-0.05565718561410904,-0.0544586107134819,-0.05080636590719223,-0.04586963355541229,-0.04223327338695526,-0.041832856833934784,-0.044854819774627686,-0.04853922128677368,-0.0458977073431015,-0.04058976471424103,-0.04192023724317551,-0.046494968235492706,-0.04091719537973404,-0.04165139049291611,-0.03884238749742508,-0.03897763043642044,-0.03667674958705902,-0.02988050878047943,-0.03504331409931183,-0.03276260942220688,-0.02696334943175316,-0.031979456543922424,-0.03130738437175751,-0.017423449084162712,-0.026909608393907547,-0.018006522208452225,-0.020022163167595863,-0.013152563944458961,-0.02106134407222271,-0.01050134003162384,-0.013153666630387306,-0.010791814886033535,-0.006439604796469212,-0.007550274953246117,-0.004295802675187588,-0.0042205508798360825,-0.002089010551571846,-0.002723672427237034,-0.002637484110891819,-0.0020737219601869583,-0.001085495576262474,0.0005667430814355612,0.0041121686808764935,0.005573649425059557,0.006675661075860262,0.008066062815487385,0.009174894541501999,0.008493538945913315,0.010651723481714725,0.01225311029702425,0.015066823922097683,0.017089828848838806,0.017783787101507187,0.017496978864073753,0.018088603392243385,0.019999193027615547,0.0215764157474041,0.02090039663016796,0.02588285505771637,0.02648588828742504,0.02442164532840252,0.02611137181520462,0.02858414128422737,0.02955043315887451,0.033046238124370575,0.033081941306591034,0.03377474099397659,0.03483443707227707,0.03900626301765442,0.03869348019361496,0.04054486006498337,0.039766132831573486,0.03776787966489792,0.04075968265533447,0.044121213257312775,0.04655810445547104,0.04463289678096771,0.04317577928304672,0.046757109463214874,0.04566369205713272,0.04298960417509079,0.04357588291168213,0.046004198491573334,0.04610097408294678,0.04680206626653671,0.047221869230270386,0.046734027564525604,0.04778895527124405,0.04700985550880432,0.040628328919410706,-0.01154052373021841,-0.14294014871120453
train,ICBHI_192,192_2b3_Ar_mc_LittC2SE,/home/sahith/projects/minor_project_408/data/raw/audio_and_text_files/192_2b3_Ar_mc_LittC2SE.wav,LittC2SE,0.2770099341869354,0.11528412252664566,0.2617424428462982,-0.2110491693019867,0.18730024993419647,0.06060577183961868,0.15834519267082214,0.04774368554353714,0.1300424039363861,0.01282111182808876,0.07934396713972092,0.004270091187208891,0.02495959773659706,0.0030467293690890074,-0.022847196087241173,0.002210076665505767,-0.04528122395277023,-0.026827652007341385,-0.031926192343235016,-0.0480278804898262,-0.039424747228622437,-0.03844897449016571,-0.045431964099407196,-0.046110205352306366,-0.027148673310875893,-0.04444441944360733,-0.045615069568157196,-0.05625953525304794,-0.05924362689256668,-0.0631614625453949,-0.05359864979982376,-0.04958386719226837,-0.04887609928846359,-0.045687660574913025,-0.05797181278467178,-0.0595112144947052,-0.04932090640068054,-0.03635864704847336,-0.03416505455970764,-0.04176410287618637,-0.04999179393053055,-0.0467817485332489,-0.04397319257259369,-0.04911389201879501,-0.05442323535680771,-0.05615363270044327,-0.05782923102378845,-0.06032000482082367,-0.05297525227069855,-0.052990540862083435,-0.05589109659194946,-0.05536479502916336,-0.05255015939474106,-0.04368417710065842,-0.05331338942050934,-0.05593934655189514,-0.04711856693029404,-0.048322923481464386,-0.04958079755306244,-0.03971443325281143,-0.04556199163198471,-0.03700359910726547,-0.044308342039585114,-0.03683708608150482,-0.04238514602184296,-0.03334733098745346,-0.036461345851421356,-0.03432988375425339,-0.02910757251083851,-0.02984197437763214,-0.02707527205348015,-0.02860475704073906,-0.02721554972231388,-0.025592172518372536,-0.022357068955898285,-0.02128569409251213,-0.020486265420913696,-0.022145651280879974,-0.019849518314003944,-0.017758991569280624,-0.01862732321023941,-0.01661442406475544,-0.015057792887091637,-0.01389450766146183,-0.014688274823129177,-0.007674669846892357,-0.006984011270105839,-0.004490171559154987,-0.003764255903661251,-0.006741128861904144,-0.0035271858796477318,-0.0034499680623412132,-0.0017236722633242607,0.004543221089988947,0.0032776014413684607,0.0011908530723303556,0.004231854807585478,0.006868088152259588,0.008340267464518547,0.010321371257305145,0.010591641999781132,0.012920890003442764,0.01618439145386219,0.01495653297752142,0.01595884934067726,0.017609570175409317,0.01582951471209526,0.017182333394885063,0.01907307468354702,0.022017808631062508,0.02142460271716118,0.021716782823204994,0.021751264110207558,0.021183421835303307,0.022459737956523895,0.024561209604144096,0.028005599975585938,0.028030335903167725,0.028669122606515884,0.030771438032388687,0.029230864718556404,0.02891678735613823,0.03172583878040314,0.028538960963487625,0.027982890605926514,0.020799217745661736,-0.026132255792617798,-0.1609007716178894
train,ICBHI_212,212_2b2_Tc_mc_LittC2SE,/home/sahith/projects/minor_project_408/data/raw/audio_and_text_files/212_2b2_Tc_mc_LittC2SE.wav,LittC2SE,0.27788373827934265,0.10966693609952927,0.2561158835887909,-0.2110491693019867,0.17314201593399048,0.046447351574897766,0.13734540343284607,0.023780519142746925,0.08757836371660233,-0.016561346128582954,0.05003899335861206,0.00446943799033761,0.025095101445913315,0.02939811535179615,0.00347158289514482,0.04787518084049225,0.006373020354658365,0.025385135784745216,0.02428276836872101,0.004628574941307306,0.00967347901314497,0.006492170039564371,0.004621094558387995,0.006625652778893709,0.020756183192133904,0.014996453188359737,0.025884553790092468,0.03509970009326935,0.04870554059743881,0.03975658118724823,0.04029696434736252,0.03412599116563797,0.023888135328888893,0.02546214498579502,0.014565199613571167,0.01017090119421482,0.006103168707340956,0.005751060787588358,0.009626570157706738,0.014177807606756687,0.017236215993762016,0.017768826335668564,0.015173605643212795,0.00912005826830864,0.005498696584254503,0.004810486454516649,0.007775224279612303,0.00858238060027361,0.01914411596953869,0.02461186610162258,0.024562446400523186,0.017665091902017593,0.011301822029054165,0.014412916265428066,0.0042089070193469524,0.0051210499368608,0.018173063173890114,0.0164050105959177,0.012995751574635506,0.02281819097697735,0.012724455446004868,0.021628420799970627,0.013048442080616951,0.022360436618328094,0.015882056206464767,0.023335997015237808,0.022574743255972862,0.026811864227056503,0.0333622545003891,0.03032926842570305,0.031108999624848366,0.03191319853067398,0.02963181585073471,0.029608622193336487,0.032999031245708466,0.037104129791259766,0.038080066442489624,0.03451395034790039,0.04011065512895584,0.0439426526427269,0.04172918200492859,0.04372577369213104,0.04637441039085388,0.04595508426427841,0.04729631543159485,0.05260138213634491,0.04993012547492981,0.052106015384197235,0.05559287965297699,0.05363413691520691,0.055481523275375366,0.05942530184984207,0.057937100529670715,0.0557568296790123,0.05722793936729431,0.05986467003822327,0.060394637286663055,0.06154857575893402,0.06026225537061691,0.06386884301900864,0.06646212935447693,0.06628671288490295,0.06632201373577118,0.06924779713153839,0.07290412485599518,0.07230518013238907,0.070600725710392,0.07368101179599762,0.07591109722852707,0.07548739016056061,0.07578969746828079,0.07517159730195999,0.07469312846660614,0.07646724581718445,0.07707227766513824,0.07783251255750656,0.08109575510025024,0.08162476122379303,0.0825929194688797,0.08142522722482681,0.08221092075109482,0.08268775045871735,0.08119750767946243,0.08327443152666092,0.08364857733249664,0.0710500180721283,0.023719483986496925,-0.10783080756664276
train,ICBHI_212,212_2b2_Tc_mc_LittC2SE,/home/sahith/projects/minor_project_408/data/raw/audio_and_text_files/212_2b2_Tc_mc_LittC2SE.wav,LittC2SE,0.27788373827934265,0.10966693609952927,0.2561158835887909,-0.2110491693019867,0.17314201593399048,0.046447351574897766,0.13734540343284607,0.023780519142746925,0.08757836371660233,-0.016561346128582954,0.05003899335861206,0.00446943799033761,0.025095101445913315,0.02939811535179615,0.00347158289514482,0.04787518084049225,0.006373020354658365,0.025385135784745216,0.02428276836872101,0.004628574941307306,0.00967347901314497,0.006492170039564371,0.004621094558387995,0.006625652778893709,0.020756183192133904,0.014996453188359737,0.025884553790092468,0.03509970009326935,0.04870554059743881,0.03975658118724823,0.04029696434736252,0.03412599116563797,0.023888135328888893,0.02546214498579502,0.014565199613571167,0.01017090119421482,0.006103168707340956,0.005751060787588358,0.009626570157706738,0.014177807606756687,0.017236215993762016,0.017768826335668564,0.015173605643212795,0.00912005826830864,0.005498696584254503,0.004810486454516649,0.007775224279612303,0.00858238060027361,0.01914411596953869,0.02461186610162258,0.024562446400523186,0.017665091902017593,0.011301822029054165,0.014412916265428066,0.0042089070193469524,0.0051210499368608,0.018173063173890114,0.0164050105959177,0.012995751574635506,0.02281819097697735,0.012724455446004868,0.021628420799970627,0.013048442080616951,0.022360436618328094,0.015882056206464767,0.023335997015237808,0.022574743255972862,0.026811864227056503,0.0333622545003891,0.03032926842570305,0.031108999624848366,0.03191319853067398,0.02963181585073471,0.029608622193336487,0.032999031245708466,0.037104129791259766,0.038080066442489624,0.03451395034790039,0.04011065512895584,0.0439426526427269,0.04172918200492859,0.04372577369213104,0.04637441039085388,0.04595508426427841,0.04729631543159485,0.05260138213634491,0.04993012547492981,0.052106015384197235,0.05559287965297699,0.05363413691520691,0.055481523275375366,0.05942530184984207,0.057937100529670715,0.0557568296790123,0.05722793936729431,0.05986467003822327,0.060394637286663055,0.06154857575893402,0.06026225537061691,0.06386884301900864,0.06646212935447693,0.06628671288490295,0.06632201373577118,0.06924779713153839,0.07290412485599518,0.07230518013238907,0.070600725710392,0.07368101179599762,0.07591109722852707,0.07548739016056061,0.07578969746828079,0.07517159730195999,0.07469312846660614,0.07646724581718445,0.07707227766513824,0.07783251255750656,0.08109575510025024,0.08162476122379303,0.0825929194688797,0.08142522722482681,0.08221092075109482,0.08268775045871735,0.08119750767946243,0.08327443152666092,0.08364857733249664,0.0710500180721283,0.023719483986496925,-0.10783080756664276
train,ICBHI_212,212_2b2_Tc_mc_LittC2SE,/home/sahith/projects/minor_project_408/data/raw/audio_and_text_files/212_2b2_Tc_mc_LittC2SE.wav,LittC2SE,0.27788373827934265,0.10966693609952927,0.2561158835887909,-0.2110491693019867,0.17314201593399048,0.046447351574897766,0.13734540343284607,0.023780519142746925,0.08757836371660233,-0.016561346128582954,0.05003899335861206,0.00446943799033761,0.025095101445913315,0.02939811535179615,0.00347158289514482,0.04787518084049225,0.006373020354658365,0.025385135784745216,0.02428276836872101,0.004628574941307306,0.00967347901314497,0.006492170039564371,0.004621094558387995,0.006625652778893709,0.020756183192133904,0.014996453188359737,0.025884553790092468,0.03509970009326935,0.04870554059743881,0.03975658118724823,0.04029696434736252,0.03412599116563797,0.023888135328888893,0.02546214498579502,0.014565199613571167,0.01017090119421482,0.006103168707340956,0.005751060787588358,0.009626570157706738,0.014177807606756687,0.017236215993762016,0.017768826335668564,0.015173605643212795,0.00912005826830864,0.005498696584254503,0.004810486454516649,0.007775224279612303,0.00858238060027361,0.01914411596953869,0.02461186610162258,0.024562446400523186,0.017665091902017593,0.011301822029054165,0.014412916265428066,0.0042089070193469524,0.0051210499368608,0.018173063173890114,0.0164050105959177,0.012995751574635506,0.02281819097697735,0.012724455446004868,0.021628420799970627,0.013048442080616951,0.022360436618328094,0.015882056206464767,0.023335997015237808,0.022574743255972862,0.026811864227056503,0.0333622545003891,0.03032926842570305,0.031108999624848366,0.03191319853067398,0.02963181585073471,0.029608622193336487,0.032999031245708466,0.037104129791259766,0.038080066442489624,0.03451395034790039,0.04011065512895584,0.0439426526427269,0.04172918200492859,0.04372577369213104,0.04637441039085388,0.04595508426427841,0.04729631543159485,0.05260138213634491,0.04993012547492981,0.052106015384197235,0.05559287965297699,0.05363413691520691,0.055481523275375366,0.05942530184984207,0.057937100529670715,0.0557568296790123,0.05722793936729431,0.05986467003822327,0.060394637286663055,0.06154857575893402,0.06026225537061691,0.06386884301900864,0.06646212935447693,0.06628671288490295,0.06632201373577118,0.06924779713153839,0.07290412485599518,0.07230518013238907,0.070600725710392,0.07368101179599762,0.07591109722852707,0.07548739016056061,0.07578969746828079,0.07517159730195999,0.07469312846660614,0.07646724581718445,0.07707227766513824,0.07783251255750656,0.08109575510025024,0.08162476122379303,0.0825929194688797,0.08142522722482681,0.08221092075109482,0.08268775045871735,0.08119750767946243,0.08327443152666092,0.08364857733249664,0.0710500180721283,0.023719483986496925,-0.10783080756664276
train,ICBHI_212,212_2b2_Tc_mc_LittC2SE,/home/sahith/projects/minor_project_408/data/raw/audio_and_text_files/212_2b2_Tc_mc_LittC2SE.wav,LittC2SE,0.27788373827934265,0.10966693609952927,0.2561158835887909,-0.2110491693019867,0.17314201593399048,0.046447351574897766,0.13734540343284607,0.023780519142746925,0.08757836371660233,-0.016561346128582954,0.05003899335861206,0.00446943799033761,0.025095101445913315,0.02939811535179615,0.00347158289514482,0.04787518084049225,0.006373020354658365,0.025385135784745216,0.02428276836872101,0.004628574941307306,0.00967347901314497,0.006492170039564371,0.004621094558387995,0.006625652778893709,0.020756183192133904,0.014996453188359737,0.025884553790092468,0.03509970009326935,0.04870554059743881,0.03975658118724823,0.04029696434736252,0.03412599116563797,0.023888135328888893,0.02546214498579502,0.014565199613571167,0.01017090119421482,0.006103168707340956,0.005751060787588358,0.009626570157706738,0.014177807606756687,0.017236215993762016,0.017768826335668564,0.015173605643212795,0.00912005826830864,0.005498696584254503,0.004810486454516649,0.007775224279612303,0.00858238060027361,0.01914411596953869,0.02461186610162258,0.024562446400523186,0.017665091902017593,0.011301822029054165,0.014412916265428066,0.0042089070193469524,0.0051210499368608,0.018173063173890114,0.0164050105959177,0.012995751574635506,0.02281819097697735,0.012724455446004868,0.021628420799970627,0.013048442080616951,0.022360436618328094,0.015882056206464767,0.023335997015237808,0.022574743255972862,0.026811864227056503,0.0333622545003891,0.03032926842570305,0.031108999624848366,0.03191319853067398,0.02963181585073471,0.029608622193336487,0.032999031245708466,0.037104129791259766,0.038080066442489624,0.03451395034790039,0.04011065512895584,0.0439426526427269,0.04172918200492859,0.04372577369213104,0.04637441039085388,0.04595508426427841,0.04729631543159485,0.05260138213634491,0.04993012547492981,0.052106015384197235,0.05559287965297699,0.05363413691520691,0.055481523275375366,0.05942530184984207,0.057937100529670715,0.0557568296790123,0.05722793936729431,0.05986467003822327,0.060394637286663055,0.06154857575893402,0.06026225537061691,0.06386884301900864,0.06646212935447693,0.06628671288490295,0.06632201373577118,0.06924779713153839,0.07290412485599518,0.07230518013238907,0.070600725710392,0.07368101179599762,0.07591109722852707,0.07548739016056061,0.07578969746828079,0.07517159730195999,0.07469312846660614,0.07646724581718445,0.07707227766513824,0.07783251255750656,0.08109575510025024,0.08162476122379303,0.0825929194688797,0.08142522722482681,0.08221092075109482,0.08268775045871735,0.08119750767946243,0.08327443152666092,0.08364857733249664,0.0710500180721283,0.023719483986496925,-0.10783080756664276
train,ICBHI_212,212_2b2_Tc_mc_LittC2SE,/home/sahith/projects/minor_project_408/data/raw/audio_and_text_files/212_2b2_Tc_mc_LittC2SE.wav,LittC2SE,0.27788373827934265,0.10966693609952927,0.2561158835887909,-0.2110491693019867,0.17314201593399048,0.046447351574897766,0.13734540343284607,0.023780519142746925,0.08757836371660233,-0.016561346128582954,0.05003899335861206,0.00446943799033761,0.025095101445913315,0.02939811535179615,0.00347158289514482,0.04787518084049225,0.006373020354658365,0.025385135784745216,0.02428276836872101,0.004628574941307306,0.00967347901314497,0.006492170039564371,0.004621094558387995,0.006625652778893709,0.020756183192133904,0.014996453188359737,0.025884553790092468,0.03509970009326935,0.04870554059743881,0.03975658118724823,0.04029696434736252,0.03412599116563797,0.023888135328888893,0.02546214498579502,0.014565199613571167,0.01017090119421482,0.006103168707340956,0.005751060787588358,0.009626570157706738,0.014177807606756687,0.017236215993762016,0.017768826335668564,0.015173605643212795,0.00912005826830864,0.005498696584254503,0.004810486454516649,0.007775224279612303,0.00858238060027361,0.01914411596953869,0.02461186610162258,0.024562446400523186,0.017665091902017593,0.011301822029054165,0.014412916265428066,0.0042089070193469524,0.0051210499368608,0.018173063173890114,0.0164050105959177,0.012995751574635506,0.02281819097697735,0.012724455446004868,0.021628420799970627,0.013048442080616951,0.022360436618328094,0.015882056206464767,0.023335997015237808,0.022574743255972862,0.026811864227056503,0.0333622545003891,0.03032926842570305,0.031108999624848366,0.03191319853067398,0.02963181585073471,0.029608622193336487,0.032999031245708466,0.037104129791259766,0.038080066442489624,0.03451395034790039,0.04011065512895584,0.0439426526427269,0.04172918200492859,0.04372577369213104,0.04637441039085388,0.04595508426427841,0.04729631543159485,0.05260138213634491,0.04993012547492981,0.052106015384197235,0.05559287965297699,0.05363413691520691,0.055481523275375366,0.05942530184984207,0.057937100529670715,0.0557568296790123,0.05722793936729431,0.05986467003822327,0.060394637286663055,0.06154857575893402,0.06026225537061691,0.06386884301900864,0.06646212935447693,0.06628671288490295,0.06632201373577118,0.06924779713153839,0.07290412485599518,0.07230518013238907,0.070600725710392,0.07368101179599762,0.07591109722852707,0.07548739016056061,0.07578969746828079,0.07517159730195999,0.07469312846660614,0.07646724581718445,0.07707227766513824,0.07783251255750656,0.08109575510025024,0.08162476122379303,0.0825929194688797,0.08142522722482681,0.08221092075109482,0.08268775045871735,0.08119750767946243,0.08327443152666092,0.08364857733249664,0.0710500180721283,0.023719483986496925,-0.10783080756664276
train,ICBHI_212,212_2b2_Tc_mc_LittC2SE,/home/sahith/projects/minor_project_408/data/raw/audio_and_text_files/212_2b2_Tc_mc_LittC2SE.wav,LittC2SE,0.27788373827934265,0.10966693609952927,0.2561158835887909,-0.2110491693019867,0.17314201593399048,0.046447351574897766,0.13734540343284607,0.023780519142746925,0.08757836371660233,-0.016561346128582954,0.05003899335861206,0.00446943799033761,0.025095101445913315,0.02939811535179615,0.00347158289514482,0.04787518084049225,0.006373020354658365,0.025385135784745216,0.02428276836872101,0.004628574941307306,0.00967347901314497,0.006492170039564371,0.004621094558387995,0.006625652778893709,0.020756183192133904,0.014996453188359737,0.025884553790092468,0.03509970009326935,0.04870554059743881,0.03975658118724823,0.04029696434736252,0.03412599116563797,0.023888135328888893,0.02546214498579502,0.014565199613571167,0.01017090119421482,0.006103168707340956,0.005751060787588358,0.009626570157706738,0.014177807606756687,0.017236215993762016,0.017768826335668564,0.015173605643212795,0.00912005826830864,0.005498696584254503,0.004810486454516649,0.007775224279612303,0.00858238060027361,0.01914411596953869,0.02461186610162258,0.024562446400523186,0.017665091902017593,0.011301822029054165,0.014412916265428066,0.0042089070193469524,0.0051210499368608,0.018173063173890114,0.0164050105959177,0.012995751574635506,0.02281819097697735,0.012724455446004868,0.021628420799970627,0.013048442080616951,0.022360436618328094,0.015882056206464767,0.023335997015237808,0.022574743255972862,0.026811864227056503,0.0333622545003891,0.03032926842570305,0.031108999624848366,0.03191319853067398,0.02963181585073471,0.029608622193336487,0.032999031245708466,0.037104129791259766,0.038080066442489624,0.03451395034790039,0.04011065512895584,0.0439426526427269,0.04172918200492859,0.04372577369213104,0.04637441039085388,0.04595508426427841,0.04729631543159485,0.05260138213634491,0.04993012547492981,0.052106015384197235,0.05559287965297699,0.05363413691520691,0.055481523275375366,0.05942530184984207,0.057937100529670715,0.0557568296790123,0.05722793936729431,0.05986467003822327,0.060394637286663055,0.06154857575893402,0.06026225537061691,0.06386884301900864,0.06646212935447693,0.06628671288490295,0.06632201373577118,0.06924779713153839,0.07290412485599518,0.07230518013238907,0.070600725710392,0.07368101179599762,0.07591109722852707,0.07548739016056061,0.07578969746828079,0.07517159730195999,0.07469312846660614,0.07646724581718445,0.07707227766513824,0.07783251255750656,0.08109575510025024,0.08162476122379303,0.0825929194688797,0.08142522722482681,0.08221092075109482,0.08268775045871735,0.08119750767946243,0.08327443152666092,0.08364857733249664,0.0710500180721283,0.023719483986496925,-0.10783080756664276
train,ICBHI_212,212_2b2_Tc_mc_LittC2SE,/home/sahith/projects/minor_project_408/data/raw/audio_and_text_files/212_2b2_Tc_mc_LittC2SE.wav,LittC2SE,0.27788373827934265,0.10966693609952927,0.2561158835887909,-0.2110491693019867,0.17314201593399048,0.046447351574897766,0.13734540343284607,0.023780519142746925,0.08757836371660233,-0.016561346128582954,0.05003899335861206,0.00446943799033761,0.025095101445913315,0.02939811535179615,0.00347158289514482,0.04787518084049225,0.006373020354658365,0.025385135784745216,0.02428276836872101,0.004628574941307306,0.00967347901314497,0.006492170039564371,0.004621094558387995,0.006625652778893709,0.020756183192133904,0.014996453188359737,0.025884553790092468,0.03509970009326935,0.04870554059743881,0.03975658118724823,0.04029696434736252,0.03412599116563797,0.023888135328888893,0.02546214498579502,0.014565199613571167,0.01017090119421482,0.006103168707340956,0.005751060787588358,0.009626570157706738,0.014177807606756687,0.017236215993762016,0.017768826335668564,0.015173605643212795,0.00912005826830864,0.005498696584254503,0.004810486454516649,0.007775224279612303,0.00858238060027361,0.01914411596953869,0.02461186610162258,0.024562446400523186,0.017665091902017593,0.011301822029054165,0.014412916265428066,0.0042089070193469524,0.0051210499368608,0.018173063173890114,0.0164050105959177,0.012995751574635506,0.02281819097697735,0.012724455446004868,0.021628420799970627,0.013048442080616951,0.022360436618328094,0.015882056206464767,0.023335997015237808,0.022574743255972862,0.026811864227056503,0.0333622545003891,0.03032926842570305,0.031108999624848366,0.03191319853067398,0.02963181585073471,0.029608622193336487,0.032999031245708466,0.037104129791259766,0.038080066442489624,0.03451395034790039,0.04011065512895584,0.0439426526427269,0.04172918200492859,0.04372577369213104,0.04637441039085388,0.04595508426427841,0.04729631543159485,0.05260138213634491,0.04993012547492981,0.052106015384197235,0.05559287965297699,0.05363413691520691,0.055481523275375366,0.05942530184984207,0.057937100529670715,0.0557568296790123,0.05722793936729431,0.05986467003822327,0.060394637286663055,0.06154857575893402,0.06026225537061691,0.06386884301900864,0.06646212935447693,0.06628671288490295,0.06632201373577118,0.06924779713153839,0.07290412485599518,0.07230518013238907,0.070600725710392,0.07368101179599762,0.07591109722852707,0.07548739016056061,0.07578969746828079,0.07517159730195999,0.07469312846660614,0.07646724581718445,0.07707227766513824,0.07783251255750656,0.08109575510025024,0.08162476122379303,0.0825929194688797,0.08142522722482681,0.08221092075109482,0.08268775045871735,0.08119750767946243,0.08327443152666092,0.08364857733249664,0.0710500180721283,0.023719483986496925,-0.10783080756664276
train,ICBHI_220,220_1b1_Tc_mc_LittC2SE,/home/sahith/projects/minor_project_408/data/raw/audio_and_text_files/220_1b1_Tc_mc_LittC2SE.wav,LittC2SE,0.030550334602594376,-0.10982023179531097,0.03242453932762146,-0.2110491693019867,0.0006178838666528463,-0.12183863669633865,-0.024077966809272766,-0.11974817514419556,-0.02428147941827774,-0.08899322897195816,-0.027026843279600143,-0.04606597125530243,-0.026697713881731033,-0.01488562487065792,-0.0396401584148407,-0.0029705483466386795,-0.04818785935640335,-0.03054210916161537,-0.03361121565103531,-0.04548334330320358,-0.031433865427970886,-0.027706176042556763,-0.02743697352707386,-0.020163627341389656,-0.000541163666639477,-0.010882860980927944,-0.009923660196363926,-0.016518549993634224,-0.024228535592556,-0.038489893078804016,-0.03590616583824158,-0.0358353853225708,-0.0364295169711113,-0.025802142918109894,-0.022244952619075775,-0.026089638471603394,-0.03758692741394043,-0.05742407590150833,-0.07847791165113449,-0.09195853024721146,-0.09254136681556702,-0.08020000904798508,-0.06539436429738998,-0.05499313771724701,-0.05664576590061188,-0.07368398457765579,-0.10179810971021652,-0.12050436437129974,-0.11900962889194489,-0.12538811564445496,-0.13188834488391876,-0.13401256501674652,-0.13358700275421143,-0.12994462251663208,-0.14488114416599274,-0.15086698532104492,-0.14827477931976318,-0.15101587772369385,-0.15045903623104095,-0.14174479246139526,-0.15023191273212433,-0.13650394976139069,-0.14412085711956024,-0.13945849239826202,-0.148040771484375,-0.1411076933145523,-0.14541593194007874,-0.14349636435508728,-0.14035318791866302,-0.14558793604373932,-0.14282186329364777,-0.13938631117343903,-0.13622018694877625,-0.13677279651165009,-0.1364699751138687,-0.13505275547504425,-0.13212792575359344,-0.1309000551700592,-0.13024164736270905,-0.12956510484218597,-0.1304856687784195,-0.13105975091457367,-0.1303492933511734,-0.127060204744339,-0.12180694937705994,-0.11828374117612839,-0.1182580217719078,-0.1196906566619873,-0.11757288128137589,-0.11741659790277481,-0.1148679181933403,-0.11465378850698471,-0.11079663038253784,-0.10981886088848114,-0.10956801474094391,-0.10757248848676682,-0.10619641840457916,-0.10764160007238388,-0.1085321381688118,-0.10515666007995605,-0.10318499803543091,-0.10209610313177109,-0.10074873268604279,-0.10514077544212341,-0.1003464087843895,-0.09983029961585999,-0.09772846102714539,-0.09809849411249161,-0.09465818852186203,-0.0945517048239708,-0.0922744870185852,-0.09454347938299179,-0.09312401711940765,-0.0929306373000145,-0.09227284789085388,-0.08913087099790573,-0.09094294160604477,-0.08785741031169891,-0.08784325420856476,-0.08983995020389557,-0.08705955743789673,-0.08867880702018738,-0.08761519193649292,-0.08697056770324707,-0.08596543967723846,-0.09678874909877777,-0.1468738466501236,-0.21097010374069214
train,ICBHI_220,220_1b1_Tc_mc_LittC2SE,/home/sahith/projects/minor_project_408/data/raw/audio_and_text_files/220_1b1_Tc_mc_LittC2SE.wav,LittC2SE,0.030550334602594376,-0.10982023179531097,0.03242453932762146,-0.2110491693019867,0.0006178838666528463,-0.12183863669633865,-0.024077966809272766,-0.11974817514419556,-0.02428147941827774,-0.08899322897195816,-0.027026843279600143,-0.04606597125530243,-0.026697713881731033,-0.01488562487065792,-0.0396401584148407,-0.0029705483466386795,-0.04818785935640335,-0.03054210916161537,-0.03361121565103531,-0.04548334330320358,-0.031433865427970886,-0.027706176042556763,-0.02743697352707386,-0.020163627341389656,-0.000541163666639477,-0.010882860980927944,-0.009923660196363926,-0.016518549993634224,-0.024228535592556,-0.038489893078804016,-0.03590616583824158,-0.0358353853225708,-0.0364295169711113,-0.025802142918109894,-0.022244952619075775,-0.026089638471603394,-0.03758692741394043,-0.05742407590150833,-0.07847791165113449,-0.09195853024721146,-0.09254136681556702,-0.08020000904798508,-0.06539436429738998,-0.05499313771724701,-0.05664576590061188,-0.07368398457765579,-0.10179810971021652,-0.12050436437129974,-0.11900962889194489,-0.12538811564445496,-0.13188834488391876,-0.13401256501674652,-0.13358700275421143,-0.12994462251663208,-0.14488114416599274,-0.15086698532104492,-0.14827477931976318,-0.15101587772369385,-0.15045903623104095,-0.14174479246139526,-0.15023191273212433,-0.13650394976139069,-0.14412085711956024,-0.13945849239826202,-0.148040771484375,-0.1411076933145523,-0.14541593194007874,-0.14349636435508728,-0.14035318791866302,-0.14558793604373932,-0.14282186329364777,-0.13938631117343903,-0.13622018694877625,-0.13677279651165009,-0.1364699751138687,-0.13505275547504425,-0.13212792575359344,-0.1309000551700592,-0.13024164736270905,-0.12956510484218597,-0.1304856687784195,-0.13105975091457367,-0.1303492933511734,-0.127060204744339,-0.12180694937705994,-0.11828374117612839,-0.1182580217719078,-0.1196906566619873,-0.11757288128137589,-0.11741659790277481,-0.1148679181933403,-0.11465378850698471,-0.11079663038253784,-0.10981886088848114,-0.10956801474094391,-0.10757248848676682,-0.10619641840457916,-0.10764160007238388,-0.1085321381688118,-0.10515666007995605,-0.10318499803543091,-0.10209610313177109,-0.10074873268604279,-0.10514077544212341,-0.1003464087843895,-0.09983029961585999,-0.09772846102714539,-0.09809849411249161,-0.09465818852186203,-0.0945517048239708,-0.0922744870185852,-0.09454347938299179,-0.09312401711940765,-0.0929306373000145,-0.09227284789085388,-0.08913087099790573,-0.09094294160604477,-0.08785741031169891,-0.08784325420856476,-0.08983995020389557,-0.08705955743789673,-0.08867880702018738,-0.08761519193649292,-0.08697056770324707,-0.08596543967723846,-0.09678874909877777,-0.1468738466501236,-0.21097010374069214
train,ICBHI_220,220_1b1_Tc_mc_LittC2SE,/home/sahith/projects/minor_project_408/data/raw/audio_and_text_files/220_1b1_Tc_mc_LittC2SE.wav,LittC2SE,0.030550334602594376,-0.10982023179531097,0.03242453932762146,-0.2110491693019867,0.0006178838666528463,-0.12183863669633865,-0.024077966809272766,-0.11974817514419556,-0.02428147941827774,-0.08899322897195816,-0.027026843279600143,-0.04606597125530243,-0.026697713881731033,-0.01488562487065792,-0.0396401584148407,-0.0029705483466386795,-0.04818785935640335,-0.03054210916161537,-0.03361121565103531,-0.04548334330320358,-0.031433865427970886,-0.027706176042556763,-0.02743697352707386,-0.020163627341389656,-0.000541163666639477,-0.010882860980927944,-0.009923660196363926,-0.016518549993634224,-0.024228535592556,-0.038489893078804016,-0.03590616583824158,-0.0358353853225708,-0.0364295169711113,-0.025802142918109894,-0.022244952619075775,-0.026089638471603394,-0.03758692741394043,-0.05742407590150833,-0.07847791165113449,-0.09195853024721146,-0.09254136681556702,-0.08020000904798508,-0.06539436429738998,-0.05499313771724701,-0.05664576590061188,-0.07368398457765579,-0.10179810971021652,-0.12050436437129974,-0.11900962889194489,-0.12538811564445496,-0.13188834488391876,-0.13401256501674652,-0.13358700275421143,-0.12994462251663208,-0.14488114416599274,-0.15086698532104492,-0.14827477931976318,-0.15101587772369385,-0.15045903623104095,-0.14174479246139526,-0.15023191273212433,-0.13650394976139069,-0.14412085711956024,-0.13945849239826202,-0.148040771484375,-0.1411076933145523,-0.14541593194007874,-0.14349636435508728,-0.14035318791866302,-0.14558793604373932,-0.14282186329364777,-0.13938631117343903,-0.13622018694877625,-0.13677279651165009,-0.1364699751138687,-0.13505275547504425,-0.13212792575359344,-0.1309000551700592,-0.13024164736270905,-0.12956510484218597,-0.1304856687784195,-0.13105975091457367,-0.1303492933511734,-0.127060204744339,-0.12180694937705994,-0.11828374117612839,-0.1182580217719078,-0.1196906566619873,-0.11757288128137589,-0.11741659790277481,-0.1148679181933403,-0.11465378850698471,-0.11079663038253784,-0.10981886088848114,-0.10956801474094391,-0.10757248848676682,-0.10619641840457916,-0.10764160007238388,-0.1085321381688118,-0.10515666007995605,-0.10318499803543091,-0.10209610313177109,-0.10074873268604279,-0.10514077544212341,-0.1003464087843895,-0.09983029961585999,-0.09772846102714539,-0.09809849411249161,-0.09465818852186203,-0.0945517048239708,-0.0922744870185852,-0.09454347938299179,-0.09312401711940765,-0.0929306373000145,-0.09227284789085388,-0.08913087099790573,-0.09094294160604477,-0.08785741031169891,-0.08784325420856476,-0.08983995020389557,-0.08705955743789673,-0.08867880702018738,-0.08761519193649292,-0.08697056770324707,-0.08596543967723846,-0.09678874909877777,-0.1468738466501236,-0.21097010374069214
train,ICBHI_220,220_1b1_Tc_mc_LittC2SE,/home/sahith/projects/minor_project_408/data/raw/audio_and_text_files/220_1b1_Tc_mc_LittC2SE.wav,LittC2SE,0.030550334602594376,-0.10982023179531097,0.03242453932762146,-0.2110491693019867,0.0006178838666528463,-0.12183863669633865,-0.024077966809272766,-0.11974817514419556,-0.02428147941827774,-0.08899322897195816,-0.027026843279600143,-0.04606597125530243,-0.026697713881731033,-0.01488562487065792,-0.0396401584148407,-0.0029705483466386795,-0.04818785935640335,-0.03054210916161537,-0.03361121565103531,-0.04548334330320358,-0.031433865427970886,-0.027706176042556763,-0.02743697352707386,-0.020163627341389656,-0.000541163666639477,-0.010882860980927944,-0.009923660196363926,-0.016518549993634224,-0.024228535592556,-0.038489893078804016,-0.03590616583824158,-0.0358353853225708,-0.0364295169711113,-0.025802142918109894,-0.022244952619075775,-0.026089638471603394,-0.03758692741394043,-0.05742407590150833,-0.07847791165113449,-0.09195853024721146,-0.09254136681556702,-0.08020000904798508,-0.06539436429738998,-0.05499313771724701,-0.05664576590061188,-0.07368398457765579,-0.10179810971021652,-0.12050436437129974,-0.11900962889194489,-0.12538811564445496,-0.13188834488391876,-0.13401256501674652,-0.13358700275421143,-0.12994462251663208,-0.14488114416599274,-0.15086698532104492,-0.14827477931976318,-0.15101587772369385,-0.15045903623104095,-0.14174479246139526,-0.15023191273212433,-0.13650394976139069,-0.14412085711956024,-0.13945849239826202,-0.148040771484375,-0.1411076933145523,-0.14541593194007874,-0.14349636435508728,-0.14035318791866302,-0.14558793604373932,-0.14282186329364777,-0.13938631117343903,-0.13622018694877625,-0.13677279651165009,-0.1364699751138687,-0.13505275547504425,-0.13212792575359344,-0.1309000551700592,-0.13024164736270905,-0.12956510484218597,-0.1304856687784195,-0.13105975091457367,-0.1303492933511734,-0.127060204744339,-0.12180694937705994,-0.11828374117612839,-0.1182580217719078,-0.1196906566619873,-0.11757288128137589,-0.11741659790277481,-0.1148679181933403,-0.11465378850698471,-0.11079663038253784,-0.10981886088848114,-0.10956801474094391,-0.10757248848676682,-0.10619641840457916,-0.10764160007238388,-0.1085321381688118,-0.10515666007995605,-0.10318499803543091,-0.10209610313177109,-0.10074873268604279,-0.10514077544212341,-0.1003464087843895,-0.09983029961585999,-0.09772846102714539,-0.09809849411249161,-0.09465818852186203,-0.0945517048239708,-0.0922744870185852,-0.09454347938299179,-0.09312401711940765,-0.0929306373000145,-0.09227284789085388,-0.08913087099790573,-0.09094294160604477,-0.08785741031169891,-0.08784325420856476,-0.08983995020389557,-0.08705955743789673,-0.08867880702018738,-0.08761519193649292,-0.08697056770324707,-0.08596543967723846,-0.09678874909877777,-0.1468738466501236,-0.21097010374069214
train,ICBHI_220,220_1b1_Tc_mc_LittC2SE,/home/sahith/projects/minor_project_408/data/raw/audio_and_text_files/220_1b1_Tc_mc_LittC2SE.wav,LittC2SE,0.030550334602594376,-0.10982023179531097,0.03242453932762146,-0.2110491693019867,0.0006178838666528463,-0.12183863669633865,-0.024077966809272766,-0.11974817514419556,-0.02428147941827774,-0.08899322897195816,-0.027026843279600143,-0.04606597125530243,-0.026697713881731033,-0.01488562487065792,-0.0396401584148407,-0.0029705483466386795,-0.04818785935640335,-0.03054210916161537,-0.03361121565103531,-0.04548334330320358,-0.031433865427970886,-0.027706176042556763,-0.02743697352707386,-0.020163627341389656,-0.000541163666639477,-0.010882860980927944,-0.009923660196363926,-0.016518549993634224,-0.024228535592556,-0.038489893078804016,-0.03590616583824158,-0.0358353853225708,-0.0364295169711113,-0.025802142918109894,-0.022244952619075775,-0.026089638471603394,-0.03758692741394043,-0.05742407590150833,-0.07847791165113449,-0.09195853024721146,-0.09254136681556702,-0.08020000904798508,-0.06539436429738998,-0.05499313771724701,-0.05664576590061188,-0.07368398457765579,-0.10179810971021652,-0.12050436437129974,-0.11900962889194489,-0.12538811564445496,-0.13188834488391876,-0.13401256501674652,-0.13358700275421143,-0.12994462251663208,-0.14488114416599274,-0.15086698532104492,-0.14827477931976318,-0.15101587772369385,-0.15045903623104095,-0.14174479246139526,-0.15023191273212433,-0.13650394976139069,-0.14412085711956024,-0.13945849239826202,-0.148040771484375,-0.1411076933145523,-0.14541593194007874,-0.14349636435508728,-0.14035318791866302,-0.14558793604373932,-0.14282186329364777,-0.13938631117343903,-0.13622018694877625,-0.13677279651165009,-0.1364699751138687,-0.13505275547504425,-0.13212792575359344,-0.1309000551700592,-0.13024164736270905,-0.12956510484218597,-0.1304856687784195,-0.13105975091457367,-0.1303492933511734,-0.127060204744339,-0.12180694937705994,-0.11828374117612839,-0.1182580217719078,-0.1196906566619873,-0.11757288128137589,-0.11741659790277481,-0.1148679181933403,-0.11465378850698471,-0.11079663038253784,-0.10981886088848114,-0.10956801474094391,-0.10757248848676682,-0.10619641840457916,-0.10764160007238388,-0.1085321381688118,-0.10515666007995605,-0.10318499803543091,-0.10209610313177109,-0.10074873268604279,-0.10514077544212341,-0.1003464087843895,-0.09983029961585999,-0.09772846102714539,-0.09809849411249161,-0.09465818852186203,-0.0945517048239708,-0.0922744870185852,-0.09454347938299179,-0.09312401711940765,-0.0929306373000145,-0.09227284789085388,-0.08913087099790573,-0.09094294160604477,-0.08785741031169891,-0.08784325420856476,-0.08983995020389557,-0.08705955743789673,-0.08867880702018738,-0.08761519193649292,-0.08697056770324707,-0.08596543967723846,-0.09678874909877777,-0.1468738466501236,-0.21097010374069214
train,ICBHI_220,220_1b1_Tc_mc_LittC2SE,/home/sahith/projects/minor_project_408/data/raw/audio_and_text_files/220_1b1_Tc_mc_LittC2SE.wav,LittC2SE,0.030550334602594376,-0.10982023179531097,0.03242453932762146,-0.2110491693019867,0.0006178838666528463,-0.12183863669633865,-0.024077966809272766,-0.11974817514419556,-0.02428147941827774,-0.08899322897195816,-0.027026843279600143,-0.04606597125530243,-0.026697713881731033,-0.01488562487065792,-0.0396401584148407,-0.0029705483466386795,-0.04818785935640335,-0.03054210916161537,-0.03361121565103531,-0.04548334330320358,-0.031433865427970886,-0.027706176042556763,-0.02743697352707386,-0.020163627341389656,-0.000541163666639477,-0.010882860980927944,-0.009923660196363926,-0.016518549993634224,-0.024228535592556,-0.038489893078804016,-0.03590616583824158,-0.0358353853225708,-0.0364295169711113,-0.025802142918109894,-0.022244952619075775,-0.026089638471603394,-0.03758692741394043,-0.05742407590150833,-0.07847791165113449,-0.09195853024721146,-0.09254136681556702,-0.08020000904798508,-0.06539436429738998,-0.05499313771724701,-0.05664576590061188,-0.07368398457765579,-0.10179810971021652,-0.12050436437129974,-0.11900962889194489,-0.12538811564445496,-0.13188834488391876,-0.13401256501674652,-0.13358700275421143,-0.12994462251663208,-0.14488114416599274,-0.15086698532104492,-0.14827477931976318,-0.15101587772369385,-0.15045903623104095,-0.14174479246139526,-0.15023191273212433,-0.13650394976139069,-0.14412085711956024,-0.13945849239826202,-0.148040771484375,-0.1411076933145523,-0.14541593194007874,-0.14349636435508728,-0.14035318791866302,-0.14558793604373932,-0.14282186329364777,-0.13938631117343903,-0.13622018694877625,-0.13677279651165009,-0.1364699751138687,-0.13505275547504425,-0.13212792575359344,-0.1309000551700592,-0.13024164736270905,-0.12956510484218597,-0.1304856687784195,-0.13105975091457367,-0.1303492933511734,-0.127060204744339,-0.12180694937705994,-0.11828374117612839,-0.1182580217719078,-0.1196906566619873,-0.11757288128137589,-0.11741659790277481,-0.1148679181933403,-0.11465378850698471,-0.11079663038253784,-0.10981886088848114,-0.10956801474094391,-0.10757248848676682,-0.10619641840457916,-0.10764160007238388,-0.1085321381688118,-0.10515666007995605,-0.10318499803543091,-0.10209610313177109,-0.10074873268604279,-0.10514077544212341,-0.1003464087843895,-0.09983029961585999,-0.09772846102714539,-0.09809849411249161,-0.09465818852186203,-0.0945517048239708,-0.0922744870185852,-0.09454347938299179,-0.09312401711940765,-0.0929306373000145,-0.09227284789085388,-0.08913087099790573,-0.09094294160604477,-0.08785741031169891,-0.08784325420856476,-0.08983995020389557,-0.08705955743789673,-0.08867880702018738,-0.08761519193649292,-0.08697056770324707,-0.08596543967723846,-0.09678874909877777,-0.1468738466501236,-0.21097010374069214
train,ICBHI_220,220_1b1_Tc_mc_LittC2SE,/home/sahith/projects/minor_project_408/data/raw/audio_and_text_files/220_1b1_Tc_mc_LittC2SE.wav,LittC2SE,0.030550334602594376,-0.10982023179531097,0.03242453932762146,-0.2110491693019867,0.0006178838666528463,-0.12183863669633865,-0.024077966809272766,-0.11974817514419556,-0.02428147941827774,-0.08899322897195816,-0.027026843279600143,-0.04606597125530243,-0.026697713881731033,-0.01488562487065792,-0.0396401584148407,-0.0029705483466386795,-0.04818785935640335,-0.03054210916161537,-0.03361121565103531,-0.04548334330320358,-0.031433865427970886,-0.027706176042556763,-0.02743697352707386,-0.020163627341389656,-0.000541163666639477,-0.010882860980927944,-0.009923660196363926,-0.016518549993634224,-0.024228535592556,-0.038489893078804016,-0.03590616583824158,-0.0358353853225708,-0.0364295169711113,-0.025802142918109894,-0.022244952619075775,-0.026089638471603394,-0.03758692741394043,-0.05742407590150833,-0.07847791165113449,-0.09195853024721146,-0.09254136681556702,-0.08020000904798508,-0.06539436429738998,-0.05499313771724701,-0.05664576590061188,-0.07368398457765579,-0.10179810971021652,-0.12050436437129974,-0.11900962889194489,-0.12538811564445496,-0.13188834488391876,-0.13401256501674652,-0.13358700275421143,-0.12994462251663208,-0.14488114416599274,-0.15086698532104492,-0.14827477931976318,-0.15101587772369385,-0.15045903623104095,-0.14174479246139526,-0.15023191273212433,-0.13650394976139069,-0.14412085711956024,-0.13945849239826202,-0.148040771484375,-0.1411076933145523,-0.14541593194007874,-0.14349636435508728,-0.14035318791866302,-0.14558793604373932,-0.14282186329364777,-0.13938631117343903,-0.13622018694877625,-0.13677279651165009,-0.1364699751138687,-0.13505275547504425,-0.13212792575359344,-0.1309000551700592,-0.13024164736270905,-0.12956510484218597,-0.1304856687784195,-0.13105975091457367,-0.1303492933511734,-0.127060204744339,-0.12180694937705994,-0.11828374117612839,-0.1182580217719078,-0.1196906566619873,-0.11757288128137589,-0.11741659790277481,-0.1148679181933403,-0.11465378850698471,-0.11079663038253784,-0.10981886088848114,-0.10956801474094391,-0.10757248848676682,-0.10619641840457916,-0.10764160007238388,-0.1085321381688118,-0.10515666007995605,-0.10318499803543091,-0.10209610313177109,-0.10074873268604279,-0.10514077544212341,-0.1003464087843895,-0.09983029961585999,-0.09772846102714539,-0.09809849411249161,-0.09465818852186203,-0.0945517048239708,-0.0922744870185852,-0.09454347938299179,-0.09312401711940765,-0.0929306373000145,-0.09227284789085388,-0.08913087099790573,-0.09094294160604477,-0.08785741031169891,-0.08784325420856476,-0.08983995020389557,-0.08705955743789673,-0.08867880702018738,-0.08761519193649292,-0.08697056770324707,-0.08596543967723846,-0.09678874909877777,-0.1468738466501236,-0.21097010374069214
train,ICBHI_220,220_1b2_Al_mc_LittC2SE,/home/sahith/projects/minor_project_408/data/raw/audio_and_text_files/220_1b2_Al_mc_LittC2SE.wav,LittC2SE,0.07825301587581635,-0.0656047984957695,0.08017021417617798,-0.2110491693019867,0.040046706795692444,-0.08428658545017242,0.01355352345854044,-0.09308889508247375,-0.007063792087137699,-0.09185413271188736,-0.027426527813076973,-0.07319937646389008,-0.05341770499944687,-0.06298477947711945,-0.08797354996204376,-0.0639868825674057,-0.12010344117879868,-0.10300398617982864,-0.11552990227937698,-0.1364642232656479,-0.12903276085853577,-0.13933460414409637,-0.15306882560253143,-0.1535036861896515,-0.14168179035186768,-0.15771718323230743,-0.1561843752861023,-0.15429618954658508,-0.15375861525535583,-0.1683296263217926,-0.1690465211868286,-0.17065563797950745,-0.17056740820407867,-0.16653525829315186,-0.1696745604276657,-0.16967208683490753,-0.16756998002529144,-0.16524845361709595,-0.16404341161251068,-0.1634770929813385,-0.16315697133541107,-0.16265976428985596,-0.1626020073890686,-0.16397319734096527,-0.16300217807292938,-0.16203708946704865,-0.16439300775527954,-0.16341984272003174,-0.15526697039604187,-0.15377472341060638,-0.15582408010959625,-0.15677140653133392,-0.15341845154762268,-0.1461900770664215,-0.1543881893157959,-0.15335571765899658,-0.14917650818824768,-0.1500948667526245,-0.1513872891664505,-0.1436060667037964,-0.14789092540740967,-0.1403970569372177,-0.147120863199234,-0.13717392086982727,-0.13982024788856506,-0.13143938779830933,-0.1396426558494568,-0.1388431191444397,-0.13319210708141327,-0.13329142332077026,-0.13242176175117493,-0.1293235570192337,-0.1257031410932541,-0.12527641654014587,-0.12535977363586426,-0.12623107433319092,-0.12262661755084991,-0.12053795158863068,-0.11906127631664276,-0.11668892949819565,-0.11586440354585648,-0.11242428421974182,-0.11117669194936752,-0.10937058180570602,-0.1114579290151596,-0.1087263822555542,-0.1075451597571373,-0.10391300171613693,-0.1001923605799675,-0.10243721306324005,-0.100725457072258,-0.0979648232460022,-0.09957972168922424,-0.09862686693668365,-0.09301897138357162,-0.0960356593132019,-0.09445790201425552,-0.09112786501646042,-0.09222853183746338,-0.09386367350816727,-0.09232503175735474,-0.09202135354280472,-0.09247490763664246,-0.08886104822158813,-0.08763699233531952,-0.0840744823217392,-0.08212906122207642,-0.08296502381563187,-0.08040846884250641,-0.08081913739442825,-0.08004801720380783,-0.0789748802781105,-0.07895874232053757,-0.07685776054859161,-0.07639329880475998,-0.07738477736711502,-0.07574556767940521,-0.07441040128469467,-0.0731966644525528,-0.07321308553218842,-0.07246437668800354,-0.07462777942419052,-0.07426780462265015,-0.07260417193174362,-0.07387421280145645,-0.0817781314253807,-0.13183915615081787,-0.21087244153022766
train,ICBHI_220,220_1b2_Al_mc_LittC2SE,/home/sahith/projects/minor_project_408/data/raw/audio_and_text_files/220_1b2_Al_mc_LittC2SE.wav,LittC2SE,0.07825301587581635,-0.0656047984957695,0.08017021417617798,-0.2110491693019867,0.040046706795692444,-0.08428658545017242,0.01355352345854044,-0.09308889508247375,-0.007063792087137699,-0.09185413271188736,-0.027426527813076973,-0.07319937646389008,-0.05341770499944687,-0.06298477947711945,-0.08797354996204376,-0.0639868825674057,-0.12010344117879868,-0.10300398617982864,-0.11552990227937698,-0.1364642232656479,-0.12903276085853577,-0.13933460414409637,-0.15306882560253143,-0.1535036861896515,-0.14168179035186768,-0.15771718323230743,-0.1561843752861023,-0.15429618954658508,-0.15375861525535583,-0.1683296263217926,-0.1690465211868286,-0.17065563797950745,-0.17056740820407867,-0.16653525829315186,-0.1696745604276657,-0.16967208683490753,-0.16756998002529144,-0.16524845361709595,-0.16404341161251068,-0.1634770929813385,-0.16315697133541107,-0.16265976428985596,-0.1626020073890686,-0.16397319734096527,-0.16300217807292938,-0.16203708946704865,-0.16439300775527954,-0.16341984272003174,-0.15526697039604187,-0.15377472341060638,-0.15582408010959625,-0.15677140653133392,-0.15341845154762268,-0.1461900770664215,-0.1543881893157959,-0.15335571765899658,-0.14917650818824768,-0.1500948667526245,-0.1513872891664505,-0.1436060667037964,-0.14789092540740967,-0.1403970569372177,-0.147120863199234,-0.13717392086982727,-0.13982024788856506,-0.13143938779830933,-0.1396426558494568,-0.1388431191444397,-0.13319210708141327,-0.13329142332077026,-0.13242176175117493,-0.1293235570192337,-0.1257031410932541,-0.12527641654014587,-0.12535977363586426,-0.12623107433319092,-0.12262661755084991,-0.12053795158863068,-0.11906127631664276,-0.11668892949819565,-0.11586440354585648,-0.11242428421974182,-0.11117669194936752,-0.10937058180570602,-0.1114579290151596,-0.1087263822555542,-0.1075451597571373,-0.10391300171613693,-0.1001923605799675,-0.10243721306324005,-0.100725457072258,-0.0979648232460022,-0.09957972168922424,-0.09862686693668365,-0.09301897138357162,-0.0960356593132019,-0.09445790201425552,-0.09112786501646042,-0.09222853183746338,-0.09386367350816727,-0.09232503175735474,-0.09202135354280472,-0.09247490763664246,-0.08886104822158813,-0.08763699233531952,-0.0840744823217392,-0.08212906122207642,-0.08296502381563187,-0.08040846884250641,-0.08081913739442825,-0.08004801720380783,-0.0789748802781105,-0.07895874232053757,-0.07685776054859161,-0.07639329880475998,-0.07738477736711502,-0.07574556767940521,-0.07441040128469467,-0.0731966644525528,-0.07321308553218842,-0.07246437668800354,-0.07462777942419052,-0.07426780462265015,-0.07260417193174362,-0.07387421280145645,-0.0817781314253807,-0.13183915615081787,-0.21087244153022766
train,ICBHI_220,220_1b2_Al_mc_LittC2SE,/home/sahith/projects/minor_project_408/data/raw/audio_and_text_files/220_1b2_Al_mc_LittC2SE.wav,LittC2SE,0.07825301587581635,-0.0656047984957695,0.08017021417617798,-0.2110491693019867,0.040046706795692444,-0.08428658545017242,0.01355352345854044,-0.09308889508247375,-0.007063792087137699,-0.09185413271188736,-0.027426527813076973,-0.07319937646389008,-0.05341770499944687,-0.06298477947711945,-0.08797354996204376,-0.0639868825674057,-0.12010344117879868,-0.10300398617982864,-0.11552990227937698,-0.1364642232656479,-0.12903276085853577,-0.13933460414409637,-0.15306882560253143,-0.1535036861896515,-0.14168179035186768,-0.15771718323230743,-0.1561843752861023,-0.15429618954658508,-0.15375861525535583,-0.1683296263217926,-0.1690465211868286,-0.17065563797950745,-0.17056740820407867,-0.16653525829315186,-0.1696745604276657,-0.16967208683490753,-0.16756998002529144,-0.16524845361709595,-0.16404341161251068,-0.1634770929813385,-0.16315697133541107,-0.16265976428985596,-0.1626020073890686,-0.16397319734096527,-0.16300217807292938,-0.16203708946704865,-0.16439300775527954,-0.16341984272003174,-0.15526697039604187,-0.15377472341060638,-0.15582408010959625,-0.15677140653133392,-0.15341845154762268,-0.1461900770664215,-0.1543881893157959,-0.15335571765899658,-0.14917650818824768,-0.1500948667526245,-0.1513872891664505,-0.1436060667037964,-0.14789092540740967,-0.1403970569372177,-0.147120863199234,-0.13717392086982727,-0.13982024788856506,-0.13143938779830933,-0.1396426558494568,-0.1388431191444397,-0.13319210708141327,-0.13329142332077026,-0.13242176175117493,-0.1293235570192337,-0.1257031410932541,-0.12527641654014587,-0.12535977363586426,-0.12623107433319092,-0.12262661755084991,-0.12053795158863068,-0.11906127631664276,-0.11668892949819565,-0.11586440354585648,-0.11242428421974182,-0.11117669194936752,-0.10937058180570602,-0.1114579290151596,-0.1087263822555542,-0.1075451597571373,-0.10391300171613693,-0.1001923605799675,-0.10243721306324005,-0.100725457072258,-0.0979648232460022,-0.09957972168922424,-0.09862686693668365,-0.09301897138357162,-0.0960356593132019,-0.09445790201425552,-0.09112786501646042,-0.09222853183746338,-0.09386367350816727,-0.09232503175735474,-0.09202135354280472,-0.09247490763664246,-0.08886104822158813,-0.08763699233531952,-0.0840744823217392,-0.08212906122207642,-0.08296502381563187,-0.08040846884250641,-0.08081913739442825,-0.08004801720380783,-0.0789748802781105,-0.07895874232053757,-0.07685776054859161,-0.07639329880475998,-0.07738477736711502,-0.07574556767940521,-0.07441040128469467,-0.0731966644525528,-0.07321308553218842,-0.07246437668800354,-0.07462777942419052,-0.07426780462265015,-0.07260417193174362,-0.07387421280145645,-0.0817781314253807,-0.13183915615081787,-0.21087244153022766
train,ICBHI_220,220_1b2_Al_mc_LittC2SE,/home/sahith/projects/minor_project_408/data/raw/audio_and_text_files/220_1b2_Al_mc_LittC2SE.wav,LittC2SE,0.07825301587581635,-0.0656047984957695,0.08017021417617798,-0.2110491693019867,0.040046706795692444,-0.08428658545017242,0.01355352345854044,-0.09308889508247375,-0.007063792087137699,-0.09185413271188736,-0.027426527813076973,-0.07319937646389008,-0.05341770499944687,-0.06298477947711945,-0.08797354996204376,-0.0639868825674057,-0.12010344117879868,-0.10300398617982864,-0.11552990227937698,-0.1364642232656479,-0.12903276085853577,-0.13933460414409637,-0.15306882560253143,-0.1535036861896515,-0.14168179035186768,-0.15771718323230743,-0.1561843752861023,-0.15429618954658508,-0.15375861525535583,-0.1683296263217926,-0.1690465211868286,-0.17065563797950745,-0.17056740820407867,-0.16653525829315186,-0.1696745604276657,-0.16967208683490753,-0.16756998002529144,-0.16524845361709595,-0.16404341161251068,-0.1634770929813385,-0.16315697133541107,-0.16265976428985596,-0.1626020073890686,-0.16397319734096527,-0.16300217807292938,-0.16203708946704865,-0.16439300775527954,-0.16341984272003174,-0.15526697039604187,-0.15377472341060638,-0.15582408010959625,-0.15677140653133392,-0.15341845154762268,-0.1461900770664215,-0.1543881893157959,-0.15335571765899658,-0.14917650818824768,-0.1500948667526245,-0.1513872891664505,-0.1436060667037964,-0.14789092540740967,-0.1403970569372177,-0.147120863199234,-0.13717392086982727,-0.13982024788856506,-0.13143938779830933,-0.1396426558494568,-0.1388431191444397,-0.13319210708141327,-0.13329142332077026,-0.13242176175117493,-0.1293235570192337,-0.1257031410932541,-0.12527641654014587,-0.12535977363586426,-0.12623107433319092,-0.12262661755084991,-0.12053795158863068,-0.11906127631664276,-0.11668892949819565,-0.11586440354585648,-0.11242428421974182,-0.11117669194936752,-0.10937058180570602,-0.1114579290151596,-0.1087263822555542,-0.1075451597571373,-0.10391300171613693,-0.1001923605799675,-0.10243721306324005,-0.100725457072258,-0.0979648232460022,-0.09957972168922424,-0.09862686693668365,-0.09301897138357162,-0.0960356593132019,-0.09445790201425552,-0.09112786501646042,-0.09222853183746338,-0.09386367350816727,-0.09232503175735474,-0.09202135354280472,-0.09247490763664246,-0.08886104822158813,-0.08763699233531952,-0.0840744823217392,-0.08212906122207642,-0.08296502381563187,-0.08040846884250641,-0.08081913739442825,-0.08004801720380783,-0.0789748802781105,-0.07895874232053757,-0.07685776054859161,-0.07639329880475998,-0.07738477736711502,-0.07574556767940521,-0.07441040128469467,-0.0731966644525528,-0.07321308553218842,-0.07246437668800354,-0.07462777942419052,-0.07426780462265015,-0.07260417193174362,-0.07387421280145645,-0.0817781314253807,-0.13183915615081787,-0.21087244153022766
train,ICBHI_220,220_1b2_Al_mc_LittC2SE,/home/sahith/projects/minor_project_408/data/raw/audio_and_text_files/220_1b2_Al_mc_LittC2SE.wav,LittC2SE,0.07825301587581635,-0.0656047984957695,0.08017021417617798,-0.2110491693019867,0.040046706795692444,-0.08428658545017242,0.01355352345854044,-0.09308889508247375,-0.007063792087137699,-0.09185413271188736,-0.027426527813076973,-0.07319937646389008,-0.05341770499944687,-0.06298477947711945,-0.08797354996204376,-0.0639868825674057,-0.12010344117879868,-0.10300398617982864,-0.11552990227937698,-0.1364642232656479,-0.12903276085853577,-0.13933460414409637,-0.15306882560253143,-0.1535036861896515,-0.14168179035186768,-0.15771718323230743,-0.1561843752861023,-0.15429618954658508,-0.15375861525535583,-0.1683296263217926,-0.1690465211868286,-0.17065563797950745,-0.17056740820407867,-0.16653525829315186,-0.1696745604276657,-0.16967208683490753,-0.16756998002529144,-0.16524845361709595,-0.16404341161251068,-0.1634770929813385,-0.16315697133541107,-0.16265976428985596,-0.1626020073890686,-0.16397319734096527,-0.16300217807292938,-0.16203708946704865,-0.16439300775527954,-0.16341984272003174,-0.15526697039604187,-0.15377472341060638,-0.15582408010959625,-0.15677140653133392,-0.15341845154762268,-0.1461900770664215,-0.1543881893157959,-0.15335571765899658,-0.14917650818824768,-0.1500948667526245,-0.1513872891664505,-0.1436060667037964,-0.14789092540740967,-0.1403970569372177,-0.147120863199234,-0.13717392086982727,-0.13982024788856506,-0.13143938779830933,-0.1396426558494568,-0.1388431191444397,-0.13319210708141327,-0.13329142332077026,-0.13242176175117493,-0.1293235570192337,-0.1257031410932541,-0.12527641654014587,-0.12535977363586426,-0.12623107433319092,-0.12262661755084991,-0.12053795158863068,-0.11906127631664276,-0.11668892949819565,-0.11586440354585648,-0.11242428421974182,-0.11117669194936752,-0.10937058180570602,-0.1114579290151596,-0.1087263822555542,-0.1075451597571373,-0.10391300171613693,-0.1001923605799675,-0.10243721306324005,-0.100725457072258,-0.0979648232460022,-0.09957972168922424,-0.09862686693668365,-0.09301897138357162,-0.0960356593132019,-0.09445790201425552,-0.09112786501646042,-0.09222853183746338,-0.09386367350816727,-0.09232503175735474,-0.09202135354280472,-0.09247490763664246,-0.08886104822158813,-0.08763699233531952,-0.0840744823217392,-0.08212906122207642,-0.08296502381563187,-0.08040846884250641,-0.08081913739442825,-0.08004801720380783,-0.0789748802781105,-0.07895874232053757,-0.07685776054859161,-0.07639329880475998,-0.07738477736711502,-0.07574556767940521,-0.07441040128469467,-0.0731966644525528,-0.07321308553218842,-0.07246437668800354,-0.07462777942419052,-0.07426780462265015,-0.07260417193174362,-0.07387421280145645,-0.0817781314253807,-0.13183915615081787,-0.21087244153022766
train,ICBHI_220,220_1b2_Al_mc_LittC2SE,/home/sahith/projects/minor_project_408/data/raw/audio_and_text_files/220_1b2_Al_mc_LittC2SE.wav,LittC2SE,0.07825301587581635,-0.0656047984957695,0.08017021417617798,-0.2110491693019867,0.040046706795692444,-0.08428658545017242,0.01355352345854044,-0.09308889508247375,-0.007063792087137699,-0.09185413271188736,-0.027426527813076973,-0.07319937646389008,-0.05341770499944687,-0.06298477947711945,-0.08797354996204376,-0.0639868825674057,-0.12010344117879868,-0.10300398617982864,-0.11552990227937698,-0.1364642232656479,-0.12903276085853577,-0.13933460414409637,-0.15306882560253143,-0.1535036861896515,-0.14168179035186768,-0.15771718323230743,-0.1561843752861023,-0.15429618954658508,-0.15375861525535583,-0.1683296263217926,-0.1690465211868286,-0.17065563797950745,-0.17056740820407867,-0.16653525829315186,-0.1696745604276657,-0.16967208683490753,-0.16756998002529144,-0.16524845361709595,-0.16404341161251068,-0.1634770929813385,-0.16315697133541107,-0.16265976428985596,-0.1626020073890686,-0.16397319734096527,-0.16300217807292938,-0.16203708946704865,-0.16439300775527954,-0.16341984272003174,-0.15526697039604187,-0.15377472341060638,-0.15582408010959625,-0.15677140653133392,-0.15341845154762268,-0.1461900770664215,-0.1543881893157959,-0.15335571765899658,-0.14917650818824768,-0.1500948667526245,-0.1513872891664505,-0.1436060667037964,-0.14789092540740967,-0.1403970569372177,-0.147120863199234,-0.13717392086982727,-0.13982024788856506,-0.13143938779830933,-0.1396426558494568,-0.1388431191444397,-0.13319210708141327,-0.13329142332077026,-0.13242176175117493,-0.1293235570192337,-0.1257031410932541,-0.12527641654014587,-0.12535977363586426,-0.12623107433319092,-0.12262661755084991,-0.12053795158863068,-0.11906127631664276,-0.11668892949819565,-0.11586440354585648,-0.11242428421974182,-0.11117669194936752,-0.10937058180570602,-0.1114579290151596,-0.1087263822555542,-0.1075451597571373,-0.10391300171613693,-0.1001923605799675,-0.10243721306324005,-0.100725457072258,-0.0979648232460022,-0.09957972168922424,-0.09862686693668365,-0.09301897138357162,-0.0960356593132019,-0.09445790201425552,-0.09112786501646042,-0.09222853183746338,-0.09386367350816727,-0.09232503175735474,-0.09202135354280472,-0.09247490763664246,-0.08886104822158813,-0.08763699233531952,-0.0840744823217392,-0.08212906122207642,-0.08296502381563187,-0.08040846884250641,-0.08081913739442825,-0.08004801720380783,-0.0789748802781105,-0.07895874232053757,-0.07685776054859161,-0.07639329880475998,-0.07738477736711502,-0.07574556767940521,-0.07441040128469467,-0.0731966644525528,-0.07321308553218842,-0.07246437668800354,-0.07462777942419052,-0.07426780462265015,-0.07260417193174362,-0.07387421280145645,-0.0817781314253807,-0.13183915615081787,-0.21087244153022766
train,ICBHI_220,220_1b2_Al_mc_LittC2SE,/home/sahith/projects/minor_project_408/data/raw/audio_and_text_files/220_1b2_Al_mc_LittC2SE.wav,LittC2SE,0.07825301587581635,-0.0656047984957695,0.08017021417617798,-0.2110491693019867,0.040046706795692444,-0.08428658545017242,0.01355352345854044,-0.09308889508247375,-0.007063792087137699,-0.09185413271188736,-0.027426527813076973,-0.07319937646389008,-0.05341770499944687,-0.06298477947711945,-0.08797354996204376,-0.0639868825674057,-0.12010344117879868,-0.10300398617982864,-0.11552990227937698,-0.1364642232656479,-0.12903276085853577,-0.13933460414409637,-0.15306882560253143,-0.1535036861896515,-0.14168179035186768,-0.15771718323230743,-0.1561843752861023,-0.15429618954658508,-0.15375861525535583,-0.1683296263217926,-0.1690465211868286,-0.17065563797950745,-0.17056740820407867,-0.16653525829315186,-0.1696745604276657,-0.16967208683490753,-0.16756998002529144,-0.16524845361709595,-0.16404341161251068,-0.1634770929813385,-0.16315697133541107,-0.16265976428985596,-0.1626020073890686,-0.16397319734096527,-0.16300217807292938,-0.16203708946704865,-0.16439300775527954,-0.16341984272003174,-0.15526697039604187,-0.15377472341060638,-0.15582408010959625,-0.15677140653133392,-0.15341845154762268,-0.1461900770664215,-0.1543881893157959,-0.15335571765899658,-0.14917650818824768,-0.1500948667526245,-0.1513872891664505,-0.1436060667037964,-0.14789092540740967,-0.1403970569372177,-0.147120863199234,-0.13717392086982727,-0.13982024788856506,-0.13143938779830933,-0.1396426558494568,-0.1388431191444397,-0.13319210708141327,-0.13329142332077026,-0.13242176175117493,-0.1293235570192337,-0.1257031410932541,-0.12527641654014587,-0.12535977363586426,-0.12623107433319092,-0.12262661755084991,-0.12053795158863068,-0.11906127631664276,-0.11668892949819565,-0.11586440354585648,-0.11242428421974182,-0.11117669194936752,-0.10937058180570602,-0.1114579290151596,-0.1087263822555542,-0.1075451597571373,-0.10391300171613693,-0.1001923605799675,-0.10243721306324005,-0.100725457072258,-0.0979648232460022,-0.09957972168922424,-0.09862686693668365,-0.09301897138357162,-0.0960356593132019,-0.09445790201425552,-0.09112786501646042,-0.09222853183746338,-0.09386367350816727,-0.09232503175735474,-0.09202135354280472,-0.09247490763664246,-0.08886104822158813,-0.08763699233531952,-0.0840744823217392,-0.08212906122207642,-0.08296502381563187,-0.08040846884250641,-0.08081913739442825,-0.08004801720380783,-0.0789748802781105,-0.07895874232053757,-0.07685776054859161,-0.07639329880475998,-0.07738477736711502,-0.07574556767940521,-0.07441040128469467,-0.0731966644525528,-0.07321308553218842,-0.07246437668800354,-0.07462777942419052,-0.07426780462265015,-0.07260417193174362,-0.07387421280145645,-0.0817781314253807,-0.13183915615081787,-0.21087244153022766
train,ICBHI_221,221_2b2_Al_mc_LittC2SE,/home/sahith/projects/minor_project_408/data/raw/audio_and_text_files/221_2b2_Al_mc_LittC2SE.wav,LittC2SE,0.29453304409980774,0.12621274590492249,0.2726712226867676,-0.2110491693019867,0.1925901472568512,0.06599157303571701,0.17187288403511047,0.0669679120182991,0.15565159916877747,0.06065267324447632,0.12708429992198944,0.07901041209697723,0.09962377697229385,0.08459150791168213,0.0586434081196785,0.10588490217924118,0.08024216443300247,0.09940307587385178,0.09885051101446152,0.0719936192035675,0.06730504333972931,0.01565791480243206,0.0009758311207406223,-0.006904900074005127,-0.006427415646612644,-0.03371540457010269,-0.04125678539276123,-0.06053812801837921,-0.06499296426773071,-0.06545805186033249,-0.05000672489404678,-0.03907135874032974,-0.03657211363315582,-0.034833744168281555,-0.052275657653808594,-0.06102699786424637,-0.07104005664587021,-0.07873056828975677,-0.08191030472517014,-0.08155211806297302,-0.0832015872001648,-0.0818270668387413,-0.07969492673873901,-0.07870505750179291,-0.0824349969625473,-0.08585269749164581,-0.08677142858505249,-0.08432866632938385,-0.07947474718093872,-0.08237631618976593,-0.08064191043376923,-0.07977703213691711,-0.08035869896411896,-0.07202316075563431,-0.078448586165905,-0.076719269156456,-0.06938084959983826,-0.07104071229696274,-0.07840754836797714,-0.06857049465179443,-0.07302597165107727,-0.05645816773176193,-0.06258726865053177,-0.05683301389217377,-0.06449050456285477,-0.055592603981494904,-0.058138780295848846,-0.052593789994716644,-0.05166596919298172,-0.052944570779800415,-0.05235821008682251,-0.05043092370033264,-0.04835725575685501,-0.051666028797626495,-0.047164760529994965,-0.04365207999944687,-0.043206989765167236,-0.038868702948093414,-0.039600759744644165,-0.03919685631990433,-0.03741980344057083,-0.03410351276397705,-0.029725536704063416,-0.032194942235946655,-0.03137584030628204,-0.029033394530415535,-0.028149565681815147,-0.0216751117259264,-0.02094440720975399,-0.023033922538161278,-0.022315286099910736,-0.02165130153298378,-0.02146105095744133,-0.017434118315577507,-0.01399926096200943,-0.012897904962301254,-0.010786808095872402,-0.011689980514347553,-0.010839289985597134,-0.009153257124125957,-0.011517813429236412,-0.0064698392525315285,-0.00479709729552269,-0.006213457323610783,-0.002211259678006172,0.0004304570611566305,-0.001582917757332325,0.0013572626048699021,0.0004574281629174948,-0.0011022742837667465,0.0012291788589209318,0.0011488914024084806,0.0024865453597158194,0.0034055726137012243,0.002948502777144313,0.004767334554344416,0.0035108623560518026,0.004766351077705622,0.0063178339041769505,0.007262833882123232,0.006599607411772013,0.008599129505455494,0.009156476706266403,0.009629043750464916,0.00778935058042407,-0.0018581477925181389,-0.05064594745635986,-0.1823982149362564
train,ICBHI_221,221_2b2_Ar_mc_LittC2SE,/home/sahith/projects/minor_project_408/data/raw/audio_and_text_files/221_2b2_Ar_mc_LittC2SE.wav,LittC2SE,0.3337991535663605,0.16219080984592438,0.3086499273777008,-0.2110491693019867,0.20440848171710968,0.07771474868059158,0.18314573168754578,0.07324367016553879,0.1488068401813507,0.050653934478759766,0.11721636354923248,0.06344442069530487,0.08390089124441147,0.06847008317708969,0.042661577463150024,0.06318894773721695,0.0035885428078472614,0.01686309278011322,-0.00296679325401783,-0.0295158252120018,-0.03415301442146301,-0.04440442472696304,-0.04664742946624756,-0.04558422416448593,-0.023766757920384407,-0.037777334451675415,-0.03826587647199631,-0.05415153503417969,-0.06888765096664429,-0.08878728747367859,-0.08765973150730133,-0.08539127558469772,-0.08168352395296097,-0.07580044865608215,-0.07703910768032074,-0.0776824951171875,-0.07606291770935059,-0.07579347491264343,-0.07662250846624374,-0.07838290184736252,-0.0794515311717987,-0.07960394024848938,-0.08028163760900497,-0.08126315474510193,-0.08455178886651993,-0.08816198259592056,-0.09332059323787689,-0.09748709946870804,-0.09444499760866165,-0.09344400465488434,-0.09042733907699585,-0.08596725761890411,-0.08433882892131805,-0.0789961889386177,-0.08344542980194092,-0.0833168625831604,-0.07951715588569641,-0.08175107091665268,-0.08281511813402176,-0.0699828639626503,-0.07907862216234207,-0.07041838765144348,-0.07554958015680313,-0.06994567066431046,-0.07781395316123962,-0.06815028935670853,-0.06883153319358826,-0.07119947671890259,-0.06461194902658463,-0.06726979464292526,-0.06170900911092758,-0.06000383943319321,-0.05636285990476608,-0.05617406219244003,-0.054418109357357025,-0.052384763956069946,-0.050976090133190155,-0.049408748745918274,-0.04792331904172897,-0.04812032729387283,-0.04933731257915497,-0.045611463487148285,-0.044245585799217224,-0.04558112472295761,-0.04435277730226517,-0.03972557932138443,-0.03657086193561554,-0.03673471510410309,-0.035635367035865784,-0.03275703638792038,-0.030270760878920555,-0.030467305332422256,-0.028327016159892082,-0.02627458982169628,-0.025854535400867462,-0.02605278789997101,-0.02640133909881115,-0.023803697898983955,-0.022226981818675995,-0.020305991172790527,-0.02143232151865959,-0.021062685176730156,-0.018694259226322174,-0.015546043403446674,-0.01668502390384674,-0.01606714352965355,-0.010171638801693916,-0.009094159118831158,-0.011695732362568378,-0.012011928483843803,-0.010091216303408146,-0.010455623269081116,-0.006587261334061623,-0.006494336761534214,-0.007520802319049835,-0.006826065480709076,-0.004958149045705795,-0.005509580485522747,-0.003571382723748684,-0.002039540559053421,-0.0008121552527882159,-0.001786435954272747,-0.0022632647305727005,-0.0017804456874728203,-0.0006411513895727694,-0.01151680015027523,-0.06345943361520767,-0.190900057554245
train,ICBHI_221,221_2b2_Lr_mc_LittC2SE,/home/sahith/projects/minor_project_408/data/raw/audio_and_text_files/221_2b2_Lr_mc_LittC2SE.wav,LittC2SE,0.27116209268569946,0.10233869403600693,0.24879707396030426,-0.2110491693019867,0.15127252042293549,0.024786537513136864,0.14232905209064484,0.04295537620782852,0.14238205552101135,0.05507747083902359,0.12189574539661407,0.05815914273262024,0.07878357917070389,0.06251709163188934,0.0366847887635231,0.06195718050003052,0.010225499048829079,0.02796652913093567,0.015323390252888203,-0.001760329119861126,0.004618710372596979,0.009158473461866379,-0.006793908774852753,-0.010072530247271061,-0.025912083685398102,-0.05352739244699478,-0.05740094929933548,-0.06512349843978882,-0.06721841543912888,-0.08230240643024445,-0.08426253497600555,-0.08736660331487656,-0.09074798226356506,-0.08707782626152039,-0.09059354662895203,-0.08512130379676819,-0.08272398263216019,-0.08470732718706131,-0.08873173594474792,-0.0856032595038414,-0.08168116956949234,-0.07970821857452393,-0.0788077861070633,-0.08203961700201035,-0.08906417340040207,-0.0916769951581955,-0.09466200321912766,-0.1013827919960022,-0.10063458979129791,-0.09654244035482407,-0.0873800739645958,-0.08780284225940704,-0.09336958825588226,-0.09015253931283951,-0.09829627722501755,-0.09847541898488998,-0.09126457571983337,-0.09227406978607178,-0.09260088205337524,-0.07995551079511642,-0.08929901570081711,-0.08099592477083206,-0.09208057075738907,-0.08565887063741684,-0.0937444344162941,-0.08573352545499802,-0.08712813258171082,-0.0838942751288414,-0.07841663807630539,-0.08091122657060623,-0.07550431042909622,-0.07604554295539856,-0.07345299422740936,-0.07136644423007965,-0.07355279475450516,-0.0714636892080307,-0.07121889293193817,-0.06914471834897995,-0.06480075418949127,-0.06406937539577484,-0.06393067538738251,-0.0592011883854866,-0.05940049886703491,-0.05975118279457092,-0.05995931476354599,-0.050513118505477905,-0.05131636559963226,-0.050337016582489014,-0.050935469567775726,-0.05005577951669693,-0.046882063150405884,-0.04775188863277435,-0.04836053401231766,-0.04402635991573334,-0.03927595913410187,-0.039557814598083496,-0.0376909077167511,-0.03554428368806839,-0.03480227291584015,-0.03769567608833313,-0.03581470251083374,-0.032011568546295166,-0.03179914504289627,-0.0315704420208931,-0.030908191576600075,-0.031064452603459358,-0.02792801707983017,-0.027719587087631226,-0.02313733473420143,-0.022828025743365288,-0.02465725503861904,-0.023544752970337868,-0.022250734269618988,-0.02126218006014824,-0.02178955264389515,-0.021470684558153152,-0.021033046767115593,-0.020215244963765144,-0.015747878700494766,-0.014300615526735783,-0.015333754010498524,-0.013802507892251015,-0.013907978311181068,-0.014263362623751163,-0.014724187552928925,-0.0212886743247509,-0.07098960131406784,-0.19547384977340698
train,ICBHI_221,221_2b2_Pl_mc_LittC2SE,/home/sahith/projects/minor_project_408/data/raw/audio_and_text_files/221_2b2_Pl_mc_LittC2SE.wav,LittC2SE,0.31351807713508606,0.15362448990345,0.3000833988189697,-0.2110491693019867,0.241911843419075,0.11521921306848526,0.23290421068668365,0.12707701325416565,0.21927788853645325,0.11813876032829285,0.18495553731918335,0.13400286436080933,0.1546679586172104,0.13644196093082428,0.11030443012714386,0.14895619451999664,0.11199082434177399,0.1301618069410324,0.1317775845527649,0.10443128645420074,0.10110123455524445,0.04614506661891937,0.0338294580578804,0.02384226955473423,0.03026057593524456,0.008207915350794792,0.0036323298700153828,-0.013615147210657597,-0.024346597492694855,-0.03866960108280182,-0.0357704758644104,-0.034108102321624756,-0.03340170532464981,-0.02554936893284321,-0.029439322650432587,-0.023506665602326393,-0.021833600476384163,-0.020201655104756355,-0.019612479954957962,-0.020338505506515503,-0.02104867808520794,-0.022615088149905205,-0.025237787514925003,-0.029188843443989754,-0.03431909531354904,-0.03516774624586105,-0.02965395897626877,-0.027513833716511726,-0.019906500354409218,-0.028526347130537033,-0.03242901712656021,-0.033374764025211334,-0.0359516441822052,-0.02979119122028351,-0.03479592502117157,-0.03164679557085037,-0.02307567372918129,-0.027006130665540695,-0.03056022897362709,-0.020995816215872765,-0.03177521377801895,-0.023327406495809555,-0.029247203841805458,-0.01592046394944191,-0.019691836088895798,-0.01214103028178215,-0.018958566710352898,-0.021787764504551888,-0.017014898359775543,-0.016591714695096016,-0.012526427395641804,-0.00786462239921093,-0.005851874127984047,-0.009677821770310402,-0.009248558431863785,-0.00618594978004694,-0.00532608013600111,-0.005010988563299179,-0.0037156781181693077,0.00019261316629126668,0.002084816573187709,0.0011924325954169035,0.001999941421672702,0.0027852156199514866,0.002282876055687666,0.005290384870022535,0.006852948572486639,0.0050634718500077724,0.009942235425114632,0.009525294415652752,0.007679476868361235,0.009719046764075756,0.012612680904567242,0.013718055561184883,0.01576371118426323,0.018411384895443916,0.02027384378015995,0.021326947957277298,0.023854011669754982,0.024793928489089012,0.023963145911693573,0.024653350934386253,0.027673430740833282,0.02574010379612446,0.029440850019454956,0.02950495481491089,0.030394773930311203,0.030279261991381645,0.029578745365142822,0.032687872648239136,0.03419342637062073,0.03242656588554382,0.03466629236936569,0.03784915804862976,0.036304548382759094,0.035831741988658905,0.03742503374814987,0.038084134459495544,0.03946637362241745,0.04053734987974167,0.041451431810855865,0.041665077209472656,0.04191190004348755,0.044061146676540375,0.042256228625774384,0.03399626165628433,-0.017436979338526726,-0.1486838012933731
validation,ICBHI_141,141_1b1_Pr_mc_LittC2SE,/home/sahith/projects/minor_project_408/data/raw/audio_and_text_files/141_1b1_Pr_mc_LittC2SE.wav,LittC2SE,0.033137910068035126,-0.10413821041584015,0.03967483341693878,-0.2110491693019867,0.025585876777768135,-0.09823580831289291,0.030607853084802628,-0.06873393058776855,0.033778734505176544,-0.05188176780939102,0.013468199409544468,-0.04490792751312256,-0.024742720648646355,-0.03831519931554794,-0.06316554546356201,-0.04468090087175369,-0.09083806723356247,-0.07213199138641357,-0.07102816551923752,-0.09263113886117935,-0.08555816859006882,-0.0958038941025734,-0.10861790180206299,-0.10838700085878372,-0.08909835666418076,-0.09573478251695633,-0.09340603649616241,-0.09538232535123825,-0.09579149633646011,-0.1034260094165802,-0.10052834451198578,-0.1016274094581604,-0.10547562688589096,-0.10427556931972504,-0.10844249278306961,-0.10766956210136414,-0.11053761839866638,-0.11438286304473877,-0.11452586203813553,-0.11317315697669983,-0.11500521004199982,-0.11548642069101334,-0.11595994234085083,-0.11686398088932037,-0.12256895005702972,-0.12926368415355682,-0.13088157773017883,-0.13512510061264038,-0.13850735127925873,-0.15041397511959076,-0.15918323397636414,-0.16310419142246246,-0.16389451920986176,-0.1587187498807907,-0.17002737522125244,-0.17162364721298218,-0.1663295328617096,-0.17060349881649017,-0.1738731414079666,-0.16698865592479706,-0.172642320394516,-0.16510184109210968,-0.17086872458457947,-0.1676018387079239,-0.17471766471862793,-0.1686227172613144,-0.1709522306919098,-0.1706235259771347,-0.16627734899520874,-0.1672934591770172,-0.16344192624092102,-0.1606650948524475,-0.15842647850513458,-0.16096466779708862,-0.16124014556407928,-0.15895402431488037,-0.15401406586170197,-0.1527225375175476,-0.15406261384487152,-0.15526840090751648,-0.155428946018219,-0.15134601294994354,-0.1498923897743225,-0.15398471057415009,-0.14890322089195251,-0.1437375694513321,-0.14660082757472992,-0.146213561296463,-0.14443647861480713,-0.1406984031200409,-0.13959945738315582,-0.13972532749176025,-0.1382061243057251,-0.134314626455307,-0.13358944654464722,-0.13825002312660217,-0.13545483350753784,-0.13098175823688507,-0.12859909236431122,-0.13028819859027863,-0.13011647760868073,-0.12684749066829681,-0.12460143119096756,-0.12483779340982437,-0.12007304280996323,-0.11838381737470627,-0.12029015272855759,-0.11889161169528961,-0.11797201633453369,-0.1155637577176094,-0.1154216080904007,-0.11169250309467316,-0.11504609882831573,-0.1146203801035881,-0.11436736583709717,-0.10922171920537949,-0.1062149852514267,-0.10805512964725494,-0.10762994736433029,-0.10756044834852219,-0.10692629218101501,-0.10789568722248077,-0.10488275438547134,-0.10009046643972397,-0.10346660017967224,-0.11111503094434738,-0.15912073850631714,-0.2110491693019867
validation,ICBHI_141,141_1b2_Ar_mc_LittC2SE,/home/sahith/projects/minor_project_408/data/raw/audio_and_text_files/141_1b2_Ar_mc_LittC2SE.wav,LittC2SE,0.10038644820451736,-0.054274022579193115,0.09191283583641052,-0.2110491693019867,0.04628607630729675,-0.0799107477068901,0.031848207116127014,-0.07719726115465164,0.00898741465061903,-0.08871456980705261,-0.022778494283556938,-0.08040131628513336,-0.06031610071659088,-0.0762849673628807,-0.10122493654489517,-0.07824202626943588,-0.13147813081741333,-0.1142663061618805,-0.12455647438764572,-0.14250871539115906,-0.13202960789203644,-0.13233846426010132,-0.13945622742176056,-0.13521349430084229,-0.12082414329051971,-0.12280303984880447,-0.11573857814073563,-0.11048910021781921,-0.09825807064771652,-0.10456535965204239,-0.10475010424852371,-0.11017272621393204,-0.1204458475112915,-0.12448595464229584,-0.13855089247226715,-0.13226227462291718,-0.1274634748697281,-0.12357676029205322,-0.12322688102722168,-0.12572278082370758,-0.12861447036266327,-0.13049013912677765,-0.1322728544473648,-0.13538870215415955,-0.1399267017841339,-0.1430482417345047,-0.14514976739883423,-0.1492122858762741,-0.14619114995002747,-0.14750753343105316,-0.14897027611732483,-0.15256324410438538,-0.15541043877601624,-0.14940698444843292,-0.15629428625106812,-0.15539485216140747,-0.14514842629432678,-0.14440393447875977,-0.1452338993549347,-0.13688690960407257,-0.15052403509616852,-0.14233554899692535,-0.14791351556777954,-0.14486320316791534,-0.15335819125175476,-0.14611908793449402,-0.14882975816726685,-0.1480366289615631,-0.13855205476284027,-0.13903409242630005,-0.13611248135566711,-0.13325387239456177,-0.1326032280921936,-0.13462428748607635,-0.13213013112545013,-0.13126514852046967,-0.1289098858833313,-0.12865252792835236,-0.1268071085214615,-0.12593545019626617,-0.12253521382808685,-0.122523233294487,-0.12201174348592758,-0.12104526907205582,-0.11752275377511978,-0.11304681748151779,-0.11292078346014023,-0.11204887181520462,-0.11260855197906494,-0.1132301539182663,-0.1122344583272934,-0.10986931622028351,-0.11095108836889267,-0.10962904989719391,-0.10674617439508438,-0.1054869219660759,-0.10161319375038147,-0.09810171276330948,-0.09925473481416702,-0.09911934286355972,-0.0958961546421051,-0.09647359699010849,-0.09673556685447693,-0.09448423236608505,-0.09301041811704636,-0.09043404459953308,-0.09487979859113693,-0.09240183234214783,-0.08898217231035233,-0.0881648138165474,-0.08760321140289307,-0.09033183008432388,-0.08756815642118454,-0.08984975516796112,-0.08375760167837143,-0.08478108793497086,-0.08548613637685776,-0.0859542042016983,-0.08180128782987595,-0.08317393064498901,-0.08287171274423599,-0.08255840837955475,-0.08274922519922256,-0.07897082716226578,-0.0791204646229744,-0.09050455689430237,-0.14007732272148132,-0.2110249102115631
validation,ICBHI_141,141_1b2_Ar_mc_LittC2SE,/home/sahith/projects/minor_project_408/data/raw/audio_and_text_files/141_1b2_Ar_mc_LittC2SE.wav,LittC2SE,0.10038644820451736,-0.054274022579193115,0.09191283583641052,-0.2110491693019867,0.04628607630729675,-0.0799107477068901,0.031848207116127014,-0.07719726115465164,0.00898741465061903,-0.08871456980705261,-0.022778494283556938,-0.08040131628513336,-0.06031610071659088,-0.0762849673628807,-0.10122493654489517,-0.07824202626943588,-0.13147813081741333,-0.1142663061618805,-0.12455647438764572,-0.14250871539115906,-0.13202960789203644,-0.13233846426010132,-0.13945622742176056,-0.13521349430084229,-0.12082414329051971,-0.12280303984880447,-0.11573857814073563,-0.11048910021781921,-0.09825807064771652,-0.10456535965204239,-0.10475010424852371,-0.11017272621393204,-0.1204458475112915,-0.12448595464229584,-0.13855089247226715,-0.13226227462291718,-0.1274634748697281,-0.12357676029205322,-0.12322688102722168,-0.12572278082370758,-0.12861447036266327,-0.13049013912677765,-0.1322728544473648,-0.13538870215415955,-0.1399267017841339,-0.1430482417345047,-0.14514976739883423,-0.1492122858762741,-0.14619114995002747,-0.14750753343105316,-0.14897027611732483,-0.15256324410438538,-0.15541043877601624,-0.14940698444843292,-0.15629428625106812,-0.15539485216140747,-0.14514842629432678,-0.14440393447875977,-0.1452338993549347,-0.13688690960407257,-0.15052403509616852,-0.14233554899692535,-0.14791351556777954,-0.14486320316791534,-0.15335819125175476,-0.14611908793449402,-0.14882975816726685,-0.1480366289615631,-0.13855205476284027,-0.13903409242630005,-0.13611248135566711,-0.13325387239456177,-0.1326032280921936,-0.13462428748607635,-0.13213013112545013,-0.13126514852046967,-0.1289098858833313,-0.12865252792835236,-0.1268071085214615,-0.12593545019626617,-0.12253521382808685,-0.122523233294487,-0.12201174348592758,-0.12104526907205582,-0.11752275377511978,-0.11304681748151779,-0.11292078346014023,-0.11204887181520462,-0.11260855197906494,-0.1132301539182663,-0.1122344583272934,-0.10986931622028351,-0.11095108836889267,-0.10962904989719391,-0.10674617439508438,-0.1054869219660759,-0.10161319375038147,-0.09810171276330948,-0.09925473481416702,-0.09911934286355972,-0.0958961546421051,-0.09647359699010849,-0.09673556685447693,-0.09448423236608505,-0.09301041811704636,-0.09043404459953308,-0.09487979859113693,-0.09240183234214783,-0.08898217231035233,-0.0881648138165474,-0.08760321140289307,-0.09033183008432388,-0.08756815642118454,-0.08984975516796112,-0.08375760167837143,-0.08478108793497086,-0.08548613637685776,-0.0859542042016983,-0.08180128782987595,-0.08317393064498901,-0.08287171274423599,-0.08255840837955475,-0.08274922519922256,-0.07897082716226578,-0.0791204646229744,-0.09050455689430237,-0.14007732272148132,-0.2110249102115631
validation,ICBHI_141,141_1b2_Ar_mc_LittC2SE,/home/sahith/projects/minor_project_408/data/raw/audio_and_text_files/141_1b2_Ar_mc_LittC2SE.wav,LittC2SE,0.10038644820451736,-0.054274022579193115,0.09191283583641052,-0.2110491693019867,0.04628607630729675,-0.0799107477068901,0.031848207116127014,-0.07719726115465164,0.00898741465061903,-0.08871456980705261,-0.022778494283556938,-0.08040131628513336,-0.06031610071659088,-0.0762849673628807,-0.10122493654489517,-0.07824202626943588,-0.13147813081741333,-0.1142663061618805,-0.12455647438764572,-0.14250871539115906,-0.13202960789203644,-0.13233846426010132,-0.13945622742176056,-0.13521349430084229,-0.12082414329051971,-0.12280303984880447,-0.11573857814073563,-0.11048910021781921,-0.09825807064771652,-0.10456535965204239,-0.10475010424852371,-0.11017272621393204,-0.1204458475112915,-0.12448595464229584,-0.13855089247226715,-0.13226227462291718,-0.1274634748697281,-0.12357676029205322,-0.12322688102722168,-0.12572278082370758,-0.12861447036266327,-0.13049013912677765,-0.1322728544473648,-0.13538870215415955,-0.1399267017841339,-0.1430482417345047,-0.14514976739883423,-0.1492122858762741,-0.14619114995002747,-0.14750753343105316,-0.14897027611732483,-0.15256324410438538,-0.15541043877601624,-0.14940698444843292,-0.15629428625106812,-0.15539485216140747,-0.14514842629432678,-0.14440393447875977,-0.1452338993549347,-0.13688690960407257,-0.15052403509616852,-0.14233554899692535,-0.14791351556777954,-0.14486320316791534,-0.15335819125175476,-0.14611908793449402,-0.14882975816726685,-0.1480366289615631,-0.13855205476284027,-0.13903409242630005,-0.13611248135566711,-0.13325387239456177,-0.1326032280921936,-0.13462428748607635,-0.13213013112545013,-0.13126514852046967,-0.1289098858833313,-0.12865252792835236,-0.1268071085214615,-0.12593545019626617,-0.12253521382808685,-0.122523233294487,-0.12201174348592758,-0.12104526907205582,-0.11752275377511978,-0.11304681748151779,-0.11292078346014023,-0.11204887181520462,-0.11260855197906494,-0.1132301539182663,-0.1122344583272934,-0.10986931622028351,-0.11095108836889267,-0.10962904989719391,-0.10674617439508438,-0.1054869219660759,-0.10161319375038147,-0.09810171276330948,-0.09925473481416702,-0.09911934286355972,-0.0958961546421051,-0.09647359699010849,-0.09673556685447693,-0.09448423236608505,-0.09301041811704636,-0.09043404459953308,-0.09487979859113693,-0.09240183234214783,-0.08898217231035233,-0.0881648138165474,-0.08760321140289307,-0.09033183008432388,-0.08756815642118454,-0.08984975516796112,-0.08375760167837143,-0.08478108793497086,-0.08548613637685776,-0.0859542042016983,-0.08180128782987595,-0.08317393064498901,-0.08287171274423599,-0.08255840837955475,-0.08274922519922256,-0.07897082716226578,-0.0791204646229744,-0.09050455689430237,-0.14007732272148132,-0.2110249102115631
validation,ICBHI_141,141_1b2_Lr_mc_LittC2SE,/home/sahith/projects/minor_project_408/data/raw/audio_and_text_files/141_1b2_Lr_mc_LittC2SE.wav,LittC2SE,0.06729330122470856,-0.0674629732966423,0.07795695215463638,-0.2110491693019867,0.056034527719020844,-0.06939868628978729,0.035031430423259735,-0.07060995697975159,0.01850973069667816,-0.06949789822101593,-0.0053777871653437614,-0.06058646738529205,-0.04024343192577362,-0.05960738658905029,-0.08414243161678314,-0.06339722871780396,-0.1153620034456253,-0.09862916171550751,-0.10398312658071518,-0.1216021478176117,-0.11011628061532974,-0.11027545481920242,-0.1159207820892334,-0.11055296659469604,-0.09964263439178467,-0.11203808337450027,-0.11318977177143097,-0.12114647775888443,-0.13213633000850677,-0.14811307191848755,-0.14799034595489502,-0.14711949229240417,-0.14358225464820862,-0.1329214721918106,-0.1319570094347,-0.13356927037239075,-0.13556091487407684,-0.13990488648414612,-0.14187228679656982,-0.1401515156030655,-0.1383604258298874,-0.13679297268390656,-0.13343891501426697,-0.13197164237499237,-0.13543099164962769,-0.14221163094043732,-0.15164372324943542,-0.16252350807189941,-0.16584412753582,-0.17181986570358276,-0.17708036303520203,-0.17824092507362366,-0.17796537280082703,-0.1719028651714325,-0.17594827711582184,-0.175431489944458,-0.17162537574768066,-0.1727791130542755,-0.1749197095632553,-0.16889524459838867,-0.1748160570859909,-0.16627970337867737,-0.1704796999692917,-0.16262871026992798,-0.16770799458026886,-0.16288673877716064,-0.16643834114074707,-0.1667979508638382,-0.16402195394039154,-0.1643437147140503,-0.16108323633670807,-0.16138507425785065,-0.15803822875022888,-0.15699008107185364,-0.15501154959201813,-0.1544228494167328,-0.15243449807167053,-0.15135280787944794,-0.14836351573467255,-0.14702126383781433,-0.15025360882282257,-0.14733359217643738,-0.14430472254753113,-0.14174789190292358,-0.14197765290737152,-0.1400490701198578,-0.14290113747119904,-0.13861243426799774,-0.13717839121818542,-0.14134334027767181,-0.13695111870765686,-0.13437286019325256,-0.13437378406524658,-0.1319790929555893,-0.12881943583488464,-0.12798655033111572,-0.12650732696056366,-0.12608405947685242,-0.12489081174135208,-0.12435312569141388,-0.12137053906917572,-0.12122092396020889,-0.1170959621667862,-0.11833208054304123,-0.11953748762607574,-0.11870287358760834,-0.11567483097314835,-0.11305712908506393,-0.11496612429618835,-0.11188573390245438,-0.10950306057929993,-0.10885551571846008,-0.11110510677099228,-0.10851637274026871,-0.1078922301530838,-0.10792990028858185,-0.10400291532278061,-0.10416631400585175,-0.10194667428731918,-0.10055486857891083,-0.10128961503505707,-0.10101187974214554,-0.10276085883378983,-0.10273126512765884,-0.10226477682590485,-0.10960696637630463,-0.160013347864151,-0.2109108865261078
validation,ICBHI_141,141_1b2_Pr_mc_LittC2SE,/home/sahith/projects/minor_project_408/data/raw/audio_and_text_files/141_1b2_Pr_mc_LittC2SE.wav,LittC2SE,0.04254019260406494,-0.08184417337179184,0.06260783970355988,-0.2110491693019867,0.0785457119345665,-0.04692673683166504,0.09512218087911606,-0.0036770617589354515,0.1001477986574173,0.014575988054275513,0.08094637095928192,0.03295155614614487,0.05356481671333313,0.04865049570798874,0.022872639819979668,0.04840830713510513,-0.0010549183934926987,0.017592493444681168,0.0065401517786085606,-0.017230486497282982,-0.014896323904395103,-0.02491592988371849,-0.03859071433544159,-0.04149746894836426,-0.03326891362667084,-0.040842391550540924,-0.03650613874197006,-0.03738564997911453,-0.03829064220190048,-0.05476495623588562,-0.05405318737030029,-0.05778965353965759,-0.06591297686100006,-0.06772284209728241,-0.07243454456329346,-0.07466208189725876,-0.07725698500871658,-0.08261128515005112,-0.08452067524194717,-0.08518615365028381,-0.08606736361980438,-0.08419616520404816,-0.08122874796390533,-0.08157375454902649,-0.08428992331027985,-0.09052145481109619,-0.10033991187810898,-0.10784114897251129,-0.11541779339313507,-0.12981367111206055,-0.1404143124818802,-0.14741076529026031,-0.1505325883626938,-0.14941735565662384,-0.16456344723701477,-0.16373193264007568,-0.16090044379234314,-0.16576333343982697,-0.1694856733083725,-0.1633676290512085,-0.17225761711597443,-0.16435348987579346,-0.17182600498199463,-0.16778363287448883,-0.17156440019607544,-0.16533073782920837,-0.17151252925395966,-0.16867052018642426,-0.1627027690410614,-0.16641157865524292,-0.16450011730194092,-0.16274204850196838,-0.15941886603832245,-0.15877316892147064,-0.1605883687734604,-0.1575368493795395,-0.15533891320228577,-0.15481214225292206,-0.1536145806312561,-0.1553611159324646,-0.15475879609584808,-0.1513911932706833,-0.15164947509765625,-0.15105189383029938,-0.14693263173103333,-0.14287115633487701,-0.14497922360897064,-0.14328676462173462,-0.14116980135440826,-0.13928236067295074,-0.14061838388442993,-0.14020393788814545,-0.13734860718250275,-0.13337844610214233,-0.13389138877391815,-0.13235530257225037,-0.12977001070976257,-0.1289711594581604,-0.12692517042160034,-0.1265372484922409,-0.12946723401546478,-0.1274007111787796,-0.12278405576944351,-0.12165066599845886,-0.12187039107084274,-0.11938975006341934,-0.1180257499217987,-0.11562518030405045,-0.11592870950698853,-0.11795595288276672,-0.11618462204933167,-0.11490031331777573,-0.11250147223472595,-0.11225380003452301,-0.10842642933130264,-0.1108473539352417,-0.10885703563690186,-0.1052040159702301,-0.10508742928504944,-0.10598979890346527,-0.10233040153980255,-0.10214798897504807,-0.102370485663414,-0.10192253440618515,-0.10076741874217987,-0.11076915264129639,-0.15877403318881989,-0.2110491693019867
validation,ICBHI_141,141_1b2_Tc_mc_LittC2SE,/home/sahith/projects/minor_project_408/data/raw/audio_and_text_files/141_1b2_Tc_mc_LittC2SE.wav,LittC2SE,0.024844085797667503,-0.12781861424446106,0.014237978495657444,-0.2110491693019867,-0.04384613037109375,-0.16220347583293915,-0.0716831162571907,-0.16977587342262268,-0.08467508107423782,-0.1495944708585739,-0.08993256837129593,-0.1169840544462204,-0.09813844412565231,-0.09163539111614227,-0.11478867381811142,-0.08385565131902695,-0.1313202828168869,-0.11465691775083542,-0.11964723467826843,-0.13736467063426971,-0.12722298502922058,-0.1288088858127594,-0.1361965537071228,-0.13247254490852356,-0.11510734260082245,-0.12208496779203415,-0.1146269366145134,-0.10820240527391434,-0.09481032937765121,-0.0956217423081398,-0.08416862785816193,-0.07712214440107346,-0.07456397265195847,-0.06521522998809814,-0.07232621312141418,-0.0770958811044693,-0.0800459012389183,-0.08855652809143066,-0.10396476835012436,-0.11661293357610703,-0.11548540741205215,-0.10852149873971939,-0.1041354089975357,-0.10427118837833405,-0.1060640960931778,-0.10910641402006149,-0.11560539156198502,-0.12642697989940643,-0.13124977052211761,-0.1337691694498062,-0.13302452862262726,-0.13174176216125488,-0.13117267191410065,-0.12600499391555786,-0.1325797438621521,-0.12810370326042175,-0.11115222424268723,-0.11086109280586243,-0.11754343658685684,-0.12290126830339432,-0.14067929983139038,-0.13573996722698212,-0.14322663843631744,-0.14266705513000488,-0.15294353663921356,-0.14449575543403625,-0.14624711871147156,-0.14449593424797058,-0.14013491570949554,-0.14218629896640778,-0.14125551283359528,-0.13974681496620178,-0.13694888353347778,-0.13798364996910095,-0.13465140759944916,-0.13285042345523834,-0.13339200615882874,-0.1327599287033081,-0.13272756338119507,-0.12899672985076904,-0.1261650025844574,-0.12460760027170181,-0.12539133429527283,-0.12612482905387878,-0.12194424122571945,-0.11730141192674637,-0.12026049941778183,-0.11718244850635529,-0.11374864727258682,-0.11855708807706833,-0.121538907289505,-0.11956778168678284,-0.11762145906686783,-0.11349190771579742,-0.11061722040176392,-0.11070331931114197,-0.10867512226104736,-0.10623981058597565,-0.10656768828630447,-0.10312916338443756,-0.10450180619955063,-0.1053348183631897,-0.10226933658123016,-0.10285750776529312,-0.10342851281166077,-0.10041530430316925,-0.10059265792369843,-0.1032799482345581,-0.10121262818574905,-0.09620323777198792,-0.09627360850572586,-0.09410035610198975,-0.0904560387134552,-0.09304135292768478,-0.09278704971075058,-0.09128893911838531,-0.09024865180253983,-0.09089382737874985,-0.08977164328098297,-0.08930139988660812,-0.08986561000347137,-0.08842397481203079,-0.0866524949669838,-0.08914744108915329,-0.08862122893333435,-0.09690012037754059,-0.14271876215934753,-0.21102473139762878
validation,ICBHI_141,141_1b2_Tc_mc_LittC2SE,/home/sahith/projects/minor_project_408/data/raw/audio_and_text_files/141_1b2_Tc_mc_LittC2SE.wav,LittC2SE,0.024844085797667503,-0.12781861424446106,0.014237978495657444,-0.2110491693019867,-0.04384613037109375,-0.16220347583293915,-0.0716831162571907,-0.16977587342262268,-0.08467508107423782,-0.1495944708585739,-0.08993256837129593,-0.1169840544462204,-0.09813844412565231,-0.09163539111614227,-0.11478867381811142,-0.08385565131902695,-0.1313202828168869,-0.11465691775083542,-0.11964723467826843,-0.13736467063426971,-0.12722298502922058,-0.1288088858127594,-0.1361965537071228,-0.13247254490852356,-0.11510734260082245,-0.12208496779203415,-0.1146269366145134,-0.10820240527391434,-0.09481032937765121,-0.0956217423081398,-0.08416862785816193,-0.07712214440107346,-0.07456397265195847,-0.06521522998809814,-0.07232621312141418,-0.0770958811044693,-0.0800459012389183,-0.08855652809143066,-0.10396476835012436,-0.11661293357610703,-0.11548540741205215,-0.10852149873971939,-0.1041354089975357,-0.10427118837833405,-0.1060640960931778,-0.10910641402006149,-0.11560539156198502,-0.12642697989940643,-0.13124977052211761,-0.1337691694498062,-0.13302452862262726,-0.13174176216125488,-0.13117267191410065,-0.12600499391555786,-0.1325797438621521,-0.12810370326042175,-0.11115222424268723,-0.11086109280586243,-0.11754343658685684,-0.12290126830339432,-0.14067929983139038,-0.13573996722698212,-0.14322663843631744,-0.14266705513000488,-0.15294353663921356,-0.14449575543403625,-0.14624711871147156,-0.14449593424797058,-0.14013491570949554,-0.14218629896640778,-0.14125551283359528,-0.13974681496620178,-0.13694888353347778,-0.13798364996910095,-0.13465140759944916,-0.13285042345523834,-0.13339200615882874,-0.1327599287033081,-0.13272756338119507,-0.12899672985076904,-0.1261650025844574,-0.12460760027170181,-0.12539133429527283,-0.12612482905387878,-0.12194424122571945,-0.11730141192674637,-0.12026049941778183,-0.11718244850635529,-0.11374864727258682,-0.11855708807706833,-0.121538907289505,-0.11956778168678284,-0.11762145906686783,-0.11349190771579742,-0.11061722040176392,-0.11070331931114197,-0.10867512226104736,-0.10623981058597565,-0.10656768828630447,-0.10312916338443756,-0.10450180619955063,-0.1053348183631897,-0.10226933658123016,-0.10285750776529312,-0.10342851281166077,-0.10041530430316925,-0.10059265792369843,-0.1032799482345581,-0.10121262818574905,-0.09620323777198792,-0.09627360850572586,-0.09410035610198975,-0.0904560387134552,-0.09304135292768478,-0.09278704971075058,-0.09128893911838531,-0.09024865180253983,-0.09089382737874985,-0.08977164328098297,-0.08930139988660812,-0.08986561000347137,-0.08842397481203079,-0.0866524949669838,-0.08914744108915329,-0.08862122893333435,-0.09690012037754059,-0.14271876215934753,-0.21102473139762878
validation,ICBHI_141,141_1b2_Tc_mc_LittC2SE,/home/sahith/projects/minor_project_408/data/raw/audio_and_text_files/141_1b2_Tc_mc_LittC2SE.wav,LittC2SE,0.024844085797667503,-0.12781861424446106,0.014237978495657444,-0.2110491693019867,-0.04384613037109375,-0.16220347583293915,-0.0716831162571907,-0.16977587342262268,-0.08467508107423782,-0.1495944708585739,-0.08993256837129593,-0.1169840544462204,-0.09813844412565231,-0.09163539111614227,-0.11478867381811142,-0.08385565131902695,-0.1313202828168869,-0.11465691775083542,-0.11964723467826843,-0.13736467063426971,-0.12722298502922058,-0.1288088858127594,-0.1361965537071228,-0.13247254490852356,-0.11510734260082245,-0.12208496779203415,-0.1146269366145134,-0.10820240527391434,-0.09481032937765121,-0.0956217423081398,-0.08416862785816193,-0.07712214440107346,-0.07456397265195847,-0.06521522998809814,-0.07232621312141418,-0.0770958811044693,-0.0800459012389183,-0.08855652809143066,-0.10396476835012436,-0.11661293357610703,-0.11548540741205215,-0.10852149873971939,-0.1041354089975357,-0.10427118837833405,-0.1060640960931778,-0.10910641402006149,-0.11560539156198502,-0.12642697989940643,-0.13124977052211761,-0.1337691694498062,-0.13302452862262726,-0.13174176216125488,-0.13117267191410065,-0.12600499391555786,-0.1325797438621521,-0.12810370326042175,-0.11115222424268723,-0.11086109280586243,-0.11754343658685684,-0.12290126830339432,-0.14067929983139038,-0.13573996722698212,-0.14322663843631744,-0.14266705513000488,-0.15294353663921356,-0.14449575543403625,-0.14624711871147156,-0.14449593424797058,-0.14013491570949554,-0.14218629896640778,-0.14125551283359528,-0.13974681496620178,-0.13694888353347778,-0.13798364996910095,-0.13465140759944916,-0.13285042345523834,-0.13339200615882874,-0.1327599287033081,-0.13272756338119507,-0.12899672985076904,-0.1261650025844574,-0.12460760027170181,-0.12539133429527283,-0.12612482905387878,-0.12194424122571945,-0.11730141192674637,-0.12026049941778183,-0.11718244850635529,-0.11374864727258682,-0.11855708807706833,-0.121538907289505,-0.11956778168678284,-0.11762145906686783,-0.11349190771579742,-0.11061722040176392,-0.11070331931114197,-0.10867512226104736,-0.10623981058597565,-0.10656768828630447,-0.10312916338443756,-0.10450180619955063,-0.1053348183631897,-0.10226933658123016,-0.10285750776529312,-0.10342851281166077,-0.10041530430316925,-0.10059265792369843,-0.1032799482345581,-0.10121262818574905,-0.09620323777198792,-0.09627360850572586,-0.09410035610198975,-0.0904560387134552,-0.09304135292768478,-0.09278704971075058,-0.09128893911838531,-0.09024865180253983,-0.09089382737874985,-0.08977164328098297,-0.08930139988660812,-0.08986561000347137,-0.08842397481203079,-0.0866524949669838,-0.08914744108915329,-0.08862122893333435,-0.09690012037754059,-0.14271876215934753,-0.21102473139762878
validation,ICBHI_141,141_1b2_Tc_mc_LittC2SE,/home/sahith/projects/minor_project_408/data/raw/audio_and_text_files/141_1b2_Tc_mc_LittC2SE.wav,LittC2SE,0.024844085797667503,-0.12781861424446106,0.014237978495657444,-0.2110491693019867,-0.04384613037109375,-0.16220347583293915,-0.0716831162571907,-0.16977587342262268,-0.08467508107423782,-0.1495944708585739,-0.08993256837129593,-0.1169840544462204,-0.09813844412565231,-0.09163539111614227,-0.11478867381811142,-0.08385565131902695,-0.1313202828168869,-0.11465691775083542,-0.11964723467826843,-0.13736467063426971,-0.12722298502922058,-0.1288088858127594,-0.1361965537071228,-0.13247254490852356,-0.11510734260082245,-0.12208496779203415,-0.1146269366145134,-0.10820240527391434,-0.09481032937765121,-0.0956217423081398,-0.08416862785816193,-0.07712214440107346,-0.07456397265195847,-0.06521522998809814,-0.07232621312141418,-0.0770958811044693,-0.0800459012389183,-0.08855652809143066,-0.10396476835012436,-0.11661293357610703,-0.11548540741205215,-0.10852149873971939,-0.1041354089975357,-0.10427118837833405,-0.1060640960931778,-0.10910641402006149,-0.11560539156198502,-0.12642697989940643,-0.13124977052211761,-0.1337691694498062,-0.13302452862262726,-0.13174176216125488,-0.13117267191410065,-0.12600499391555786,-0.1325797438621521,-0.12810370326042175,-0.11115222424268723,-0.11086109280586243,-0.11754343658685684,-0.12290126830339432,-0.14067929983139038,-0.13573996722698212,-0.14322663843631744,-0.14266705513000488,-0.15294353663921356,-0.14449575543403625,-0.14624711871147156,-0.14449593424797058,-0.14013491570949554,-0.14218629896640778,-0.14125551283359528,-0.13974681496620178,-0.13694888353347778,-0.13798364996910095,-0.13465140759944916,-0.13285042345523834,-0.13339200615882874,-0.1327599287033081,-0.13272756338119507,-0.12899672985076904,-0.1261650025844574,-0.12460760027170181,-0.12539133429527283,-0.12612482905387878,-0.12194424122571945,-0.11730141192674637,-0.12026049941778183,-0.11718244850635529,-0.11374864727258682,-0.11855708807706833,-0.121538907289505,-0.11956778168678284,-0.11762145906686783,-0.11349190771579742,-0.11061722040176392,-0.11070331931114197,-0.10867512226104736,-0.10623981058597565,-0.10656768828630447,-0.10312916338443756,-0.10450180619955063,-0.1053348183631897,-0.10226933658123016,-0.10285750776529312,-0.10342851281166077,-0.10041530430316925,-0.10059265792369843,-0.1032799482345581,-0.10121262818574905,-0.09620323777198792,-0.09627360850572586,-0.09410035610198975,-0.0904560387134552,-0.09304135292768478,-0.09278704971075058,-0.09128893911838531,-0.09024865180253983,-0.09089382737874985,-0.08977164328098297,-0.08930139988660812,-0.08986561000347137,-0.08842397481203079,-0.0866524949669838,-0.08914744108915329,-0.08862122893333435,-0.09690012037754059,-0.14271876215934753,-0.21102473139762878
validation,ICBHI_141,141_1b2_Tc_mc_LittC2SE,/home/sahith/projects/minor_project_408/data/raw/audio_and_text_files/141_1b2_Tc_mc_LittC2SE.wav,LittC2SE,0.024844085797667503,-0.12781861424446106,0.014237978495657444,-0.2110491693019867,-0.04384613037109375,-0.16220347583293915,-0.0716831162571907,-0.16977587342262268,-0.08467508107423782,-0.1495944708585739,-0.08993256837129593,-0.1169840544462204,-0.09813844412565231,-0.09163539111614227,-0.11478867381811142,-0.08385565131902695,-0.1313202828168869,-0.11465691775083542,-0.11964723467826843,-0.13736467063426971,-0.12722298502922058,-0.1288088858127594,-0.1361965537071228,-0.13247254490852356,-0.11510734260082245,-0.12208496779203415,-0.1146269366145134,-0.10820240527391434,-0.09481032937765121,-0.0956217423081398,-0.08416862785816193,-0.07712214440107346,-0.07456397265195847,-0.06521522998809814,-0.07232621312141418,-0.0770958811044693,-0.0800459012389183,-0.08855652809143066,-0.10396476835012436,-0.11661293357610703,-0.11548540741205215,-0.10852149873971939,-0.1041354089975357,-0.10427118837833405,-0.1060640960931778,-0.10910641402006149,-0.11560539156198502,-0.12642697989940643,-0.13124977052211761,-0.1337691694498062,-0.13302452862262726,-0.13174176216125488,-0.13117267191410065,-0.12600499391555786,-0.1325797438621521,-0.12810370326042175,-0.11115222424268723,-0.11086109280586243,-0.11754343658685684,-0.12290126830339432,-0.14067929983139038,-0.13573996722698212,-0.14322663843631744,-0.14266705513000488,-0.15294353663921356,-0.14449575543403625,-0.14624711871147156,-0.14449593424797058,-0.14013491570949554,-0.14218629896640778,-0.14125551283359528,-0.13974681496620178,-0.13694888353347778,-0.13798364996910095,-0.13465140759944916,-0.13285042345523834,-0.13339200615882874,-0.1327599287033081,-0.13272756338119507,-0.12899672985076904,-0.1261650025844574,-0.12460760027170181,-0.12539133429527283,-0.12612482905387878,-0.12194424122571945,-0.11730141192674637,-0.12026049941778183,-0.11718244850635529,-0.11374864727258682,-0.11855708807706833,-0.121538907289505,-0.11956778168678284,-0.11762145906686783,-0.11349190771579742,-0.11061722040176392,-0.11070331931114197,-0.10867512226104736,-0.10623981058597565,-0.10656768828630447,-0.10312916338443756,-0.10450180619955063,-0.1053348183631897,-0.10226933658123016,-0.10285750776529312,-0.10342851281166077,-0.10041530430316925,-0.10059265792369843,-0.1032799482345581,-0.10121262818574905,-0.09620323777198792,-0.09627360850572586,-0.09410035610198975,-0.0904560387134552,-0.09304135292768478,-0.09278704971075058,-0.09128893911838531,-0.09024865180253983,-0.09089382737874985,-0.08977164328098297,-0.08930139988660812,-0.08986561000347137,-0.08842397481203079,-0.0866524949669838,-0.08914744108915329,-0.08862122893333435,-0.09690012037754059,-0.14271876215934753,-0.21102473139762878
validation,ICBHI_141,141_1b3_Al_mc_LittC2SE,/home/sahith/projects/minor_project_408/data/raw/audio_and_text_files/141_1b3_Al_mc_LittC2SE.wav,LittC2SE,0.07977809756994247,-0.07143102586269379,0.07404596358537674,-0.2110491693019867,0.022669365629553795,-0.10176748782396317,-0.01679585874080658,-0.12215780466794968,-0.03593260049819946,-0.10652590543031693,-0.043187618255615234,-0.08474577218294144,-0.06502380967140198,-0.08813200145959854,-0.11257126927375793,-0.08012973517179489,-0.12637221813201904,-0.10820258408784866,-0.11876468360424042,-0.14259189367294312,-0.1422623246908188,-0.152624249458313,-0.16283151507377625,-0.15990406274795532,-0.1546911746263504,-0.17052419483661652,-0.16889303922653198,-0.16500113904476166,-0.1606452763080597,-0.16764234006404877,-0.165008082985878,-0.16475214064121246,-0.1675194352865219,-0.16664348542690277,-0.17132999002933502,-0.1705888956785202,-0.1695946902036667,-0.16934527456760406,-0.1702640801668167,-0.16974052786827087,-0.16943161189556122,-0.1694309264421463,-0.16763781011104584,-0.16309238970279694,-0.16107283532619476,-0.16271662712097168,-0.16012880206108093,-0.1591518521308899,-0.15124385058879852,-0.15525981783866882,-0.1581815481185913,-0.15936614573001862,-0.15751798450946808,-0.14659856259822845,-0.14943929016590118,-0.14839638769626617,-0.14360424876213074,-0.14812400937080383,-0.15229834616184235,-0.1452956199645996,-0.15221531689167023,-0.1424262821674347,-0.14515060186386108,-0.1335664987564087,-0.1408047378063202,-0.13303504884243011,-0.13661549985408783,-0.1365482062101364,-0.13232479989528656,-0.13513219356536865,-0.13159248232841492,-0.12970244884490967,-0.1288236379623413,-0.12740640342235565,-0.12576065957546234,-0.1277422159910202,-0.1282999962568283,-0.12735383212566376,-0.12354889512062073,-0.11819594353437424,-0.1159619390964508,-0.1147274300456047,-0.11156873404979706,-0.11394257098436356,-0.11285560578107834,-0.10866150259971619,-0.10929756611585617,-0.10687077045440674,-0.10404166579246521,-0.10571109503507614,-0.10192041844129562,-0.09973219037055969,-0.10455328971147537,-0.10146844387054443,-0.09983086585998535,-0.09807935357093811,-0.09581096470355988,-0.09505553543567657,-0.09190011769533157,-0.08795158565044403,-0.09018523246049881,-0.08946849405765533,-0.08943372964859009,-0.08879968523979187,-0.0873703584074974,-0.08599407970905304,-0.08555128425359726,-0.08375781029462814,-0.08296746760606766,-0.08137133717536926,-0.079522043466568,-0.0800224170088768,-0.07709534466266632,-0.07712461799383163,-0.0760248601436615,-0.07653345912694931,-0.07624845951795578,-0.07625498622655869,-0.07719457894563675,-0.07544518262147903,-0.07304374873638153,-0.07338084280490875,-0.07477235049009323,-0.0733577162027359,-0.07184223085641861,-0.08092687278985977,-0.13270774483680725,-0.21087971329689026
validation,ICBHI_141,141_1b3_Ar_mc_LittC2SE,/home/sahith/projects/minor_project_408/data/raw/audio_and_text_files/141_1b3_Ar_mc_LittC2SE.wav,LittC2SE,0.09546039998531342,-0.052182555198669434,0.09388189017772675,-0.2110491693019867,0.06914833188056946,-0.05705653876066208,0.05632375180721283,-0.05448152869939804,0.02818855457007885,-0.08007576316595078,-0.014782421290874481,-0.08280248194932938,-0.06292358785867691,-0.08400724828243256,-0.10854468494653702,-0.08339521288871765,-0.13452205061912537,-0.1172817125916481,-0.12332159280776978,-0.14163517951965332,-0.1321757286787033,-0.1372573971748352,-0.1452822983264923,-0.14168119430541992,-0.12713980674743652,-0.1333293914794922,-0.126430943608284,-0.12057875096797943,-0.10947724431753159,-0.11272307485342026,-0.11092283576726913,-0.1165890321135521,-0.12972018122673035,-0.13438817858695984,-0.13726916909217834,-0.13444530963897705,-0.1320912390947342,-0.1311604529619217,-0.1310349553823471,-0.13135723769664764,-0.13471584022045135,-0.13804930448532104,-0.14167311787605286,-0.14445027709007263,-0.14589886367321014,-0.14554136991500854,-0.14766310155391693,-0.15220652520656586,-0.1513107568025589,-0.15511713922023773,-0.15738067030906677,-0.15890294313430786,-0.15905001759529114,-0.1525501012802124,-0.15817385911941528,-0.1571478545665741,-0.1497156023979187,-0.14981243014335632,-0.15018408000469208,-0.13998651504516602,-0.15028436481952667,-0.142075315117836,-0.147480770945549,-0.14008782804012299,-0.14850781857967377,-0.14217011630535126,-0.14461243152618408,-0.14303530752658844,-0.14142410457134247,-0.14348268508911133,-0.13872882723808289,-0.13597853481769562,-0.13270333409309387,-0.13876134157180786,-0.13454121351242065,-0.12931983172893524,-0.12891629338264465,-0.1272687315940857,-0.12816551327705383,-0.12642647325992584,-0.12591899931430817,-0.12419940531253815,-0.11898811161518097,-0.11863052845001221,-0.12168216705322266,-0.11901094019412994,-0.11598402261734009,-0.11557439714670181,-0.11254462599754333,-0.11461957544088364,-0.11285420507192612,-0.11105882376432419,-0.11221221834421158,-0.11058154702186584,-0.10444869101047516,-0.10576187819242477,-0.10547363013029099,-0.10168769955635071,-0.10132145881652832,-0.10011004656553268,-0.10148999094963074,-0.09840472787618637,-0.0948851928114891,-0.09511519968509674,-0.09475483745336533,-0.09092625230550766,-0.0916983038187027,-0.09046310186386108,-0.08911862224340439,-0.08703100681304932,-0.08526408672332764,-0.08589394390583038,-0.0864957645535469,-0.08639854937791824,-0.08389552682638168,-0.08396217226982117,-0.08313357830047607,-0.08142176270484924,-0.08243556320667267,-0.08423472940921783,-0.08174066990613937,-0.08136996626853943,-0.08201958984136581,-0.08039964735507965,-0.08230890333652496,-0.08939491957426071,-0.14041464030742645,-0.2110045850276947
validation,ICBHI_141,141_1b3_Ar_mc_LittC2SE,/home/sahith/projects/minor_project_408/data/raw/audio_and_text_files/141_1b3_Ar_mc_LittC2SE.wav,LittC2SE,0.09546039998531342,-0.052182555198669434,0.09388189017772675,-0.2110491693019867,0.06914833188056946,-0.05705653876066208,0.05632375180721283,-0.05448152869939804,0.02818855457007885,-0.08007576316595078,-0.014782421290874481,-0.08280248194932938,-0.06292358785867691,-0.08400724828243256,-0.10854468494653702,-0.08339521288871765,-0.13452205061912537,-0.1172817125916481,-0.12332159280776978,-0.14163517951965332,-0.1321757286787033,-0.1372573971748352,-0.1452822983264923,-0.14168119430541992,-0.12713980674743652,-0.1333293914794922,-0.126430943608284,-0.12057875096797943,-0.10947724431753159,-0.11272307485342026,-0.11092283576726913,-0.1165890321135521,-0.12972018122673035,-0.13438817858695984,-0.13726916909217834,-0.13444530963897705,-0.1320912390947342,-0.1311604529619217,-0.1310349553823471,-0.13135723769664764,-0.13471584022045135,-0.13804930448532104,-0.14167311787605286,-0.14445027709007263,-0.14589886367321014,-0.14554136991500854,-0.14766310155391693,-0.15220652520656586,-0.1513107568025589,-0.15511713922023773,-0.15738067030906677,-0.15890294313430786,-0.15905001759529114,-0.1525501012802124,-0.15817385911941528,-0.1571478545665741,-0.1497156023979187,-0.14981243014335632,-0.15018408000469208,-0.13998651504516602,-0.15028436481952667,-0.142075315117836,-0.147480770945549,-0.14008782804012299,-0.14850781857967377,-0.14217011630535126,-0.14461243152618408,-0.14303530752658844,-0.14142410457134247,-0.14348268508911133,-0.13872882723808289,-0.13597853481769562,-0.13270333409309387,-0.13876134157180786,-0.13454121351242065,-0.12931983172893524,-0.12891629338264465,-0.1272687315940857,-0.12816551327705383,-0.12642647325992584,-0.12591899931430817,-0.12419940531253815,-0.11898811161518097,-0.11863052845001221,-0.12168216705322266,-0.11901094019412994,-0.11598402261734009,-0.11557439714670181,-0.11254462599754333,-0.11461957544088364,-0.11285420507192612,-0.11105882376432419,-0.11221221834421158,-0.11058154702186584,-0.10444869101047516,-0.10576187819242477,-0.10547363013029099,-0.10168769955635071,-0.10132145881652832,-0.10011004656553268,-0.10148999094963074,-0.09840472787618637,-0.0948851928114891,-0.09511519968509674,-0.09475483745336533,-0.09092625230550766,-0.0916983038187027,-0.09046310186386108,-0.08911862224340439,-0.08703100681304932,-0.08526408672332764,-0.08589394390583038,-0.0864957645535469,-0.08639854937791824,-0.08389552682638168,-0.08396217226982117,-0.08313357830047607,-0.08142176270484924,-0.08243556320667267,-0.08423472940921783,-0.08174066990613937,-0.08136996626853943,-0.08201958984136581,-0.08039964735507965,-0.08230890333652496,-0.08939491957426071,-0.14041464030742645,-0.2110045850276947
validation,ICBHI_199,199_2b1_Ll_mc_LittC2SE,/home/sahith/projects/minor_project_408/data/raw/audio_and_text_files/199_2b1_Ll_mc_LittC2SE.wav,LittC2SE,0.25378718972206116,0.0828840434551239,0.22933192551136017,-0.2110491693019867,0.13438992202281952,0.007980977185070515,0.0959383174777031,-0.019321909174323082,0.039903342723846436,-0.09885953366756439,-0.03515615314245224,-0.09509991109371185,-0.07537377625703812,-0.09266527742147446,-0.11519764363765717,-0.08241631090641022,-0.12482909113168716,-0.10693088173866272,-0.10755433887243271,-0.12666361033916473,-0.1166638657450676,-0.1240946352481842,-0.13766951858997345,-0.13809791207313538,-0.1371276080608368,-0.1518363654613495,-0.15096041560173035,-0.14913710951805115,-0.14184284210205078,-0.14451417326927185,-0.13944120705127716,-0.13557158410549164,-0.1329902857542038,-0.13258576393127441,-0.1370193064212799,-0.13785842061042786,-0.13595591485500336,-0.13306687772274017,-0.13018615543842316,-0.12513995170593262,-0.11620289087295532,-0.10796855390071869,-0.10686874389648438,-0.10998532921075821,-0.11226755380630493,-0.11899267137050629,-0.12383689731359482,-0.12294618040323257,-0.11867527663707733,-0.11188919097185135,-0.1041518896818161,-0.0970367044210434,-0.09058800339698792,-0.08177890628576279,-0.09959036111831665,-0.11439365148544312,-0.11371774226427078,-0.11667045205831528,-0.11929277330636978,-0.10818610340356827,-0.11600348353385925,-0.11260664463043213,-0.12379949539899826,-0.12315378338098526,-0.1333821415901184,-0.1312248557806015,-0.1386404186487198,-0.13953076303005219,-0.13644905388355255,-0.1386445015668869,-0.14044757187366486,-0.14093706011772156,-0.13842417299747467,-0.14216510951519012,-0.1417250633239746,-0.136968195438385,-0.13618621230125427,-0.1393321007490158,-0.13753189146518707,-0.13744793832302094,-0.14028458297252655,-0.1387145072221756,-0.13575343787670135,-0.13588093221187592,-0.13427311182022095,-0.13346093893051147,-0.13273507356643677,-0.13286857306957245,-0.1357276886701584,-0.13559584319591522,-0.1296273171901703,-0.12483928352594376,-0.12385355681180954,-0.12401749938726425,-0.12183494120836258,-0.11938554793596268,-0.11575586348772049,-0.11869944632053375,-0.118232361972332,-0.11453516036272049,-0.11320365965366364,-0.1150633841753006,-0.11420971155166626,-0.115266814827919,-0.11525954306125641,-0.11139412224292755,-0.11147008836269379,-0.1124635636806488,-0.11217368394136429,-0.10910563915967941,-0.10747676342725754,-0.10841632634401321,-0.10620178282260895,-0.10684233903884888,-0.1040872186422348,-0.10180973261594772,-0.10002370923757553,-0.10473350435495377,-0.10071657598018646,-0.10147950053215027,-0.100871242582798,-0.1035299301147461,-0.10039085149765015,-0.09759659320116043,-0.09737677127122879,-0.1075257882475853,-0.15625035762786865,-0.21097809076309204
validation,ICBHI_199,199_2b1_Ll_mc_LittC2SE,/home/sahith/projects/minor_project_408/data/raw/audio_and_text_files/199_2b1_Ll_mc_LittC2SE.wav,LittC2SE,0.25378718972206116,0.0828840434551239,0.22933192551136017,-0.2110491693019867,0.13438992202281952,0.007980977185070515,0.0959383174777031,-0.019321909174323082,0.039903342723846436,-0.09885953366756439,-0.03515615314245224,-0.09509991109371185,-0.07537377625703812,-0.09266527742147446,-0.11519764363765717,-0.08241631090641022,-0.12482909113168716,-0.10693088173866272,-0.10755433887243271,-0.12666361033916473,-0.1166638657450676,-0.1240946352481842,-0.13766951858997345,-0.13809791207313538,-0.1371276080608368,-0.1518363654613495,-0.15096041560173035,-0.14913710951805115,-0.14184284210205078,-0.14451417326927185,-0.13944120705127716,-0.13557158410549164,-0.1329902857542038,-0.13258576393127441,-0.1370193064212799,-0.13785842061042786,-0.13595591485500336,-0.13306687772274017,-0.13018615543842316,-0.12513995170593262,-0.11620289087295532,-0.10796855390071869,-0.10686874389648438,-0.10998532921075821,-0.11226755380630493,-0.11899267137050629,-0.12383689731359482,-0.12294618040323257,-0.11867527663707733,-0.11188919097185135,-0.1041518896818161,-0.0970367044210434,-0.09058800339698792,-0.08177890628576279,-0.09959036111831665,-0.11439365148544312,-0.11371774226427078,-0.11667045205831528,-0.11929277330636978,-0.10818610340356827,-0.11600348353385925,-0.11260664463043213,-0.12379949539899826,-0.12315378338098526,-0.1333821415901184,-0.1312248557806015,-0.1386404186487198,-0.13953076303005219,-0.13644905388355255,-0.1386445015668869,-0.14044757187366486,-0.14093706011772156,-0.13842417299747467,-0.14216510951519012,-0.1417250633239746,-0.136968195438385,-0.13618621230125427,-0.1393321007490158,-0.13753189146518707,-0.13744793832302094,-0.14028458297252655,-0.1387145072221756,-0.13575343787670135,-0.13588093221187592,-0.13427311182022095,-0.13346093893051147,-0.13273507356643677,-0.13286857306957245,-0.1357276886701584,-0.13559584319591522,-0.1296273171901703,-0.12483928352594376,-0.12385355681180954,-0.12401749938726425,-0.12183494120836258,-0.11938554793596268,-0.11575586348772049,-0.11869944632053375,-0.118232361972332,-0.11453516036272049,-0.11320365965366364,-0.1150633841753006,-0.11420971155166626,-0.115266814827919,-0.11525954306125641,-0.11139412224292755,-0.11147008836269379,-0.1124635636806488,-0.11217368394136429,-0.10910563915967941,-0.10747676342725754,-0.10841632634401321,-0.10620178282260895,-0.10684233903884888,-0.1040872186422348,-0.10180973261594772,-0.10002370923757553,-0.10473350435495377,-0.10071657598018646,-0.10147950053215027,-0.100871242582798,-0.1035299301147461,-0.10039085149765015,-0.09759659320116043,-0.09737677127122879,-0.1075257882475853,-0.15625035762786865,-0.21097809076309204
validation,ICBHI_199,199_2b1_Ll_mc_LittC2SE,/home/sahith/projects/minor_project_408/data/raw/audio_and_text_files/199_2b1_Ll_mc_LittC2SE.wav,LittC2SE,0.25378718972206116,0.0828840434551239,0.22933192551136017,-0.2110491693019867,0.13438992202281952,0.007980977185070515,0.0959383174777031,-0.019321909174323082,0.039903342723846436,-0.09885953366756439,-0.03515615314245224,-0.09509991109371185,-0.07537377625703812,-0.09266527742147446,-0.11519764363765717,-0.08241631090641022,-0.12482909113168716,-0.10693088173866272,-0.10755433887243271,-0.12666361033916473,-0.1166638657450676,-0.1240946352481842,-0.13766951858997345,-0.13809791207313538,-0.1371276080608368,-0.1518363654613495,-0.15096041560173035,-0.14913710951805115,-0.14184284210205078,-0.14451417326927185,-0.13944120705127716,-0.13557158410549164,-0.1329902857542038,-0.13258576393127441,-0.1370193064212799,-0.13785842061042786,-0.13595591485500336,-0.13306687772274017,-0.13018615543842316,-0.12513995170593262,-0.11620289087295532,-0.10796855390071869,-0.10686874389648438,-0.10998532921075821,-0.11226755380630493,-0.11899267137050629,-0.12383689731359482,-0.12294618040323257,-0.11867527663707733,-0.11188919097185135,-0.1041518896818161,-0.0970367044210434,-0.09058800339698792,-0.08177890628576279,-0.09959036111831665,-0.11439365148544312,-0.11371774226427078,-0.11667045205831528,-0.11929277330636978,-0.10818610340356827,-0.11600348353385925,-0.11260664463043213,-0.12379949539899826,-0.12315378338098526,-0.1333821415901184,-0.1312248557806015,-0.1386404186487198,-0.13953076303005219,-0.13644905388355255,-0.1386445015668869,-0.14044757187366486,-0.14093706011772156,-0.13842417299747467,-0.14216510951519012,-0.1417250633239746,-0.136968195438385,-0.13618621230125427,-0.1393321007490158,-0.13753189146518707,-0.13744793832302094,-0.14028458297252655,-0.1387145072221756,-0.13575343787670135,-0.13588093221187592,-0.13427311182022095,-0.13346093893051147,-0.13273507356643677,-0.13286857306957245,-0.1357276886701584,-0.13559584319591522,-0.1296273171901703,-0.12483928352594376,-0.12385355681180954,-0.12401749938726425,-0.12183494120836258,-0.11938554793596268,-0.11575586348772049,-0.11869944632053375,-0.118232361972332,-0.11453516036272049,-0.11320365965366364,-0.1150633841753006,-0.11420971155166626,-0.115266814827919,-0.11525954306125641,-0.11139412224292755,-0.11147008836269379,-0.1124635636806488,-0.11217368394136429,-0.10910563915967941,-0.10747676342725754,-0.10841632634401321,-0.10620178282260895,-0.10684233903884888,-0.1040872186422348,-0.10180973261594772,-0.10002370923757553,-0.10473350435495377,-0.10071657598018646,-0.10147950053215027,-0.100871242582798,-0.1035299301147461,-0.10039085149765015,-0.09759659320116043,-0.09737677127122879,-0.1075257882475853,-0.15625035762786865,-0.21097809076309204
validation,ICBHI_199,199_2b1_Ll_mc_LittC2SE,/home/sahith/projects/minor_project_408/data/raw/audio_and_text_files/199_2b1_Ll_mc_LittC2SE.wav,LittC2SE,0.25378718972206116,0.0828840434551239,0.22933192551136017,-0.2110491693019867,0.13438992202281952,0.007980977185070515,0.0959383174777031,-0.019321909174323082,0.039903342723846436,-0.09885953366756439,-0.03515615314245224,-0.09509991109371185,-0.07537377625703812,-0.09266527742147446,-0.11519764363765717,-0.08241631090641022,-0.12482909113168716,-0.10693088173866272,-0.10755433887243271,-0.12666361033916473,-0.1166638657450676,-0.1240946352481842,-0.13766951858997345,-0.13809791207313538,-0.1371276080608368,-0.1518363654613495,-0.15096041560173035,-0.14913710951805115,-0.14184284210205078,-0.14451417326927185,-0.13944120705127716,-0.13557158410549164,-0.1329902857542038,-0.13258576393127441,-0.1370193064212799,-0.13785842061042786,-0.13595591485500336,-0.13306687772274017,-0.13018615543842316,-0.12513995170593262,-0.11620289087295532,-0.10796855390071869,-0.10686874389648438,-0.10998532921075821,-0.11226755380630493,-0.11899267137050629,-0.12383689731359482,-0.12294618040323257,-0.11867527663707733,-0.11188919097185135,-0.1041518896818161,-0.0970367044210434,-0.09058800339698792,-0.08177890628576279,-0.09959036111831665,-0.11439365148544312,-0.11371774226427078,-0.11667045205831528,-0.11929277330636978,-0.10818610340356827,-0.11600348353385925,-0.11260664463043213,-0.12379949539899826,-0.12315378338098526,-0.1333821415901184,-0.1312248557806015,-0.1386404186487198,-0.13953076303005219,-0.13644905388355255,-0.1386445015668869,-0.14044757187366486,-0.14093706011772156,-0.13842417299747467,-0.14216510951519012,-0.1417250633239746,-0.136968195438385,-0.13618621230125427,-0.1393321007490158,-0.13753189146518707,-0.13744793832302094,-0.14028458297252655,-0.1387145072221756,-0.13575343787670135,-0.13588093221187592,-0.13427311182022095,-0.13346093893051147,-0.13273507356643677,-0.13286857306957245,-0.1357276886701584,-0.13559584319591522,-0.1296273171901703,-0.12483928352594376,-0.12385355681180954,-0.12401749938726425,-0.12183494120836258,-0.11938554793596268,-0.11575586348772049,-0.11869944632053375,-0.118232361972332,-0.11453516036272049,-0.11320365965366364,-0.1150633841753006,-0.11420971155166626,-0.115266814827919,-0.11525954306125641,-0.11139412224292755,-0.11147008836269379,-0.1124635636806488,-0.11217368394136429,-0.10910563915967941,-0.10747676342725754,-0.10841632634401321,-0.10620178282260895,-0.10684233903884888,-0.1040872186422348,-0.10180973261594772,-0.10002370923757553,-0.10473350435495377,-0.10071657598018646,-0.10147950053215027,-0.100871242582798,-0.1035299301147461,-0.10039085149765015,-0.09759659320116043,-0.09737677127122879,-0.1075257882475853,-0.15625035762786865,-0.21097809076309204
validation,ICBHI_199,199_2b1_Ll_mc_LittC2SE,/home/sahith/projects/minor_project_408/data/raw/audio_and_text_files/199_2b1_Ll_mc_LittC2SE.wav,LittC2SE,0.25378718972206116,0.0828840434551239,0.22933192551136017,-0.2110491693019867,0.13438992202281952,0.007980977185070515,0.0959383174777031,-0.019321909174323082,0.039903342723846436,-0.09885953366756439,-0.03515615314245224,-0.09509991109371185,-0.07537377625703812,-0.09266527742147446,-0.11519764363765717,-0.08241631090641022,-0.12482909113168716,-0.10693088173866272,-0.10755433887243271,-0.12666361033916473,-0.1166638657450676,-0.1240946352481842,-0.13766951858997345,-0.13809791207313538,-0.1371276080608368,-0.1518363654613495,-0.15096041560173035,-0.14913710951805115,-0.14184284210205078,-0.14451417326927185,-0.13944120705127716,-0.13557158410549164,-0.1329902857542038,-0.13258576393127441,-0.1370193064212799,-0.13785842061042786,-0.13595591485500336,-0.13306687772274017,-0.13018615543842316,-0.12513995170593262,-0.11620289087295532,-0.10796855390071869,-0.10686874389648438,-0.10998532921075821,-0.11226755380630493,-0.11899267137050629,-0.12383689731359482,-0.12294618040323257,-0.11867527663707733,-0.11188919097185135,-0.1041518896818161,-0.0970367044210434,-0.09058800339698792,-0.08177890628576279,-0.09959036111831665,-0.11439365148544312,-0.11371774226427078,-0.11667045205831528,-0.11929277330636978,-0.10818610340356827,-0.11600348353385925,-0.11260664463043213,-0.12379949539899826,-0.12315378338098526,-0.1333821415901184,-0.1312248557806015,-0.1386404186487198,-0.13953076303005219,-0.13644905388355255,-0.1386445015668869,-0.14044757187366486,-0.14093706011772156,-0.13842417299747467,-0.14216510951519012,-0.1417250633239746,-0.136968195438385,-0.13618621230125427,-0.1393321007490158,-0.13753189146518707,-0.13744793832302094,-0.14028458297252655,-0.1387145072221756,-0.13575343787670135,-0.13588093221187592,-0.13427311182022095,-0.13346093893051147,-0.13273507356643677,-0.13286857306957245,-0.1357276886701584,-0.13559584319591522,-0.1296273171901703,-0.12483928352594376,-0.12385355681180954,-0.12401749938726425,-0.12183494120836258,-0.11938554793596268,-0.11575586348772049,-0.11869944632053375,-0.118232361972332,-0.11453516036272049,-0.11320365965366364,-0.1150633841753006,-0.11420971155166626,-0.115266814827919,-0.11525954306125641,-0.11139412224292755,-0.11147008836269379,-0.1124635636806488,-0.11217368394136429,-0.10910563915967941,-0.10747676342725754,-0.10841632634401321,-0.10620178282260895,-0.10684233903884888,-0.1040872186422348,-0.10180973261594772,-0.10002370923757553,-0.10473350435495377,-0.10071657598018646,-0.10147950053215027,-0.100871242582798,-0.1035299301147461,-0.10039085149765015,-0.09759659320116043,-0.09737677127122879,-0.1075257882475853,-0.15625035762786865,-0.21097809076309204
validation,ICBHI_199,199_2b1_Ll_mc_LittC2SE,/home/sahith/projects/minor_project_408/data/raw/audio_and_text_files/199_2b1_Ll_mc_LittC2SE.wav,LittC2SE,0.25378718972206116,0.0828840434551239,0.22933192551136017,-0.2110491693019867,0.13438992202281952,0.007980977185070515,0.0959383174777031,-0.019321909174323082,0.039903342723846436,-0.09885953366756439,-0.03515615314245224,-0.09509991109371185,-0.07537377625703812,-0.09266527742147446,-0.11519764363765717,-0.08241631090641022,-0.12482909113168716,-0.10693088173866272,-0.10755433887243271,-0.12666361033916473,-0.1166638657450676,-0.1240946352481842,-0.13766951858997345,-0.13809791207313538,-0.1371276080608368,-0.1518363654613495,-0.15096041560173035,-0.14913710951805115,-0.14184284210205078,-0.14451417326927185,-0.13944120705127716,-0.13557158410549164,-0.1329902857542038,-0.13258576393127441,-0.1370193064212799,-0.13785842061042786,-0.13595591485500336,-0.13306687772274017,-0.13018615543842316,-0.12513995170593262,-0.11620289087295532,-0.10796855390071869,-0.10686874389648438,-0.10998532921075821,-0.11226755380630493,-0.11899267137050629,-0.12383689731359482,-0.12294618040323257,-0.11867527663707733,-0.11188919097185135,-0.1041518896818161,-0.0970367044210434,-0.09058800339698792,-0.08177890628576279,-0.09959036111831665,-0.11439365148544312,-0.11371774226427078,-0.11667045205831528,-0.11929277330636978,-0.10818610340356827,-0.11600348353385925,-0.11260664463043213,-0.12379949539899826,-0.12315378338098526,-0.1333821415901184,-0.1312248557806015,-0.1386404186487198,-0.13953076303005219,-0.13644905388355255,-0.1386445015668869,-0.14044757187366486,-0.14093706011772156,-0.13842417299747467,-0.14216510951519012,-0.1417250633239746,-0.136968195438385,-0.13618621230125427,-0.1393321007490158,-0.13753189146518707,-0.13744793832302094,-0.14028458297252655,-0.1387145072221756,-0.13575343787670135,-0.13588093221187592,-0.13427311182022095,-0.13346093893051147,-0.13273507356643677,-0.13286857306957245,-0.1357276886701584,-0.13559584319591522,-0.1296273171901703,-0.12483928352594376,-0.12385355681180954,-0.12401749938726425,-0.12183494120836258,-0.11938554793596268,-0.11575586348772049,-0.11869944632053375,-0.118232361972332,-0.11453516036272049,-0.11320365965366364,-0.1150633841753006,-0.11420971155166626,-0.115266814827919,-0.11525954306125641,-0.11139412224292755,-0.11147008836269379,-0.1124635636806488,-0.11217368394136429,-0.10910563915967941,-0.10747676342725754,-0.10841632634401321,-0.10620178282260895,-0.10684233903884888,-0.1040872186422348,-0.10180973261594772,-0.10002370923757553,-0.10473350435495377,-0.10071657598018646,-0.10147950053215027,-0.100871242582798,-0.1035299301147461,-0.10039085149765015,-0.09759659320116043,-0.09737677127122879,-0.1075257882475853,-0.15625035762786865,-0.21097809076309204
validation,ICBHI_199,199_2b1_Ll_mc_LittC2SE,/home/sahith/projects/minor_project_408/data/raw/audio_and_text_files/199_2b1_Ll_mc_LittC2SE.wav,LittC2SE,0.25378718972206116,0.0828840434551239,0.22933192551136017,-0.2110491693019867,0.13438992202281952,0.007980977185070515,0.0959383174777031,-0.019321909174323082,0.039903342723846436,-0.09885953366756439,-0.03515615314245224,-0.09509991109371185,-0.07537377625703812,-0.09266527742147446,-0.11519764363765717,-0.08241631090641022,-0.12482909113168716,-0.10693088173866272,-0.10755433887243271,-0.12666361033916473,-0.1166638657450676,-0.1240946352481842,-0.13766951858997345,-0.13809791207313538,-0.1371276080608368,-0.1518363654613495,-0.15096041560173035,-0.14913710951805115,-0.14184284210205078,-0.14451417326927185,-0.13944120705127716,-0.13557158410549164,-0.1329902857542038,-0.13258576393127441,-0.1370193064212799,-0.13785842061042786,-0.13595591485500336,-0.13306687772274017,-0.13018615543842316,-0.12513995170593262,-0.11620289087295532,-0.10796855390071869,-0.10686874389648438,-0.10998532921075821,-0.11226755380630493,-0.11899267137050629,-0.12383689731359482,-0.12294618040323257,-0.11867527663707733,-0.11188919097185135,-0.1041518896818161,-0.0970367044210434,-0.09058800339698792,-0.08177890628576279,-0.09959036111831665,-0.11439365148544312,-0.11371774226427078,-0.11667045205831528,-0.11929277330636978,-0.10818610340356827,-0.11600348353385925,-0.11260664463043213,-0.12379949539899826,-0.12315378338098526,-0.1333821415901184,-0.1312248557806015,-0.1386404186487198,-0.13953076303005219,-0.13644905388355255,-0.1386445015668869,-0.14044757187366486,-0.14093706011772156,-0.13842417299747467,-0.14216510951519012,-0.1417250633239746,-0.136968195438385,-0.13618621230125427,-0.1393321007490158,-0.13753189146518707,-0.13744793832302094,-0.14028458297252655,-0.1387145072221756,-0.13575343787670135,-0.13588093221187592,-0.13427311182022095,-0.13346093893051147,-0.13273507356643677,-0.13286857306957245,-0.1357276886701584,-0.13559584319591522,-0.1296273171901703,-0.12483928352594376,-0.12385355681180954,-0.12401749938726425,-0.12183494120836258,-0.11938554793596268,-0.11575586348772049,-0.11869944632053375,-0.118232361972332,-0.11453516036272049,-0.11320365965366364,-0.1150633841753006,-0.11420971155166626,-0.115266814827919,-0.11525954306125641,-0.11139412224292755,-0.11147008836269379,-0.1124635636806488,-0.11217368394136429,-0.10910563915967941,-0.10747676342725754,-0.10841632634401321,-0.10620178282260895,-0.10684233903884888,-0.1040872186422348,-0.10180973261594772,-0.10002370923757553,-0.10473350435495377,-0.10071657598018646,-0.10147950053215027,-0.100871242582798,-0.1035299301147461,-0.10039085149765015,-0.09759659320116043,-0.09737677127122879,-0.1075257882475853,-0.15625035762786865,-0.21097809076309204
validation,ICBHI_199,199_2b1_Ll_mc_LittC2SE,/home/sahith/projects/minor_project_408/data/raw/audio_and_text_files/199_2b1_Ll_mc_LittC2SE.wav,LittC2SE,0.25378718972206116,0.0828840434551239,0.22933192551136017,-0.2110491693019867,0.13438992202281952,0.007980977185070515,0.0959383174777031,-0.019321909174323082,0.039903342723846436,-0.09885953366756439,-0.03515615314245224,-0.09509991109371185,-0.07537377625703812,-0.09266527742147446,-0.11519764363765717,-0.08241631090641022,-0.12482909113168716,-0.10693088173866272,-0.10755433887243271,-0.12666361033916473,-0.1166638657450676,-0.1240946352481842,-0.13766951858997345,-0.13809791207313538,-0.1371276080608368,-0.1518363654613495,-0.15096041560173035,-0.14913710951805115,-0.14184284210205078,-0.14451417326927185,-0.13944120705127716,-0.13557158410549164,-0.1329902857542038,-0.13258576393127441,-0.1370193064212799,-0.13785842061042786,-0.13595591485500336,-0.13306687772274017,-0.13018615543842316,-0.12513995170593262,-0.11620289087295532,-0.10796855390071869,-0.10686874389648438,-0.10998532921075821,-0.11226755380630493,-0.11899267137050629,-0.12383689731359482,-0.12294618040323257,-0.11867527663707733,-0.11188919097185135,-0.1041518896818161,-0.0970367044210434,-0.09058800339698792,-0.08177890628576279,-0.09959036111831665,-0.11439365148544312,-0.11371774226427078,-0.11667045205831528,-0.11929277330636978,-0.10818610340356827,-0.11600348353385925,-0.11260664463043213,-0.12379949539899826,-0.12315378338098526,-0.1333821415901184,-0.1312248557806015,-0.1386404186487198,-0.13953076303005219,-0.13644905388355255,-0.1386445015668869,-0.14044757187366486,-0.14093706011772156,-0.13842417299747467,-0.14216510951519012,-0.1417250633239746,-0.136968195438385,-0.13618621230125427,-0.1393321007490158,-0.13753189146518707,-0.13744793832302094,-0.14028458297252655,-0.1387145072221756,-0.13575343787670135,-0.13588093221187592,-0.13427311182022095,-0.13346093893051147,-0.13273507356643677,-0.13286857306957245,-0.1357276886701584,-0.13559584319591522,-0.1296273171901703,-0.12483928352594376,-0.12385355681180954,-0.12401749938726425,-0.12183494120836258,-0.11938554793596268,-0.11575586348772049,-0.11869944632053375,-0.118232361972332,-0.11453516036272049,-0.11320365965366364,-0.1150633841753006,-0.11420971155166626,-0.115266814827919,-0.11525954306125641,-0.11139412224292755,-0.11147008836269379,-0.1124635636806488,-0.11217368394136429,-0.10910563915967941,-0.10747676342725754,-0.10841632634401321,-0.10620178282260895,-0.10684233903884888,-0.1040872186422348,-0.10180973261594772,-0.10002370923757553,-0.10473350435495377,-0.10071657598018646,-0.10147950053215027,-0.100871242582798,-0.1035299301147461,-0.10039085149765015,-0.09759659320116043,-0.09737677127122879,-0.1075257882475853,-0.15625035762786865,-0.21097809076309204
validation,ICBHI_199,199_2b1_Ll_mc_LittC2SE,/home/sahith/projects/minor_project_408/data/raw/audio_and_text_files/199_2b1_Ll_mc_LittC2SE.wav,LittC2SE,0.25378718972206116,0.0828840434551239,0.22933192551136017,-0.2110491693019867,0.13438992202281952,0.007980977185070515,0.0959383174777031,-0.019321909174323082,0.039903342723846436,-0.09885953366756439,-0.03515615314245224,-0.09509991109371185,-0.07537377625703812,-0.09266527742147446,-0.11519764363765717,-0.08241631090641022,-0.12482909113168716,-0.10693088173866272,-0.10755433887243271,-0.12666361033916473,-0.1166638657450676,-0.1240946352481842,-0.13766951858997345,-0.13809791207313538,-0.1371276080608368,-0.1518363654613495,-0.15096041560173035,-0.14913710951805115,-0.14184284210205078,-0.14451417326927185,-0.13944120705127716,-0.13557158410549164,-0.1329902857542038,-0.13258576393127441,-0.1370193064212799,-0.13785842061042786,-0.13595591485500336,-0.13306687772274017,-0.13018615543842316,-0.12513995170593262,-0.11620289087295532,-0.10796855390071869,-0.10686874389648438,-0.10998532921075821,-0.11226755380630493,-0.11899267137050629,-0.12383689731359482,-0.12294618040323257,-0.11867527663707733,-0.11188919097185135,-0.1041518896818161,-0.0970367044210434,-0.09058800339698792,-0.08177890628576279,-0.09959036111831665,-0.11439365148544312,-0.11371774226427078,-0.11667045205831528,-0.11929277330636978,-0.10818610340356827,-0.11600348353385925,-0.11260664463043213,-0.12379949539899826,-0.12315378338098526,-0.1333821415901184,-0.1312248557806015,-0.1386404186487198,-0.13953076303005219,-0.13644905388355255,-0.1386445015668869,-0.14044757187366486,-0.14093706011772156,-0.13842417299747467,-0.14216510951519012,-0.1417250633239746,-0.136968195438385,-0.13618621230125427,-0.1393321007490158,-0.13753189146518707,-0.13744793832302094,-0.14028458297252655,-0.1387145072221756,-0.13575343787670135,-0.13588093221187592,-0.13427311182022095,-0.13346093893051147,-0.13273507356643677,-0.13286857306957245,-0.1357276886701584,-0.13559584319591522,-0.1296273171901703,-0.12483928352594376,-0.12385355681180954,-0.12401749938726425,-0.12183494120836258,-0.11938554793596268,-0.11575586348772049,-0.11869944632053375,-0.118232361972332,-0.11453516036272049,-0.11320365965366364,-0.1150633841753006,-0.11420971155166626,-0.115266814827919,-0.11525954306125641,-0.11139412224292755,-0.11147008836269379,-0.1124635636806488,-0.11217368394136429,-0.10910563915967941,-0.10747676342725754,-0.10841632634401321,-0.10620178282260895,-0.10684233903884888,-0.1040872186422348,-0.10180973261594772,-0.10002370923757553,-0.10473350435495377,-0.10071657598018646,-0.10147950053215027,-0.100871242582798,-0.1035299301147461,-0.10039085149765015,-0.09759659320116043,-0.09737677127122879,-0.1075257882475853,-0.15625035762786865,-0.21097809076309204
validation,ICBHI_199,199_2b3_Ll_mc_LittC2SE,/home/sahith/projects/minor_project_408/data/raw/audio_and_text_files/199_2b3_Ll_mc_LittC2SE.wav,LittC2SE,0.18288542330265045,0.013883309438824654,0.16032962501049042,-0.2110491693019867,0.050590626895427704,-0.07410839200019836,0.017643693834543228,-0.09365309029817581,-0.02675117924809456,-0.14467798173427582,-0.08563508838415146,-0.1376708596944809,-0.11958315968513489,-0.129832923412323,-0.151245579123497,-0.12636497616767883,-0.16584856808185577,-0.15060672163963318,-0.14978951215744019,-0.16832739114761353,-0.15878213942050934,-0.16250094771385193,-0.17338332533836365,-0.17025567591190338,-0.15834857523441315,-0.16469231247901917,-0.15773986279964447,-0.14860035479068756,-0.13177379965782166,-0.13497914373874664,-0.13226018846035004,-0.13335710763931274,-0.13700765371322632,-0.13915494084358215,-0.15250062942504883,-0.15528124570846558,-0.15247821807861328,-0.14708667993545532,-0.13862188160419464,-0.12381722778081894,-0.1053275465965271,-0.09640567749738693,-0.09951382875442505,-0.10544653981924057,-0.11076304316520691,-0.11694033443927765,-0.12696373462677002,-0.12837259471416473,-0.11189690977334976,-0.08519217371940613,-0.06796695291996002,-0.05856101214885712,-0.0501711443066597,-0.034664951264858246,-0.05356914550065994,-0.07423385977745056,-0.074723981320858,-0.0794501006603241,-0.07946351170539856,-0.06976591050624847,-0.08856067061424255,-0.08653337508440018,-0.09641086310148239,-0.09256631135940552,-0.11161644756793976,-0.11216119676828384,-0.12200876325368881,-0.12373410910367966,-0.11935926228761673,-0.12347516417503357,-0.12303096801042557,-0.12107018381357193,-0.12290633469820023,-0.12717241048812866,-0.12143668532371521,-0.12005647271871567,-0.12092196196317673,-0.12404154986143112,-0.1228664293885231,-0.1282247006893158,-0.13525450229644775,-0.13246744871139526,-0.1286908984184265,-0.128721684217453,-0.12958325445652008,-0.12611240148544312,-0.12605589628219604,-0.12166717648506165,-0.12459275871515274,-0.12938301265239716,-0.12645448744297028,-0.12127811461687088,-0.11998134851455688,-0.12077896296977997,-0.12221532315015793,-0.12056152522563934,-0.11575738340616226,-0.11646568030118942,-0.11862879991531372,-0.11765585094690323,-0.11621138453483582,-0.11618354916572571,-0.1155790165066719,-0.11468973010778427,-0.11294888705015182,-0.11176280677318573,-0.11098923534154892,-0.11367384344339371,-0.10926305502653122,-0.1084829643368721,-0.10923542827367783,-0.10999283939599991,-0.10936959832906723,-0.10520687699317932,-0.10588820278644562,-0.10376846045255661,-0.10255514085292816,-0.10226444900035858,-0.10014893859624863,-0.10229481756687164,-0.10168126225471497,-0.10324132442474365,-0.10148265957832336,-0.09837009757757187,-0.0981370136141777,-0.10712316632270813,-0.1590169072151184,-0.2110491693019867
validation,ICBHI_199,199_2b3_Ll_mc_LittC2SE,/home/sahith/projects/minor_project_408/data/raw/audio_and_text_files/199_2b3_Ll_mc_LittC2SE.wav,LittC2SE,0.18288542330265045,0.013883309438824654,0.16032962501049042,-0.2110491693019867,0.050590626895427704,-0.07410839200019836,0.017643693834543228,-0.09365309029817581,-0.02675117924809456,-0.14467798173427582,-0.08563508838415146,-0.1376708596944809,-0.11958315968513489,-0.129832923412323,-0.151245579123497,-0.12636497616767883,-0.16584856808185577,-0.15060672163963318,-0.14978951215744019,-0.16832739114761353,-0.15878213942050934,-0.16250094771385193,-0.17338332533836365,-0.17025567591190338,-0.15834857523441315,-0.16469231247901917,-0.15773986279964447,-0.14860035479068756,-0.13177379965782166,-0.13497914373874664,-0.13226018846035004,-0.13335710763931274,-0.13700765371322632,-0.13915494084358215,-0.15250062942504883,-0.15528124570846558,-0.15247821807861328,-0.14708667993545532,-0.13862188160419464,-0.12381722778081894,-0.1053275465965271,-0.09640567749738693,-0.09951382875442505,-0.10544653981924057,-0.11076304316520691,-0.11694033443927765,-0.12696373462677002,-0.12837259471416473,-0.11189690977334976,-0.08519217371940613,-0.06796695291996002,-0.05856101214885712,-0.0501711443066597,-0.034664951264858246,-0.05356914550065994,-0.07423385977745056,-0.074723981320858,-0.0794501006603241,-0.07946351170539856,-0.06976591050624847,-0.08856067061424255,-0.08653337508440018,-0.09641086310148239,-0.09256631135940552,-0.11161644756793976,-0.11216119676828384,-0.12200876325368881,-0.12373410910367966,-0.11935926228761673,-0.12347516417503357,-0.12303096801042557,-0.12107018381357193,-0.12290633469820023,-0.12717241048812866,-0.12143668532371521,-0.12005647271871567,-0.12092196196317673,-0.12404154986143112,-0.1228664293885231,-0.1282247006893158,-0.13525450229644775,-0.13246744871139526,-0.1286908984184265,-0.128721684217453,-0.12958325445652008,-0.12611240148544312,-0.12605589628219604,-0.12166717648506165,-0.12459275871515274,-0.12938301265239716,-0.12645448744297028,-0.12127811461687088,-0.11998134851455688,-0.12077896296977997,-0.12221532315015793,-0.12056152522563934,-0.11575738340616226,-0.11646568030118942,-0.11862879991531372,-0.11765585094690323,-0.11621138453483582,-0.11618354916572571,-0.1155790165066719,-0.11468973010778427,-0.11294888705015182,-0.11176280677318573,-0.11098923534154892,-0.11367384344339371,-0.10926305502653122,-0.1084829643368721,-0.10923542827367783,-0.10999283939599991,-0.10936959832906723,-0.10520687699317932,-0.10588820278644562,-0.10376846045255661,-0.10255514085292816,-0.10226444900035858,-0.10014893859624863,-0.10229481756687164,-0.10168126225471497,-0.10324132442474365,-0.10148265957832336,-0.09837009757757187,-0.0981370136141777,-0.10712316632270813,-0.1590169072151184,-0.2110491693019867
validation,ICBHI_199,199_2b3_Ll_mc_LittC2SE,/home/sahith/projects/minor_project_408/data/raw/audio_and_text_files/199_2b3_Ll_mc_LittC2SE.wav,LittC2SE,0.18288542330265045,0.013883309438824654,0.16032962501049042,-0.2110491693019867,0.050590626895427704,-0.07410839200019836,0.017643693834543228,-0.09365309029817581,-0.02675117924809456,-0.14467798173427582,-0.08563508838415146,-0.1376708596944809,-0.11958315968513489,-0.129832923412323,-0.151245579123497,-0.12636497616767883,-0.16584856808185577,-0.15060672163963318,-0.14978951215744019,-0.16832739114761353,-0.15878213942050934,-0.16250094771385193,-0.17338332533836365,-0.17025567591190338,-0.15834857523441315,-0.16469231247901917,-0.15773986279964447,-0.14860035479068756,-0.13177379965782166,-0.13497914373874664,-0.13226018846035004,-0.13335710763931274,-0.13700765371322632,-0.13915494084358215,-0.15250062942504883,-0.15528124570846558,-0.15247821807861328,-0.14708667993545532,-0.13862188160419464,-0.12381722778081894,-0.1053275465965271,-0.09640567749738693,-0.09951382875442505,-0.10544653981924057,-0.11076304316520691,-0.11694033443927765,-0.12696373462677002,-0.12837259471416473,-0.11189690977334976,-0.08519217371940613,-0.06796695291996002,-0.05856101214885712,-0.0501711443066597,-0.034664951264858246,-0.05356914550065994,-0.07423385977745056,-0.074723981320858,-0.0794501006603241,-0.07946351170539856,-0.06976591050624847,-0.08856067061424255,-0.08653337508440018,-0.09641086310148239,-0.09256631135940552,-0.11161644756793976,-0.11216119676828384,-0.12200876325368881,-0.12373410910367966,-0.11935926228761673,-0.12347516417503357,-0.12303096801042557,-0.12107018381357193,-0.12290633469820023,-0.12717241048812866,-0.12143668532371521,-0.12005647271871567,-0.12092196196317673,-0.12404154986143112,-0.1228664293885231,-0.1282247006893158,-0.13525450229644775,-0.13246744871139526,-0.1286908984184265,-0.128721684217453,-0.12958325445652008,-0.12611240148544312,-0.12605589628219604,-0.12166717648506165,-0.12459275871515274,-0.12938301265239716,-0.12645448744297028,-0.12127811461687088,-0.11998134851455688,-0.12077896296977997,-0.12221532315015793,-0.12056152522563934,-0.11575738340616226,-0.11646568030118942,-0.11862879991531372,-0.11765585094690323,-0.11621138453483582,-0.11618354916572571,-0.1155790165066719,-0.11468973010778427,-0.11294888705015182,-0.11176280677318573,-0.11098923534154892,-0.11367384344339371,-0.10926305502653122,-0.1084829643368721,-0.10923542827367783,-0.10999283939599991,-0.10936959832906723,-0.10520687699317932,-0.10588820278644562,-0.10376846045255661,-0.10255514085292816,-0.10226444900035858,-0.10014893859624863,-0.10229481756687164,-0.10168126225471497,-0.10324132442474365,-0.10148265957832336,-0.09837009757757187,-0.0981370136141777,-0.10712316632270813,-0.1590169072151184,-0.2110491693019867
validation,ICBHI_199,199_2b3_Ll_mc_LittC2SE,/home/sahith/projects/minor_project_408/data/raw/audio_and_text_files/199_2b3_Ll_mc_LittC2SE.wav,LittC2SE,0.18288542330265045,0.013883309438824654,0.16032962501049042,-0.2110491693019867,0.050590626895427704,-0.07410839200019836,0.017643693834543228,-0.09365309029817581,-0.02675117924809456,-0.14467798173427582,-0.08563508838415146,-0.1376708596944809,-0.11958315968513489,-0.129832923412323,-0.151245579123497,-0.12636497616767883,-0.16584856808185577,-0.15060672163963318,-0.14978951215744019,-0.16832739114761353,-0.15878213942050934,-0.16250094771385193,-0.17338332533836365,-0.17025567591190338,-0.15834857523441315,-0.16469231247901917,-0.15773986279964447,-0.14860035479068756,-0.13177379965782166,-0.13497914373874664,-0.13226018846035004,-0.13335710763931274,-0.13700765371322632,-0.13915494084358215,-0.15250062942504883,-0.15528124570846558,-0.15247821807861328,-0.14708667993545532,-0.13862188160419464,-0.12381722778081894,-0.1053275465965271,-0.09640567749738693,-0.09951382875442505,-0.10544653981924057,-0.11076304316520691,-0.11694033443927765,-0.12696373462677002,-0.12837259471416473,-0.11189690977334976,-0.08519217371940613,-0.06796695291996002,-0.05856101214885712,-0.0501711443066597,-0.034664951264858246,-0.05356914550065994,-0.07423385977745056,-0.074723981320858,-0.0794501006603241,-0.07946351170539856,-0.06976591050624847,-0.08856067061424255,-0.08653337508440018,-0.09641086310148239,-0.09256631135940552,-0.11161644756793976,-0.11216119676828384,-0.12200876325368881,-0.12373410910367966,-0.11935926228761673,-0.12347516417503357,-0.12303096801042557,-0.12107018381357193,-0.12290633469820023,-0.12717241048812866,-0.12143668532371521,-0.12005647271871567,-0.12092196196317673,-0.12404154986143112,-0.1228664293885231,-0.1282247006893158,-0.13525450229644775,-0.13246744871139526,-0.1286908984184265,-0.128721684217453,-0.12958325445652008,-0.12611240148544312,-0.12605589628219604,-0.12166717648506165,-0.12459275871515274,-0.12938301265239716,-0.12645448744297028,-0.12127811461687088,-0.11998134851455688,-0.12077896296977997,-0.12221532315015793,-0.12056152522563934,-0.11575738340616226,-0.11646568030118942,-0.11862879991531372,-0.11765585094690323,-0.11621138453483582,-0.11618354916572571,-0.1155790165066719,-0.11468973010778427,-0.11294888705015182,-0.11176280677318573,-0.11098923534154892,-0.11367384344339371,-0.10926305502653122,-0.1084829643368721,-0.10923542827367783,-0.10999283939599991,-0.10936959832906723,-0.10520687699317932,-0.10588820278644562,-0.10376846045255661,-0.10255514085292816,-0.10226444900035858,-0.10014893859624863,-0.10229481756687164,-0.10168126225471497,-0.10324132442474365,-0.10148265957832336,-0.09837009757757187,-0.0981370136141777,-0.10712316632270813,-0.1590169072151184,-0.2110491693019867
validation,ICBHI_199,199_2b3_Ll_mc_LittC2SE,/home/sahith/projects/minor_project_408/data/raw/audio_and_text_files/199_2b3_Ll_mc_LittC2SE.wav,LittC2SE,0.18288542330265045,0.013883309438824654,0.16032962501049042,-0.2110491693019867,0.050590626895427704,-0.07410839200019836,0.017643693834543228,-0.09365309029817581,-0.02675117924809456,-0.14467798173427582,-0.08563508838415146,-0.1376708596944809,-0.11958315968513489,-0.129832923412323,-0.151245579123497,-0.12636497616767883,-0.16584856808185577,-0.15060672163963318,-0.14978951215744019,-0.16832739114761353,-0.15878213942050934,-0.16250094771385193,-0.17338332533836365,-0.17025567591190338,-0.15834857523441315,-0.16469231247901917,-0.15773986279964447,-0.14860035479068756,-0.13177379965782166,-0.13497914373874664,-0.13226018846035004,-0.13335710763931274,-0.13700765371322632,-0.13915494084358215,-0.15250062942504883,-0.15528124570846558,-0.15247821807861328,-0.14708667993545532,-0.13862188160419464,-0.12381722778081894,-0.1053275465965271,-0.09640567749738693,-0.09951382875442505,-0.10544653981924057,-0.11076304316520691,-0.11694033443927765,-0.12696373462677002,-0.12837259471416473,-0.11189690977334976,-0.08519217371940613,-0.06796695291996002,-0.05856101214885712,-0.0501711443066597,-0.034664951264858246,-0.05356914550065994,-0.07423385977745056,-0.074723981320858,-0.0794501006603241,-0.07946351170539856,-0.06976591050624847,-0.08856067061424255,-0.08653337508440018,-0.09641086310148239,-0.09256631135940552,-0.11161644756793976,-0.11216119676828384,-0.12200876325368881,-0.12373410910367966,-0.11935926228761673,-0.12347516417503357,-0.12303096801042557,-0.12107018381357193,-0.12290633469820023,-0.12717241048812866,-0.12143668532371521,-0.12005647271871567,-0.12092196196317673,-0.12404154986143112,-0.1228664293885231,-0.1282247006893158,-0.13525450229644775,-0.13246744871139526,-0.1286908984184265,-0.128721684217453,-0.12958325445652008,-0.12611240148544312,-0.12605589628219604,-0.12166717648506165,-0.12459275871515274,-0.12938301265239716,-0.12645448744297028,-0.12127811461687088,-0.11998134851455688,-0.12077896296977997,-0.12221532315015793,-0.12056152522563934,-0.11575738340616226,-0.11646568030118942,-0.11862879991531372,-0.11765585094690323,-0.11621138453483582,-0.11618354916572571,-0.1155790165066719,-0.11468973010778427,-0.11294888705015182,-0.11176280677318573,-0.11098923534154892,-0.11367384344339371,-0.10926305502653122,-0.1084829643368721,-0.10923542827367783,-0.10999283939599991,-0.10936959832906723,-0.10520687699317932,-0.10588820278644562,-0.10376846045255661,-0.10255514085292816,-0.10226444900035858,-0.10014893859624863,-0.10229481756687164,-0.10168126225471497,-0.10324132442474365,-0.10148265957832336,-0.09837009757757187,-0.0981370136141777,-0.10712316632270813,-0.1590169072151184,-0.2110491693019867
validation,ICBHI_199,199_2b3_Ll_mc_LittC2SE,/home/sahith/projects/minor_project_408/data/raw/audio_and_text_files/199_2b3_Ll_mc_LittC2SE.wav,LittC2SE,0.18288542330265045,0.013883309438824654,0.16032962501049042,-0.2110491693019867,0.050590626895427704,-0.07410839200019836,0.017643693834543228,-0.09365309029817581,-0.02675117924809456,-0.14467798173427582,-0.08563508838415146,-0.1376708596944809,-0.11958315968513489,-0.129832923412323,-0.151245579123497,-0.12636497616767883,-0.16584856808185577,-0.15060672163963318,-0.14978951215744019,-0.16832739114761353,-0.15878213942050934,-0.16250094771385193,-0.17338332533836365,-0.17025567591190338,-0.15834857523441315,-0.16469231247901917,-0.15773986279964447,-0.14860035479068756,-0.13177379965782166,-0.13497914373874664,-0.13226018846035004,-0.13335710763931274,-0.13700765371322632,-0.13915494084358215,-0.15250062942504883,-0.15528124570846558,-0.15247821807861328,-0.14708667993545532,-0.13862188160419464,-0.12381722778081894,-0.1053275465965271,-0.09640567749738693,-0.09951382875442505,-0.10544653981924057,-0.11076304316520691,-0.11694033443927765,-0.12696373462677002,-0.12837259471416473,-0.11189690977334976,-0.08519217371940613,-0.06796695291996002,-0.05856101214885712,-0.0501711443066597,-0.034664951264858246,-0.05356914550065994,-0.07423385977745056,-0.074723981320858,-0.0794501006603241,-0.07946351170539856,-0.06976591050624847,-0.08856067061424255,-0.08653337508440018,-0.09641086310148239,-0.09256631135940552,-0.11161644756793976,-0.11216119676828384,-0.12200876325368881,-0.12373410910367966,-0.11935926228761673,-0.12347516417503357,-0.12303096801042557,-0.12107018381357193,-0.12290633469820023,-0.12717241048812866,-0.12143668532371521,-0.12005647271871567,-0.12092196196317673,-0.12404154986143112,-0.1228664293885231,-0.1282247006893158,-0.13525450229644775,-0.13246744871139526,-0.1286908984184265,-0.128721684217453,-0.12958325445652008,-0.12611240148544312,-0.12605589628219604,-0.12166717648506165,-0.12459275871515274,-0.12938301265239716,-0.12645448744297028,-0.12127811461687088,-0.11998134851455688,-0.12077896296977997,-0.12221532315015793,-0.12056152522563934,-0.11575738340616226,-0.11646568030118942,-0.11862879991531372,-0.11765585094690323,-0.11621138453483582,-0.11618354916572571,-0.1155790165066719,-0.11468973010778427,-0.11294888705015182,-0.11176280677318573,-0.11098923534154892,-0.11367384344339371,-0.10926305502653122,-0.1084829643368721,-0.10923542827367783,-0.10999283939599991,-0.10936959832906723,-0.10520687699317932,-0.10588820278644562,-0.10376846045255661,-0.10255514085292816,-0.10226444900035858,-0.10014893859624863,-0.10229481756687164,-0.10168126225471497,-0.10324132442474365,-0.10148265957832336,-0.09837009757757187,-0.0981370136141777,-0.10712316632270813,-0.1590169072151184,-0.2110491693019867
validation,ICBHI_199,199_2b3_Ll_mc_LittC2SE,/home/sahith/projects/minor_project_408/data/raw/audio_and_text_files/199_2b3_Ll_mc_LittC2SE.wav,LittC2SE,0.18288542330265045,0.013883309438824654,0.16032962501049042,-0.2110491693019867,0.050590626895427704,-0.07410839200019836,0.017643693834543228,-0.09365309029817581,-0.02675117924809456,-0.14467798173427582,-0.08563508838415146,-0.1376708596944809,-0.11958315968513489,-0.129832923412323,-0.151245579123497,-0.12636497616767883,-0.16584856808185577,-0.15060672163963318,-0.14978951215744019,-0.16832739114761353,-0.15878213942050934,-0.16250094771385193,-0.17338332533836365,-0.17025567591190338,-0.15834857523441315,-0.16469231247901917,-0.15773986279964447,-0.14860035479068756,-0.13177379965782166,-0.13497914373874664,-0.13226018846035004,-0.13335710763931274,-0.13700765371322632,-0.13915494084358215,-0.15250062942504883,-0.15528124570846558,-0.15247821807861328,-0.14708667993545532,-0.13862188160419464,-0.12381722778081894,-0.1053275465965271,-0.09640567749738693,-0.09951382875442505,-0.10544653981924057,-0.11076304316520691,-0.11694033443927765,-0.12696373462677002,-0.12837259471416473,-0.11189690977334976,-0.08519217371940613,-0.06796695291996002,-0.05856101214885712,-0.0501711443066597,-0.034664951264858246,-0.05356914550065994,-0.07423385977745056,-0.074723981320858,-0.0794501006603241,-0.07946351170539856,-0.06976591050624847,-0.08856067061424255,-0.08653337508440018,-0.09641086310148239,-0.09256631135940552,-0.11161644756793976,-0.11216119676828384,-0.12200876325368881,-0.12373410910367966,-0.11935926228761673,-0.12347516417503357,-0.12303096801042557,-0.12107018381357193,-0.12290633469820023,-0.12717241048812866,-0.12143668532371521,-0.12005647271871567,-0.12092196196317673,-0.12404154986143112,-0.1228664293885231,-0.1282247006893158,-0.13525450229644775,-0.13246744871139526,-0.1286908984184265,-0.128721684217453,-0.12958325445652008,-0.12611240148544312,-0.12605589628219604,-0.12166717648506165,-0.12459275871515274,-0.12938301265239716,-0.12645448744297028,-0.12127811461687088,-0.11998134851455688,-0.12077896296977997,-0.12221532315015793,-0.12056152522563934,-0.11575738340616226,-0.11646568030118942,-0.11862879991531372,-0.11765585094690323,-0.11621138453483582,-0.11618354916572571,-0.1155790165066719,-0.11468973010778427,-0.11294888705015182,-0.11176280677318573,-0.11098923534154892,-0.11367384344339371,-0.10926305502653122,-0.1084829643368721,-0.10923542827367783,-0.10999283939599991,-0.10936959832906723,-0.10520687699317932,-0.10588820278644562,-0.10376846045255661,-0.10255514085292816,-0.10226444900035858,-0.10014893859624863,-0.10229481756687164,-0.10168126225471497,-0.10324132442474365,-0.10148265957832336,-0.09837009757757187,-0.0981370136141777,-0.10712316632270813,-0.1590169072151184,-0.2110491693019867
validation,ICBHI_199,199_2b3_Ll_mc_LittC2SE,/home/sahith/projects/minor_project_408/data/raw/audio_and_text_files/199_2b3_Ll_mc_LittC2SE.wav,LittC2SE,0.18288542330265045,0.013883309438824654,0.16032962501049042,-0.2110491693019867,0.050590626895427704,-0.07410839200019836,0.017643693834543228,-0.09365309029817581,-0.02675117924809456,-0.14467798173427582,-0.08563508838415146,-0.1376708596944809,-0.11958315968513489,-0.129832923412323,-0.151245579123497,-0.12636497616767883,-0.16584856808185577,-0.15060672163963318,-0.14978951215744019,-0.16832739114761353,-0.15878213942050934,-0.16250094771385193,-0.17338332533836365,-0.17025567591190338,-0.15834857523441315,-0.16469231247901917,-0.15773986279964447,-0.14860035479068756,-0.13177379965782166,-0.13497914373874664,-0.13226018846035004,-0.13335710763931274,-0.13700765371322632,-0.13915494084358215,-0.15250062942504883,-0.15528124570846558,-0.15247821807861328,-0.14708667993545532,-0.13862188160419464,-0.12381722778081894,-0.1053275465965271,-0.09640567749738693,-0.09951382875442505,-0.10544653981924057,-0.11076304316520691,-0.11694033443927765,-0.12696373462677002,-0.12837259471416473,-0.11189690977334976,-0.08519217371940613,-0.06796695291996002,-0.05856101214885712,-0.0501711443066597,-0.034664951264858246,-0.05356914550065994,-0.07423385977745056,-0.074723981320858,-0.0794501006603241,-0.07946351170539856,-0.06976591050624847,-0.08856067061424255,-0.08653337508440018,-0.09641086310148239,-0.09256631135940552,-0.11161644756793976,-0.11216119676828384,-0.12200876325368881,-0.12373410910367966,-0.11935926228761673,-0.12347516417503357,-0.12303096801042557,-0.12107018381357193,-0.12290633469820023,-0.12717241048812866,-0.12143668532371521,-0.12005647271871567,-0.12092196196317673,-0.12404154986143112,-0.1228664293885231,-0.1282247006893158,-0.13525450229644775,-0.13246744871139526,-0.1286908984184265,-0.128721684217453,-0.12958325445652008,-0.12611240148544312,-0.12605589628219604,-0.12166717648506165,-0.12459275871515274,-0.12938301265239716,-0.12645448744297028,-0.12127811461687088,-0.11998134851455688,-0.12077896296977997,-0.12221532315015793,-0.12056152522563934,-0.11575738340616226,-0.11646568030118942,-0.11862879991531372,-0.11765585094690323,-0.11621138453483582,-0.11618354916572571,-0.1155790165066719,-0.11468973010778427,-0.11294888705015182,-0.11176280677318573,-0.11098923534154892,-0.11367384344339371,-0.10926305502653122,-0.1084829643368721,-0.10923542827367783,-0.10999283939599991,-0.10936959832906723,-0.10520687699317932,-0.10588820278644562,-0.10376846045255661,-0.10255514085292816,-0.10226444900035858,-0.10014893859624863,-0.10229481756687164,-0.10168126225471497,-0.10324132442474365,-0.10148265957832336,-0.09837009757757187,-0.0981370136141777,-0.10712316632270813,-0.1590169072151184,-0.2110491693019867
validation,ICBHI_199,199_2b3_Ll_mc_LittC2SE,/home/sahith/projects/minor_project_408/data/raw/audio_and_text_files/199_2b3_Ll_mc_LittC2SE.wav,LittC2SE,0.18288542330265045,0.013883309438824654,0.16032962501049042,-0.2110491693019867,0.050590626895427704,-0.07410839200019836,0.017643693834543228,-0.09365309029817581,-0.02675117924809456,-0.14467798173427582,-0.08563508838415146,-0.1376708596944809,-0.11958315968513489,-0.129832923412323,-0.151245579123497,-0.12636497616767883,-0.16584856808185577,-0.15060672163963318,-0.14978951215744019,-0.16832739114761353,-0.15878213942050934,-0.16250094771385193,-0.17338332533836365,-0.17025567591190338,-0.15834857523441315,-0.16469231247901917,-0.15773986279964447,-0.14860035479068756,-0.13177379965782166,-0.13497914373874664,-0.13226018846035004,-0.13335710763931274,-0.13700765371322632,-0.13915494084358215,-0.15250062942504883,-0.15528124570846558,-0.15247821807861328,-0.14708667993545532,-0.13862188160419464,-0.12381722778081894,-0.1053275465965271,-0.09640567749738693,-0.09951382875442505,-0.10544653981924057,-0.11076304316520691,-0.11694033443927765,-0.12696373462677002,-0.12837259471416473,-0.11189690977334976,-0.08519217371940613,-0.06796695291996002,-0.05856101214885712,-0.0501711443066597,-0.034664951264858246,-0.05356914550065994,-0.07423385977745056,-0.074723981320858,-0.0794501006603241,-0.07946351170539856,-0.06976591050624847,-0.08856067061424255,-0.08653337508440018,-0.09641086310148239,-0.09256631135940552,-0.11161644756793976,-0.11216119676828384,-0.12200876325368881,-0.12373410910367966,-0.11935926228761673,-0.12347516417503357,-0.12303096801042557,-0.12107018381357193,-0.12290633469820023,-0.12717241048812866,-0.12143668532371521,-0.12005647271871567,-0.12092196196317673,-0.12404154986143112,-0.1228664293885231,-0.1282247006893158,-0.13525450229644775,-0.13246744871139526,-0.1286908984184265,-0.128721684217453,-0.12958325445652008,-0.12611240148544312,-0.12605589628219604,-0.12166717648506165,-0.12459275871515274,-0.12938301265239716,-0.12645448744297028,-0.12127811461687088,-0.11998134851455688,-0.12077896296977997,-0.12221532315015793,-0.12056152522563934,-0.11575738340616226,-0.11646568030118942,-0.11862879991531372,-0.11765585094690323,-0.11621138453483582,-0.11618354916572571,-0.1155790165066719,-0.11468973010778427,-0.11294888705015182,-0.11176280677318573,-0.11098923534154892,-0.11367384344339371,-0.10926305502653122,-0.1084829643368721,-0.10923542827367783,-0.10999283939599991,-0.10936959832906723,-0.10520687699317932,-0.10588820278644562,-0.10376846045255661,-0.10255514085292816,-0.10226444900035858,-0.10014893859624863,-0.10229481756687164,-0.10168126225471497,-0.10324132442474365,-0.10148265957832336,-0.09837009757757187,-0.0981370136141777,-0.10712316632270813,-0.1590169072151184,-0.2110491693019867
test,ICBHI_134,134_2b1_Al_mc_LittC2SE,/home/sahith/projects/minor_project_408/data/raw/audio_and_text_files/134_2b1_Al_mc_LittC2SE.wav,LittC2SE,0.26168203353881836,0.09693165868520737,0.24339021742343903,-0.2110491693019867,0.14797049760818481,0.021483343094587326,0.10932676494121552,0.00010138825746253133,0.07950945943593979,-0.03245609253644943,0.03398377448320389,-0.03677399456501007,-0.016337985172867775,-0.03263600915670395,-0.05858670175075531,-0.02345239743590355,-0.06929632276296616,-0.050138331949710846,-0.053274109959602356,-0.07480060309171677,-0.06882968544960022,-0.08783845603466034,-0.10125697404146194,-0.10733004659414291,-0.09908080846071243,-0.11430150270462036,-0.11200214177370071,-0.11276643723249435,-0.11271900683641434,-0.11937902122735977,-0.11440062522888184,-0.11439573764801025,-0.11577991396188736,-0.11251050233840942,-0.11958348751068115,-0.1198868453502655,-0.11555669456720352,-0.10847941786050797,-0.10505637526512146,-0.10363390296697617,-0.10565411299467087,-0.10675350576639175,-0.10743489116430283,-0.10813044756650925,-0.10646078735589981,-0.10239075124263763,-0.09905195981264114,-0.10025396198034286,-0.09638800472021103,-0.09594276547431946,-0.09357563406229019,-0.09214610606431961,-0.08945533633232117,-0.08509466052055359,-0.09479295462369919,-0.09374073892831802,-0.08419819176197052,-0.0808543935418129,-0.08264420181512833,-0.07563663274049759,-0.08511948585510254,-0.07526592910289764,-0.08040346205234528,-0.07359389215707779,-0.0777023434638977,-0.06340736150741577,-0.06325474381446838,-0.06026390194892883,-0.058909811079502106,-0.06312981247901917,-0.06626898795366287,-0.06471604853868484,-0.05745024234056473,-0.057399310171604156,-0.05674879252910614,-0.0558512806892395,-0.05431545525789261,-0.05343274027109146,-0.05575069785118103,-0.05524831265211105,-0.0539419949054718,-0.052326500415802,-0.04994861036539078,-0.04671725630760193,-0.04948069155216217,-0.04452864080667496,-0.046306051313877106,-0.04786844551563263,-0.04039813578128815,-0.03749772906303406,-0.037840306758880615,-0.03571334481239319,-0.03587746620178223,-0.034993723034858704,-0.034682802855968475,-0.03318898379802704,-0.032453857362270355,-0.03151070326566696,-0.02903899736702442,-0.030011190101504326,-0.0290068406611681,-0.023641908541321754,-0.022209100425243378,-0.021780850365757942,-0.02000669576227665,-0.022070372477173805,-0.022996162995696068,-0.01961042359471321,-0.017440972849726677,-0.01728547178208828,-0.016871705651283264,-0.015480262227356434,-0.01401788741350174,-0.013165557757019997,-0.015265031717717648,-0.013060802593827248,-0.011106789112091064,-0.008986721746623516,-0.010603286325931549,-0.011999083682894707,-0.00942436046898365,-0.007699048146605492,-0.00844668224453926,-0.008101400919258595,-0.009035269729793072,-0.018375257030129433,-0.0670788362622261,-0.1929018199443817
test,ICBHI_134,134_2b1_Al_mc_LittC2SE,/home/sahith/projects/minor_project_408/data/raw/audio_and_text_files/134_2b1_Al_mc_LittC2SE.wav,LittC2SE,0.26168203353881836,0.09693165868520737,0.24339021742343903,-0.2110491693019867,0.14797049760818481,0.021483343094587326,0.10932676494121552,0.00010138825746253133,0.07950945943593979,-0.03245609253644943,0.03398377448320389,-0.03677399456501007,-0.016337985172867775,-0.03263600915670395,-0.05858670175075531,-0.02345239743590355,-0.06929632276296616,-0.050138331949710846,-0.053274109959602356,-0.07480060309171677,-0.06882968544960022,-0.08783845603466034,-0.10125697404146194,-0.10733004659414291,-0.09908080846071243,-0.11430150270462036,-0.11200214177370071,-0.11276643723249435,-0.11271900683641434,-0.11937902122735977,-0.11440062522888184,-0.11439573764801025,-0.11577991396188736,-0.11251050233840942,-0.11958348751068115,-0.1198868453502655,-0.11555669456720352,-0.10847941786050797,-0.10505637526512146,-0.10363390296697617,-0.10565411299467087,-0.10675350576639175,-0.10743489116430283,-0.10813044756650925,-0.10646078735589981,-0.10239075124263763,-0.09905195981264114,-0.10025396198034286,-0.09638800472021103,-0.09594276547431946,-0.09357563406229019,-0.09214610606431961,-0.08945533633232117,-0.08509466052055359,-0.09479295462369919,-0.09374073892831802,-0.08419819176197052,-0.0808543935418129,-0.08264420181512833,-0.07563663274049759,-0.08511948585510254,-0.07526592910289764,-0.08040346205234528,-0.07359389215707779,-0.0777023434638977,-0.06340736150741577,-0.06325474381446838,-0.06026390194892883,-0.058909811079502106,-0.06312981247901917,-0.06626898795366287,-0.06471604853868484,-0.05745024234056473,-0.057399310171604156,-0.05674879252910614,-0.0558512806892395,-0.05431545525789261,-0.05343274027109146,-0.05575069785118103,-0.05524831265211105,-0.0539419949054718,-0.052326500415802,-0.04994861036539078,-0.04671725630760193,-0.04948069155216217,-0.04452864080667496,-0.046306051313877106,-0.04786844551563263,-0.04039813578128815,-0.03749772906303406,-0.037840306758880615,-0.03571334481239319,-0.03587746620178223,-0.034993723034858704,-0.034682802855968475,-0.03318898379802704,-0.032453857362270355,-0.03151070326566696,-0.02903899736702442,-0.030011190101504326,-0.0290068406611681,-0.023641908541321754,-0.022209100425243378,-0.021780850365757942,-0.02000669576227665,-0.022070372477173805,-0.022996162995696068,-0.01961042359471321,-0.017440972849726677,-0.01728547178208828,-0.016871705651283264,-0.015480262227356434,-0.01401788741350174,-0.013165557757019997,-0.015265031717717648,-0.013060802593827248,-0.011106789112091064,-0.008986721746623516,-0.010603286325931549,-0.011999083682894707,-0.00942436046898365,-0.007699048146605492,-0.00844668224453926,-0.008101400919258595,-0.009035269729793072,-0.018375257030129433,-0.0670788362622261,-0.1929018199443817
test,ICBHI_134,134_2b1_Al_mc_LittC2SE,/home/sahith/projects/minor_project_408/data/raw/audio_and_text_files/134_2b1_Al_mc_LittC2SE.wav,LittC2SE,0.26168203353881836,0.09693165868520737,0.24339021742343903,-0.2110491693019867,0.14797049760818481,0.021483343094587326,0.10932676494121552,0.00010138825746253133,0.07950945943593979,-0.03245609253644943,0.03398377448320389,-0.03677399456501007,-0.016337985172867775,-0.03263600915670395,-0.05858670175075531,-0.02345239743590355,-0.06929632276296616,-0.050138331949710846,-0.053274109959602356,-0.07480060309171677,-0.06882968544960022,-0.08783845603466034,-0.10125697404146194,-0.10733004659414291,-0.09908080846071243,-0.11430150270462036,-0.11200214177370071,-0.11276643723249435,-0.11271900683641434,-0.11937902122735977,-0.11440062522888184,-0.11439573764801025,-0.11577991396188736,-0.11251050233840942,-0.11958348751068115,-0.1198868453502655,-0.11555669456720352,-0.10847941786050797,-0.10505637526512146,-0.10363390296697617,-0.10565411299467087,-0.10675350576639175,-0.10743489116430283,-0.10813044756650925,-0.10646078735589981,-0.10239075124263763,-0.09905195981264114,-0.10025396198034286,-0.09638800472021103,-0.09594276547431946,-0.09357563406229019,-0.09214610606431961,-0.08945533633232117,-0.08509466052055359,-0.09479295462369919,-0.09374073892831802,-0.08419819176197052,-0.0808543935418129,-0.08264420181512833,-0.07563663274049759,-0.08511948585510254,-0.07526592910289764,-0.08040346205234528,-0.07359389215707779,-0.0777023434638977,-0.06340736150741577,-0.06325474381446838,-0.06026390194892883,-0.058909811079502106,-0.06312981247901917,-0.06626898795366287,-0.06471604853868484,-0.05745024234056473,-0.057399310171604156,-0.05674879252910614,-0.0558512806892395,-0.05431545525789261,-0.05343274027109146,-0.05575069785118103,-0.05524831265211105,-0.0539419949054718,-0.052326500415802,-0.04994861036539078,-0.04671725630760193,-0.04948069155216217,-0.04452864080667496,-0.046306051313877106,-0.04786844551563263,-0.04039813578128815,-0.03749772906303406,-0.037840306758880615,-0.03571334481239319,-0.03587746620178223,-0.034993723034858704,-0.034682802855968475,-0.03318898379802704,-0.032453857362270355,-0.03151070326566696,-0.02903899736702442,-0.030011190101504326,-0.0290068406611681,-0.023641908541321754,-0.022209100425243378,-0.021780850365757942,-0.02000669576227665,-0.022070372477173805,-0.022996162995696068,-0.01961042359471321,-0.017440972849726677,-0.01728547178208828,-0.016871705651283264,-0.015480262227356434,-0.01401788741350174,-0.013165557757019997,-0.015265031717717648,-0.013060802593827248,-0.011106789112091064,-0.008986721746623516,-0.010603286325931549,-0.011999083682894707,-0.00942436046898365,-0.007699048146605492,-0.00844668224453926,-0.008101400919258595,-0.009035269729793072,-0.018375257030129433,-0.0670788362622261,-0.1929018199443817
test,ICBHI_134,134_2b1_Al_mc_LittC2SE,/home/sahith/projects/minor_project_408/data/raw/audio_and_text_files/134_2b1_Al_mc_LittC2SE.wav,LittC2SE,0.26168203353881836,0.09693165868520737,0.24339021742343903,-0.2110491693019867,0.14797049760818481,0.021483343094587326,0.10932676494121552,0.00010138825746253133,0.07950945943593979,-0.03245609253644943,0.03398377448320389,-0.03677399456501007,-0.016337985172867775,-0.03263600915670395,-0.05858670175075531,-0.02345239743590355,-0.06929632276296616,-0.050138331949710846,-0.053274109959602356,-0.07480060309171677,-0.06882968544960022,-0.08783845603466034,-0.10125697404146194,-0.10733004659414291,-0.09908080846071243,-0.11430150270462036,-0.11200214177370071,-0.11276643723249435,-0.11271900683641434,-0.11937902122735977,-0.11440062522888184,-0.11439573764801025,-0.11577991396188736,-0.11251050233840942,-0.11958348751068115,-0.1198868453502655,-0.11555669456720352,-0.10847941786050797,-0.10505637526512146,-0.10363390296697617,-0.10565411299467087,-0.10675350576639175,-0.10743489116430283,-0.10813044756650925,-0.10646078735589981,-0.10239075124263763,-0.09905195981264114,-0.10025396198034286,-0.09638800472021103,-0.09594276547431946,-0.09357563406229019,-0.09214610606431961,-0.08945533633232117,-0.08509466052055359,-0.09479295462369919,-0.09374073892831802,-0.08419819176197052,-0.0808543935418129,-0.08264420181512833,-0.07563663274049759,-0.08511948585510254,-0.07526592910289764,-0.08040346205234528,-0.07359389215707779,-0.0777023434638977,-0.06340736150741577,-0.06325474381446838,-0.06026390194892883,-0.058909811079502106,-0.06312981247901917,-0.06626898795366287,-0.06471604853868484,-0.05745024234056473,-0.057399310171604156,-0.05674879252910614,-0.0558512806892395,-0.05431545525789261,-0.05343274027109146,-0.05575069785118103,-0.05524831265211105,-0.0539419949054718,-0.052326500415802,-0.04994861036539078,-0.04671725630760193,-0.04948069155216217,-0.04452864080667496,-0.046306051313877106,-0.04786844551563263,-0.04039813578128815,-0.03749772906303406,-0.037840306758880615,-0.03571334481239319,-0.03587746620178223,-0.034993723034858704,-0.034682802855968475,-0.03318898379802704,-0.032453857362270355,-0.03151070326566696,-0.02903899736702442,-0.030011190101504326,-0.0290068406611681,-0.023641908541321754,-0.022209100425243378,-0.021780850365757942,-0.02000669576227665,-0.022070372477173805,-0.022996162995696068,-0.01961042359471321,-0.017440972849726677,-0.01728547178208828,-0.016871705651283264,-0.015480262227356434,-0.01401788741350174,-0.013165557757019997,-0.015265031717717648,-0.013060802593827248,-0.011106789112091064,-0.008986721746623516,-0.010603286325931549,-0.011999083682894707,-0.00942436046898365,-0.007699048146605492,-0.00844668224453926,-0.008101400919258595,-0.009035269729793072,-0.018375257030129433,-0.0670788362622261,-0.1929018199443817
test,ICBHI_134,134_2b1_Al_mc_LittC2SE,/home/sahith/projects/minor_project_408/data/raw/audio_and_text_files/134_2b1_Al_mc_LittC2SE.wav,LittC2SE,0.26168203353881836,0.09693165868520737,0.24339021742343903,-0.2110491693019867,0.14797049760818481,0.021483343094587326,0.10932676494121552,0.00010138825746253133,0.07950945943593979,-0.03245609253644943,0.03398377448320389,-0.03677399456501007,-0.016337985172867775,-0.03263600915670395,-0.05858670175075531,-0.02345239743590355,-0.06929632276296616,-0.050138331949710846,-0.053274109959602356,-0.07480060309171677,-0.06882968544960022,-0.08783845603466034,-0.10125697404146194,-0.10733004659414291,-0.09908080846071243,-0.11430150270462036,-0.11200214177370071,-0.11276643723249435,-0.11271900683641434,-0.11937902122735977,-0.11440062522888184,-0.11439573764801025,-0.11577991396188736,-0.11251050233840942,-0.11958348751068115,-0.1198868453502655,-0.11555669456720352,-0.10847941786050797,-0.10505637526512146,-0.10363390296697617,-0.10565411299467087,-0.10675350576639175,-0.10743489116430283,-0.10813044756650925,-0.10646078735589981,-0.10239075124263763,-0.09905195981264114,-0.10025396198034286,-0.09638800472021103,-0.09594276547431946,-0.09357563406229019,-0.09214610606431961,-0.08945533633232117,-0.08509466052055359,-0.09479295462369919,-0.09374073892831802,-0.08419819176197052,-0.0808543935418129,-0.08264420181512833,-0.07563663274049759,-0.08511948585510254,-0.07526592910289764,-0.08040346205234528,-0.07359389215707779,-0.0777023434638977,-0.06340736150741577,-0.06325474381446838,-0.06026390194892883,-0.058909811079502106,-0.06312981247901917,-0.06626898795366287,-0.06471604853868484,-0.05745024234056473,-0.057399310171604156,-0.05674879252910614,-0.0558512806892395,-0.05431545525789261,-0.05343274027109146,-0.05575069785118103,-0.05524831265211105,-0.0539419949054718,-0.052326500415802,-0.04994861036539078,-0.04671725630760193,-0.04948069155216217,-0.04452864080667496,-0.046306051313877106,-0.04786844551563263,-0.04039813578128815,-0.03749772906303406,-0.037840306758880615,-0.03571334481239319,-0.03587746620178223,-0.034993723034858704,-0.034682802855968475,-0.03318898379802704,-0.032453857362270355,-0.03151070326566696,-0.02903899736702442,-0.030011190101504326,-0.0290068406611681,-0.023641908541321754,-0.022209100425243378,-0.021780850365757942,-0.02000669576227665,-0.022070372477173805,-0.022996162995696068,-0.01961042359471321,-0.017440972849726677,-0.01728547178208828,-0.016871705651283264,-0.015480262227356434,-0.01401788741350174,-0.013165557757019997,-0.015265031717717648,-0.013060802593827248,-0.011106789112091064,-0.008986721746623516,-0.010603286325931549,-0.011999083682894707,-0.00942436046898365,-0.007699048146605492,-0.00844668224453926,-0.008101400919258595,-0.009035269729793072,-0.018375257030129433,-0.0670788362622261,-0.1929018199443817
test,ICBHI_134,134_2b1_Ar_mc_LittC2SE,/home/sahith/projects/minor_project_408/data/raw/audio_and_text_files/134_2b1_Ar_mc_LittC2SE.wav,LittC2SE,0.2955337166786194,0.1280970424413681,0.2745554447174072,-0.2110491693019867,0.16849398612976074,0.04179905354976654,0.14311935007572174,0.04104612022638321,0.1436651051044464,0.04161709547042847,0.10835908353328705,0.02972542494535446,0.05024319142103195,0.01261825393885374,-0.013390141539275646,0.006139557342976332,-0.034828945994377136,-0.014830967411398888,-0.02199568785727024,-0.04605962336063385,-0.0438077375292778,-0.054880961775779724,-0.060276880860328674,-0.0578310489654541,-0.04241423308849335,-0.05252452939748764,-0.05013621598482132,-0.054202258586883545,-0.061701975762844086,-0.07699654996395111,-0.07749886065721512,-0.08074729144573212,-0.08422304689884186,-0.0800262913107872,-0.08424316346645355,-0.08395573496818542,-0.07998933643102646,-0.0783739909529686,-0.08038409054279327,-0.08251284062862396,-0.08408387005329132,-0.0850558876991272,-0.08379384130239487,-0.0825287252664566,-0.08207880705595016,-0.08435265719890594,-0.08745702356100082,-0.08768369257450104,-0.07925272732973099,-0.07951408624649048,-0.08031263947486877,-0.07960709929466248,-0.07826127856969833,-0.06953386962413788,-0.0767023116350174,-0.07836376875638962,-0.0723014771938324,-0.0738023892045021,-0.07491494715213776,-0.06347554177045822,-0.07370955497026443,-0.06534793227910995,-0.07085537165403366,-0.061088331043720245,-0.06381406635046005,-0.052682630717754364,-0.060656651854515076,-0.05987226217985153,-0.052670471370220184,-0.054748497903347015,-0.050885312259197235,-0.05004686862230301,-0.04940493404865265,-0.04608015716075897,-0.042610444128513336,-0.04420517385005951,-0.04187878221273422,-0.0412483811378479,-0.042833395302295685,-0.04354878515005112,-0.04053206741809845,-0.040335312485694885,-0.03804235905408859,-0.03760731220245361,-0.03685338795185089,-0.02984975278377533,-0.030712779611349106,-0.027707278728485107,-0.02884075418114662,-0.028765391558408737,-0.026650598272681236,-0.022245638072490692,-0.022776706144213676,-0.0231018103659153,-0.018690235912799835,-0.019636888056993484,-0.017358189448714256,-0.01552892941981554,-0.015824709087610245,-0.014650947414338589,-0.014987578615546227,-0.010772264562547207,-0.010144189931452274,-0.014008857309818268,-0.010922498069703579,-0.007068590261042118,-0.005234767682850361,-0.0027557099238038063,-0.00417894683778286,-0.0023149196058511734,-0.0017988933250308037,0.002024856163188815,0.0018765595741569996,0.0012256025802344084,0.00336826010607183,0.0008145484607666731,0.0010614830534905195,0.0003935543354600668,0.004454030189663172,0.004187806975096464,0.004370493348687887,0.006138752680271864,0.006746144499629736,0.00476119527593255,0.0045024738647043705,-0.0064385319128632545,-0.050974272191524506,-0.18085670471191406
test,ICBHI_134,134_2b1_Ar_mc_LittC2SE,/home/sahith/projects/minor_project_408/data/raw/audio_and_text_files/134_2b1_Ar_mc_LittC2SE.wav,LittC2SE,0.2955337166786194,0.1280970424413681,0.2745554447174072,-0.2110491693019867,0.16849398612976074,0.04179905354976654,0.14311935007572174,0.04104612022638321,0.1436651051044464,0.04161709547042847,0.10835908353328705,0.02972542494535446,0.05024319142103195,0.01261825393885374,-0.013390141539275646,0.006139557342976332,-0.034828945994377136,-0.014830967411398888,-0.02199568785727024,-0.04605962336063385,-0.0438077375292778,-0.054880961775779724,-0.060276880860328674,-0.0578310489654541,-0.04241423308849335,-0.05252452939748764,-0.05013621598482132,-0.054202258586883545,-0.061701975762844086,-0.07699654996395111,-0.07749886065721512,-0.08074729144573212,-0.08422304689884186,-0.0800262913107872,-0.08424316346645355,-0.08395573496818542,-0.07998933643102646,-0.0783739909529686,-0.08038409054279327,-0.08251284062862396,-0.08408387005329132,-0.0850558876991272,-0.08379384130239487,-0.0825287252664566,-0.08207880705595016,-0.08435265719890594,-0.08745702356100082,-0.08768369257450104,-0.07925272732973099,-0.07951408624649048,-0.08031263947486877,-0.07960709929466248,-0.07826127856969833,-0.06953386962413788,-0.0767023116350174,-0.07836376875638962,-0.0723014771938324,-0.0738023892045021,-0.07491494715213776,-0.06347554177045822,-0.07370955497026443,-0.06534793227910995,-0.07085537165403366,-0.061088331043720245,-0.06381406635046005,-0.052682630717754364,-0.060656651854515076,-0.05987226217985153,-0.052670471370220184,-0.054748497903347015,-0.050885312259197235,-0.05004686862230301,-0.04940493404865265,-0.04608015716075897,-0.042610444128513336,-0.04420517385005951,-0.04187878221273422,-0.0412483811378479,-0.042833395302295685,-0.04354878515005112,-0.04053206741809845,-0.040335312485694885,-0.03804235905408859,-0.03760731220245361,-0.03685338795185089,-0.02984975278377533,-0.030712779611349106,-0.027707278728485107,-0.02884075418114662,-0.028765391558408737,-0.026650598272681236,-0.022245638072490692,-0.022776706144213676,-0.0231018103659153,-0.018690235912799835,-0.019636888056993484,-0.017358189448714256,-0.01552892941981554,-0.015824709087610245,-0.014650947414338589,-0.014987578615546227,-0.010772264562547207,-0.010144189931452274,-0.014008857309818268,-0.010922498069703579,-0.007068590261042118,-0.005234767682850361,-0.0027557099238038063,-0.00417894683778286,-0.0023149196058511734,-0.0017988933250308037,0.002024856163188815,0.0018765595741569996,0.0012256025802344084,0.00336826010607183,0.0008145484607666731,0.0010614830534905195,0.0003935543354600668,0.004454030189663172,0.004187806975096464,0.004370493348687887,0.006138752680271864,0.006746144499629736,0.00476119527593255,0.0045024738647043705,-0.0064385319128632545,-0.050974272191524506,-0.18085670471191406
test,ICBHI_134,134_2b1_Ar_mc_LittC2SE,/home/sahith/projects/minor_project_408/data/raw/audio_and_text_files/134_2b1_Ar_mc_LittC2SE.wav,LittC2SE,0.2955337166786194,0.1280970424413681,0.2745554447174072,-0.2110491693019867,0.16849398612976074,0.04179905354976654,0.14311935007572174,0.04104612022638321,0.1436651051044464,0.04161709547042847,0.10835908353328705,0.02972542494535446,0.05024319142103195,0.01261825393885374,-0.013390141539275646,0.006139557342976332,-0.034828945994377136,-0.014830967411398888,-0.02199568785727024,-0.04605962336063385,-0.0438077375292778,-0.054880961775779724,-0.060276880860328674,-0.0578310489654541,-0.04241423308849335,-0.05252452939748764,-0.05013621598482132,-0.054202258586883545,-0.061701975762844086,-0.07699654996395111,-0.07749886065721512,-0.08074729144573212,-0.08422304689884186,-0.0800262913107872,-0.08424316346645355,-0.08395573496818542,-0.07998933643102646,-0.0783739909529686,-0.08038409054279327,-0.08251284062862396,-0.08408387005329132,-0.0850558876991272,-0.08379384130239487,-0.0825287252664566,-0.08207880705595016,-0.08435265719890594,-0.08745702356100082,-0.08768369257450104,-0.07925272732973099,-0.07951408624649048,-0.08031263947486877,-0.07960709929466248,-0.07826127856969833,-0.06953386962413788,-0.0767023116350174,-0.07836376875638962,-0.0723014771938324,-0.0738023892045021,-0.07491494715213776,-0.06347554177045822,-0.07370955497026443,-0.06534793227910995,-0.07085537165403366,-0.061088331043720245,-0.06381406635046005,-0.052682630717754364,-0.060656651854515076,-0.05987226217985153,-0.052670471370220184,-0.054748497903347015,-0.050885312259197235,-0.05004686862230301,-0.04940493404865265,-0.04608015716075897,-0.042610444128513336,-0.04420517385005951,-0.04187878221273422,-0.0412483811378479,-0.042833395302295685,-0.04354878515005112,-0.04053206741809845,-0.040335312485694885,-0.03804235905408859,-0.03760731220245361,-0.03685338795185089,-0.02984975278377533,-0.030712779611349106,-0.027707278728485107,-0.02884075418114662,-0.028765391558408737,-0.026650598272681236,-0.022245638072490692,-0.022776706144213676,-0.0231018103659153,-0.018690235912799835,-0.019636888056993484,-0.017358189448714256,-0.01552892941981554,-0.015824709087610245,-0.014650947414338589,-0.014987578615546227,-0.010772264562547207,-0.010144189931452274,-0.014008857309818268,-0.010922498069703579,-0.007068590261042118,-0.005234767682850361,-0.0027557099238038063,-0.00417894683778286,-0.0023149196058511734,-0.0017988933250308037,0.002024856163188815,0.0018765595741569996,0.0012256025802344084,0.00336826010607183,0.0008145484607666731,0.0010614830534905195,0.0003935543354600668,0.004454030189663172,0.004187806975096464,0.004370493348687887,0.006138752680271864,0.006746144499629736,0.00476119527593255,0.0045024738647043705,-0.0064385319128632545,-0.050974272191524506,-0.18085670471191406
test,ICBHI_134,134_2b1_Ar_mc_LittC2SE,/home/sahith/projects/minor_project_408/data/raw/audio_and_text_files/134_2b1_Ar_mc_LittC2SE.wav,LittC2SE,0.2955337166786194,0.1280970424413681,0.2745554447174072,-0.2110491693019867,0.16849398612976074,0.04179905354976654,0.14311935007572174,0.04104612022638321,0.1436651051044464,0.04161709547042847,0.10835908353328705,0.02972542494535446,0.05024319142103195,0.01261825393885374,-0.013390141539275646,0.006139557342976332,-0.034828945994377136,-0.014830967411398888,-0.02199568785727024,-0.04605962336063385,-0.0438077375292778,-0.054880961775779724,-0.060276880860328674,-0.0578310489654541,-0.04241423308849335,-0.05252452939748764,-0.05013621598482132,-0.054202258586883545,-0.061701975762844086,-0.07699654996395111,-0.07749886065721512,-0.08074729144573212,-0.08422304689884186,-0.0800262913107872,-0.08424316346645355,-0.08395573496818542,-0.07998933643102646,-0.0783739909529686,-0.08038409054279327,-0.08251284062862396,-0.08408387005329132,-0.0850558876991272,-0.08379384130239487,-0.0825287252664566,-0.08207880705595016,-0.08435265719890594,-0.08745702356100082,-0.08768369257450104,-0.07925272732973099,-0.07951408624649048,-0.08031263947486877,-0.07960709929466248,-0.07826127856969833,-0.06953386962413788,-0.0767023116350174,-0.07836376875638962,-0.0723014771938324,-0.0738023892045021,-0.07491494715213776,-0.06347554177045822,-0.07370955497026443,-0.06534793227910995,-0.07085537165403366,-0.061088331043720245,-0.06381406635046005,-0.052682630717754364,-0.060656651854515076,-0.05987226217985153,-0.052670471370220184,-0.054748497903347015,-0.050885312259197235,-0.05004686862230301,-0.04940493404865265,-0.04608015716075897,-0.042610444128513336,-0.04420517385005951,-0.04187878221273422,-0.0412483811378479,-0.042833395302295685,-0.04354878515005112,-0.04053206741809845,-0.040335312485694885,-0.03804235905408859,-0.03760731220245361,-0.03685338795185089,-0.02984975278377533,-0.030712779611349106,-0.027707278728485107,-0.02884075418114662,-0.028765391558408737,-0.026650598272681236,-0.022245638072490692,-0.022776706144213676,-0.0231018103659153,-0.018690235912799835,-0.019636888056993484,-0.017358189448714256,-0.01552892941981554,-0.015824709087610245,-0.014650947414338589,-0.014987578615546227,-0.010772264562547207,-0.010144189931452274,-0.014008857309818268,-0.010922498069703579,-0.007068590261042118,-0.005234767682850361,-0.0027557099238038063,-0.00417894683778286,-0.0023149196058511734,-0.0017988933250308037,0.002024856163188815,0.0018765595741569996,0.0012256025802344084,0.00336826010607183,0.0008145484607666731,0.0010614830534905195,0.0003935543354600668,0.004454030189663172,0.004187806975096464,0.004370493348687887,0.006138752680271864,0.006746144499629736,0.00476119527593255,0.0045024738647043705,-0.0064385319128632545,-0.050974272191524506,-0.18085670471191406
test,ICBHI_134,134_2b1_Ar_mc_LittC2SE,/home/sahith/projects/minor_project_408/data/raw/audio_and_text_files/134_2b1_Ar_mc_LittC2SE.wav,LittC2SE,0.2955337166786194,0.1280970424413681,0.2745554447174072,-0.2110491693019867,0.16849398612976074,0.04179905354976654,0.14311935007572174,0.04104612022638321,0.1436651051044464,0.04161709547042847,0.10835908353328705,0.02972542494535446,0.05024319142103195,0.01261825393885374,-0.013390141539275646,0.006139557342976332,-0.034828945994377136,-0.014830967411398888,-0.02199568785727024,-0.04605962336063385,-0.0438077375292778,-0.054880961775779724,-0.060276880860328674,-0.0578310489654541,-0.04241423308849335,-0.05252452939748764,-0.05013621598482132,-0.054202258586883545,-0.061701975762844086,-0.07699654996395111,-0.07749886065721512,-0.08074729144573212,-0.08422304689884186,-0.0800262913107872,-0.08424316346645355,-0.08395573496818542,-0.07998933643102646,-0.0783739909529686,-0.08038409054279327,-0.08251284062862396,-0.08408387005329132,-0.0850558876991272,-0.08379384130239487,-0.0825287252664566,-0.08207880705595016,-0.08435265719890594,-0.08745702356100082,-0.08768369257450104,-0.07925272732973099,-0.07951408624649048,-0.08031263947486877,-0.07960709929466248,-0.07826127856969833,-0.06953386962413788,-0.0767023116350174,-0.07836376875638962,-0.0723014771938324,-0.0738023892045021,-0.07491494715213776,-0.06347554177045822,-0.07370955497026443,-0.06534793227910995,-0.07085537165403366,-0.061088331043720245,-0.06381406635046005,-0.052682630717754364,-0.060656651854515076,-0.05987226217985153,-0.052670471370220184,-0.054748497903347015,-0.050885312259197235,-0.05004686862230301,-0.04940493404865265,-0.04608015716075897,-0.042610444128513336,-0.04420517385005951,-0.04187878221273422,-0.0412483811378479,-0.042833395302295685,-0.04354878515005112,-0.04053206741809845,-0.040335312485694885,-0.03804235905408859,-0.03760731220245361,-0.03685338795185089,-0.02984975278377533,-0.030712779611349106,-0.027707278728485107,-0.02884075418114662,-0.028765391558408737,-0.026650598272681236,-0.022245638072490692,-0.022776706144213676,-0.0231018103659153,-0.018690235912799835,-0.019636888056993484,-0.017358189448714256,-0.01552892941981554,-0.015824709087610245,-0.014650947414338589,-0.014987578615546227,-0.010772264562547207,-0.010144189931452274,-0.014008857309818268,-0.010922498069703579,-0.007068590261042118,-0.005234767682850361,-0.0027557099238038063,-0.00417894683778286,-0.0023149196058511734,-0.0017988933250308037,0.002024856163188815,0.0018765595741569996,0.0012256025802344084,0.00336826010607183,0.0008145484607666731,0.0010614830534905195,0.0003935543354600668,0.004454030189663172,0.004187806975096464,0.004370493348687887,0.006138752680271864,0.006746144499629736,0.00476119527593255,0.0045024738647043705,-0.0064385319128632545,-0.050974272191524506,-0.18085670471191406
test,ICBHI_134,134_2b2_Al_mc_LittC2SE,/home/sahith/projects/minor_project_408/data/raw/audio_and_text_files/134_2b2_Al_mc_LittC2SE.wav,LittC2SE,0.3139861524105072,0.14158904552459717,0.2880476415157318,-0.2110491693019867,0.17203184962272644,0.04538668692111969,0.13536949455738068,0.025980181992053986,0.10528195649385452,-0.005113113671541214,0.06150267273187637,-0.0023662839084863663,0.018194207921624184,0.003837101859971881,-0.022009605541825294,0.014679878950119019,-0.02062811702489853,0.00013810471864417195,-0.006085517816245556,-0.03238484263420105,-0.03498898446559906,-0.04806721955537796,-0.06414173543453217,-0.0732092410326004,-0.06339916586875916,-0.07869203388690948,-0.07388488203287125,-0.07477845996618271,-0.07067281007766724,-0.07922560721635818,-0.07483097910881042,-0.07436096668243408,-0.07941918075084686,-0.07990502566099167,-0.07655086368322372,-0.07187608629465103,-0.0705001950263977,-0.06928851455450058,-0.06899648159742355,-0.07137717306613922,-0.0716472789645195,-0.06969906389713287,-0.06650302559137344,-0.06377189606428146,-0.0624307245016098,-0.059689462184906006,-0.0585925430059433,-0.06204383820295334,-0.05589929223060608,-0.0569566935300827,-0.05703015625476837,-0.056890979409217834,-0.05749795585870743,-0.045412175357341766,-0.05003545433282852,-0.050361961126327515,-0.04515078663825989,-0.04584909975528717,-0.04993746429681778,-0.03807743638753891,-0.04509705305099487,-0.034056395292282104,-0.04094824939966202,-0.033629633486270905,-0.03993215411901474,-0.029419565573334694,-0.030878597870469093,-0.028860274702310562,-0.024725554510951042,-0.028271308168768883,-0.024715540930628777,-0.021125270053744316,-0.01808546669781208,-0.018098460510373116,-0.020098427310585976,-0.01833454705774784,-0.01727009378373623,-0.017490891739726067,-0.018321821466088295,-0.014049239456653595,-0.012798192910850048,-0.01188709307461977,-0.008924434892833233,-0.010928637348115444,-0.010581322014331818,-0.007600819692015648,-0.007273181341588497,-0.002485017292201519,0.0004900319036096334,0.0026921057142317295,0.0012297153007239103,0.0016146337147802114,0.002057100413367152,0.0045549036003649235,0.009183388203382492,0.007028424646705389,0.010104412212967873,0.013163941912353039,0.010362111032009125,0.012026598677039146,0.010408633388578892,0.014223792590200901,0.018053913488984108,0.016516709700226784,0.016562337055802345,0.018341736868023872,0.019625891000032425,0.021262068301439285,0.02280072681605816,0.022245049476623535,0.023359034210443497,0.022984875366091728,0.023540498688817024,0.028322746977210045,0.03049653396010399,0.030050789937376976,0.026932109147310257,0.027540603652596474,0.03039483353495598,0.02886296436190605,0.03134741634130478,0.03335128724575043,0.031132394447922707,0.030985528603196144,0.03075847402215004,0.01956493780016899,-0.02740343101322651,-0.1632518321275711
test,ICBHI_134,134_2b2_Al_mc_LittC2SE,/home/sahith/projects/minor_project_408/data/raw/audio_and_text_files/134_2b2_Al_mc_LittC2SE.wav,LittC2SE,0.3139861524105072,0.14158904552459717,0.2880476415157318,-0.2110491693019867,0.17203184962272644,0.04538668692111969,0.13536949455738068,0.025980181992053986,0.10528195649385452,-0.005113113671541214,0.06150267273187637,-0.0023662839084863663,0.018194207921624184,0.003837101859971881,-0.022009605541825294,0.014679878950119019,-0.02062811702489853,0.00013810471864417195,-0.006085517816245556,-0.03238484263420105,-0.03498898446559906,-0.04806721955537796,-0.06414173543453217,-0.0732092410326004,-0.06339916586875916,-0.07869203388690948,-0.07388488203287125,-0.07477845996618271,-0.07067281007766724,-0.07922560721635818,-0.07483097910881042,-0.07436096668243408,-0.07941918075084686,-0.07990502566099167,-0.07655086368322372,-0.07187608629465103,-0.0705001950263977,-0.06928851455450058,-0.06899648159742355,-0.07137717306613922,-0.0716472789645195,-0.06969906389713287,-0.06650302559137344,-0.06377189606428146,-0.0624307245016098,-0.059689462184906006,-0.0585925430059433,-0.06204383820295334,-0.05589929223060608,-0.0569566935300827,-0.05703015625476837,-0.056890979409217834,-0.05749795585870743,-0.045412175357341766,-0.05003545433282852,-0.050361961126327515,-0.04515078663825989,-0.04584909975528717,-0.04993746429681778,-0.03807743638753891,-0.04509705305099487,-0.034056395292282104,-0.04094824939966202,-0.033629633486270905,-0.03993215411901474,-0.029419565573334694,-0.030878597870469093,-0.028860274702310562,-0.024725554510951042,-0.028271308168768883,-0.024715540930628777,-0.021125270053744316,-0.01808546669781208,-0.018098460510373116,-0.020098427310585976,-0.01833454705774784,-0.01727009378373623,-0.017490891739726067,-0.018321821466088295,-0.014049239456653595,-0.012798192910850048,-0.01188709307461977,-0.008924434892833233,-0.010928637348115444,-0.010581322014331818,-0.007600819692015648,-0.007273181341588497,-0.002485017292201519,0.0004900319036096334,0.0026921057142317295,0.0012297153007239103,0.0016146337147802114,0.002057100413367152,0.0045549036003649235,0.009183388203382492,0.007028424646705389,0.010104412212967873,0.013163941912353039,0.010362111032009125,0.012026598677039146,0.010408633388578892,0.014223792590200901,0.018053913488984108,0.016516709700226784,0.016562337055802345,0.018341736868023872,0.019625891000032425,0.021262068301439285,0.02280072681605816,0.022245049476623535,0.023359034210443497,0.022984875366091728,0.023540498688817024,0.028322746977210045,0.03049653396010399,0.030050789937376976,0.026932109147310257,0.027540603652596474,0.03039483353495598,0.02886296436190605,0.03134741634130478,0.03335128724575043,0.031132394447922707,0.030985528603196144,0.03075847402215004,0.01956493780016899,-0.02740343101322651,-0.1632518321275711
test,ICBHI_134,134_2b2_Al_mc_LittC2SE,/home/sahith/projects/minor_project_408/data/raw/audio_and_text_files/134_2b2_Al_mc_LittC2SE.wav,LittC2SE,0.3139861524105072,0.14158904552459717,0.2880476415157318,-0.2110491693019867,0.17203184962272644,0.04538668692111969,0.13536949455738068,0.025980181992053986,0.10528195649385452,-0.005113113671541214,0.06150267273187637,-0.0023662839084863663,0.018194207921624184,0.003837101859971881,-0.022009605541825294,0.014679878950119019,-0.02062811702489853,0.00013810471864417195,-0.006085517816245556,-0.03238484263420105,-0.03498898446559906,-0.04806721955537796,-0.06414173543453217,-0.0732092410326004,-0.06339916586875916,-0.07869203388690948,-0.07388488203287125,-0.07477845996618271,-0.07067281007766724,-0.07922560721635818,-0.07483097910881042,-0.07436096668243408,-0.07941918075084686,-0.07990502566099167,-0.07655086368322372,-0.07187608629465103,-0.0705001950263977,-0.06928851455450058,-0.06899648159742355,-0.07137717306613922,-0.0716472789645195,-0.06969906389713287,-0.06650302559137344,-0.06377189606428146,-0.0624307245016098,-0.059689462184906006,-0.0585925430059433,-0.06204383820295334,-0.05589929223060608,-0.0569566935300827,-0.05703015625476837,-0.056890979409217834,-0.05749795585870743,-0.045412175357341766,-0.05003545433282852,-0.050361961126327515,-0.04515078663825989,-0.04584909975528717,-0.04993746429681778,-0.03807743638753891,-0.04509705305099487,-0.034056395292282104,-0.04094824939966202,-0.033629633486270905,-0.03993215411901474,-0.029419565573334694,-0.030878597870469093,-0.028860274702310562,-0.024725554510951042,-0.028271308168768883,-0.024715540930628777,-0.021125270053744316,-0.01808546669781208,-0.018098460510373116,-0.020098427310585976,-0.01833454705774784,-0.01727009378373623,-0.017490891739726067,-0.018321821466088295,-0.014049239456653595,-0.012798192910850048,-0.01188709307461977,-0.008924434892833233,-0.010928637348115444,-0.010581322014331818,-0.007600819692015648,-0.007273181341588497,-0.002485017292201519,0.0004900319036096334,0.0026921057142317295,0.0012297153007239103,0.0016146337147802114,0.002057100413367152,0.0045549036003649235,0.009183388203382492,0.007028424646705389,0.010104412212967873,0.013163941912353039,0.010362111032009125,0.012026598677039146,0.010408633388578892,0.014223792590200901,0.018053913488984108,0.016516709700226784,0.016562337055802345,0.018341736868023872,0.019625891000032425,0.021262068301439285,0.02280072681605816,0.022245049476623535,0.023359034210443497,0.022984875366091728,0.023540498688817024,0.028322746977210045,0.03049653396010399,0.030050789937376976,0.026932109147310257,0.027540603652596474,0.03039483353495598,0.02886296436190605,0.03134741634130478,0.03335128724575043,0.031132394447922707,0.030985528603196144,0.03075847402215004,0.01956493780016899,-0.02740343101322651,-0.1632518321275711
test,ICBHI_134,134_2b2_Al_mc_LittC2SE,/home/sahith/projects/minor_project_408/data/raw/audio_and_text_files/134_2b2_Al_mc_LittC2SE.wav,LittC2SE,0.3139861524105072,0.14158904552459717,0.2880476415157318,-0.2110491693019867,0.17203184962272644,0.04538668692111969,0.13536949455738068,0.025980181992053986,0.10528195649385452,-0.005113113671541214,0.06150267273187637,-0.0023662839084863663,0.018194207921624184,0.003837101859971881,-0.022009605541825294,0.014679878950119019,-0.02062811702489853,0.00013810471864417195,-0.006085517816245556,-0.03238484263420105,-0.03498898446559906,-0.04806721955537796,-0.06414173543453217,-0.0732092410326004,-0.06339916586875916,-0.07869203388690948,-0.07388488203287125,-0.07477845996618271,-0.07067281007766724,-0.07922560721635818,-0.07483097910881042,-0.07436096668243408,-0.07941918075084686,-0.07990502566099167,-0.07655086368322372,-0.07187608629465103,-0.0705001950263977,-0.06928851455450058,-0.06899648159742355,-0.07137717306613922,-0.0716472789645195,-0.06969906389713287,-0.06650302559137344,-0.06377189606428146,-0.0624307245016098,-0.059689462184906006,-0.0585925430059433,-0.06204383820295334,-0.05589929223060608,-0.0569566935300827,-0.05703015625476837,-0.056890979409217834,-0.05749795585870743,-0.045412175357341766,-0.05003545433282852,-0.050361961126327515,-0.04515078663825989,-0.04584909975528717,-0.04993746429681778,-0.03807743638753891,-0.04509705305099487,-0.034056395292282104,-0.04094824939966202,-0.033629633486270905,-0.03993215411901474,-0.029419565573334694,-0.030878597870469093,-0.028860274702310562,-0.024725554510951042,-0.028271308168768883,-0.024715540930628777,-0.021125270053744316,-0.01808546669781208,-0.018098460510373116,-0.020098427310585976,-0.01833454705774784,-0.01727009378373623,-0.017490891739726067,-0.018321821466088295,-0.014049239456653595,-0.012798192910850048,-0.01188709307461977,-0.008924434892833233,-0.010928637348115444,-0.010581322014331818,-0.007600819692015648,-0.007273181341588497,-0.002485017292201519,0.0004900319036096334,0.0026921057142317295,0.0012297153007239103,0.0016146337147802114,0.002057100413367152,0.0045549036003649235,0.009183388203382492,0.007028424646705389,0.010104412212967873,0.013163941912353039,0.010362111032009125,0.012026598677039146,0.010408633388578892,0.014223792590200901,0.018053913488984108,0.016516709700226784,0.016562337055802345,0.018341736868023872,0.019625891000032425,0.021262068301439285,0.02280072681605816,0.022245049476623535,0.023359034210443497,0.022984875366091728,0.023540498688817024,0.028322746977210045,0.03049653396010399,0.030050789937376976,0.026932109147310257,0.027540603652596474,0.03039483353495598,0.02886296436190605,0.03134741634130478,0.03335128724575043,0.031132394447922707,0.030985528603196144,0.03075847402215004,0.01956493780016899,-0.02740343101322651,-0.1632518321275711
test,ICBHI_134,134_2b2_Al_mc_LittC2SE,/home/sahith/projects/minor_project_408/data/raw/audio_and_text_files/134_2b2_Al_mc_LittC2SE.wav,LittC2SE,0.3139861524105072,0.14158904552459717,0.2880476415157318,-0.2110491693019867,0.17203184962272644,0.04538668692111969,0.13536949455738068,0.025980181992053986,0.10528195649385452,-0.005113113671541214,0.06150267273187637,-0.0023662839084863663,0.018194207921624184,0.003837101859971881,-0.022009605541825294,0.014679878950119019,-0.02062811702489853,0.00013810471864417195,-0.006085517816245556,-0.03238484263420105,-0.03498898446559906,-0.04806721955537796,-0.06414173543453217,-0.0732092410326004,-0.06339916586875916,-0.07869203388690948,-0.07388488203287125,-0.07477845996618271,-0.07067281007766724,-0.07922560721635818,-0.07483097910881042,-0.07436096668243408,-0.07941918075084686,-0.07990502566099167,-0.07655086368322372,-0.07187608629465103,-0.0705001950263977,-0.06928851455450058,-0.06899648159742355,-0.07137717306613922,-0.0716472789645195,-0.06969906389713287,-0.06650302559137344,-0.06377189606428146,-0.0624307245016098,-0.059689462184906006,-0.0585925430059433,-0.06204383820295334,-0.05589929223060608,-0.0569566935300827,-0.05703015625476837,-0.056890979409217834,-0.05749795585870743,-0.045412175357341766,-0.05003545433282852,-0.050361961126327515,-0.04515078663825989,-0.04584909975528717,-0.04993746429681778,-0.03807743638753891,-0.04509705305099487,-0.034056395292282104,-0.04094824939966202,-0.033629633486270905,-0.03993215411901474,-0.029419565573334694,-0.030878597870469093,-0.028860274702310562,-0.024725554510951042,-0.028271308168768883,-0.024715540930628777,-0.021125270053744316,-0.01808546669781208,-0.018098460510373116,-0.020098427310585976,-0.01833454705774784,-0.01727009378373623,-0.017490891739726067,-0.018321821466088295,-0.014049239456653595,-0.012798192910850048,-0.01188709307461977,-0.008924434892833233,-0.010928637348115444,-0.010581322014331818,-0.007600819692015648,-0.007273181341588497,-0.002485017292201519,0.0004900319036096334,0.0026921057142317295,0.0012297153007239103,0.0016146337147802114,0.002057100413367152,0.0045549036003649235,0.009183388203382492,0.007028424646705389,0.010104412212967873,0.013163941912353039,0.010362111032009125,0.012026598677039146,0.010408633388578892,0.014223792590200901,0.018053913488984108,0.016516709700226784,0.016562337055802345,0.018341736868023872,0.019625891000032425,0.021262068301439285,0.02280072681605816,0.022245049476623535,0.023359034210443497,0.022984875366091728,0.023540498688817024,0.028322746977210045,0.03049653396010399,0.030050789937376976,0.026932109147310257,0.027540603652596474,0.03039483353495598,0.02886296436190605,0.03134741634130478,0.03335128724575043,0.031132394447922707,0.030985528603196144,0.03075847402215004,0.01956493780016899,-0.02740343101322651,-0.1632518321275711
test,ICBHI_134,134_2b2_Al_mc_LittC2SE,/home/sahith/projects/minor_project_408/data/raw/audio_and_text_files/134_2b2_Al_mc_LittC2SE.wav,LittC2SE,0.3139861524105072,0.14158904552459717,0.2880476415157318,-0.2110491693019867,0.17203184962272644,0.04538668692111969,0.13536949455738068,0.025980181992053986,0.10528195649385452,-0.005113113671541214,0.06150267273187637,-0.0023662839084863663,0.018194207921624184,0.003837101859971881,-0.022009605541825294,0.014679878950119019,-0.02062811702489853,0.00013810471864417195,-0.006085517816245556,-0.03238484263420105,-0.03498898446559906,-0.04806721955537796,-0.06414173543453217,-0.0732092410326004,-0.06339916586875916,-0.07869203388690948,-0.07388488203287125,-0.07477845996618271,-0.07067281007766724,-0.07922560721635818,-0.07483097910881042,-0.07436096668243408,-0.07941918075084686,-0.07990502566099167,-0.07655086368322372,-0.07187608629465103,-0.0705001950263977,-0.06928851455450058,-0.06899648159742355,-0.07137717306613922,-0.0716472789645195,-0.06969906389713287,-0.06650302559137344,-0.06377189606428146,-0.0624307245016098,-0.059689462184906006,-0.0585925430059433,-0.06204383820295334,-0.05589929223060608,-0.0569566935300827,-0.05703015625476837,-0.056890979409217834,-0.05749795585870743,-0.045412175357341766,-0.05003545433282852,-0.050361961126327515,-0.04515078663825989,-0.04584909975528717,-0.04993746429681778,-0.03807743638753891,-0.04509705305099487,-0.034056395292282104,-0.04094824939966202,-0.033629633486270905,-0.03993215411901474,-0.029419565573334694,-0.030878597870469093,-0.028860274702310562,-0.024725554510951042,-0.028271308168768883,-0.024715540930628777,-0.021125270053744316,-0.01808546669781208,-0.018098460510373116,-0.020098427310585976,-0.01833454705774784,-0.01727009378373623,-0.017490891739726067,-0.018321821466088295,-0.014049239456653595,-0.012798192910850048,-0.01188709307461977,-0.008924434892833233,-0.010928637348115444,-0.010581322014331818,-0.007600819692015648,-0.007273181341588497,-0.002485017292201519,0.0004900319036096334,0.0026921057142317295,0.0012297153007239103,0.0016146337147802114,0.002057100413367152,0.0045549036003649235,0.009183388203382492,0.007028424646705389,0.010104412212967873,0.013163941912353039,0.010362111032009125,0.012026598677039146,0.010408633388578892,0.014223792590200901,0.018053913488984108,0.016516709700226784,0.016562337055802345,0.018341736868023872,0.019625891000032425,0.021262068301439285,0.02280072681605816,0.022245049476623535,0.023359034210443497,0.022984875366091728,0.023540498688817024,0.028322746977210045,0.03049653396010399,0.030050789937376976,0.026932109147310257,0.027540603652596474,0.03039483353495598,0.02886296436190605,0.03134741634130478,0.03335128724575043,0.031132394447922707,0.030985528603196144,0.03075847402215004,0.01956493780016899,-0.02740343101322651,-0.1632518321275711
test,ICBHI_134,134_2b2_Al_mc_LittC2SE,/home/sahith/projects/minor_project_408/data/raw/audio_and_text_files/134_2b2_Al_mc_LittC2SE.wav,LittC2SE,0.3139861524105072,0.14158904552459717,0.2880476415157318,-0.2110491693019867,0.17203184962272644,0.04538668692111969,0.13536949455738068,0.025980181992053986,0.10528195649385452,-0.005113113671541214,0.06150267273187637,-0.0023662839084863663,0.018194207921624184,0.003837101859971881,-0.022009605541825294,0.014679878950119019,-0.02062811702489853,0.00013810471864417195,-0.006085517816245556,-0.03238484263420105,-0.03498898446559906,-0.04806721955537796,-0.06414173543453217,-0.0732092410326004,-0.06339916586875916,-0.07869203388690948,-0.07388488203287125,-0.07477845996618271,-0.07067281007766724,-0.07922560721635818,-0.07483097910881042,-0.07436096668243408,-0.07941918075084686,-0.07990502566099167,-0.07655086368322372,-0.07187608629465103,-0.0705001950263977,-0.06928851455450058,-0.06899648159742355,-0.07137717306613922,-0.0716472789645195,-0.06969906389713287,-0.06650302559137344,-0.06377189606428146,-0.0624307245016098,-0.059689462184906006,-0.0585925430059433,-0.06204383820295334,-0.05589929223060608,-0.0569566935300827,-0.05703015625476837,-0.056890979409217834,-0.05749795585870743,-0.045412175357341766,-0.05003545433282852,-0.050361961126327515,-0.04515078663825989,-0.04584909975528717,-0.04993746429681778,-0.03807743638753891,-0.04509705305099487,-0.034056395292282104,-0.04094824939966202,-0.033629633486270905,-0.03993215411901474,-0.029419565573334694,-0.030878597870469093,-0.028860274702310562,-0.024725554510951042,-0.028271308168768883,-0.024715540930628777,-0.021125270053744316,-0.01808546669781208,-0.018098460510373116,-0.020098427310585976,-0.01833454705774784,-0.01727009378373623,-0.017490891739726067,-0.018321821466088295,-0.014049239456653595,-0.012798192910850048,-0.01188709307461977,-0.008924434892833233,-0.010928637348115444,-0.010581322014331818,-0.007600819692015648,-0.007273181341588497,-0.002485017292201519,0.0004900319036096334,0.0026921057142317295,0.0012297153007239103,0.0016146337147802114,0.002057100413367152,0.0045549036003649235,0.009183388203382492,0.007028424646705389,0.010104412212967873,0.013163941912353039,0.010362111032009125,0.012026598677039146,0.010408633388578892,0.014223792590200901,0.018053913488984108,0.016516709700226784,0.016562337055802345,0.018341736868023872,0.019625891000032425,0.021262068301439285,0.02280072681605816,0.022245049476623535,0.023359034210443497,0.022984875366091728,0.023540498688817024,0.028322746977210045,0.03049653396010399,0.030050789937376976,0.026932109147310257,0.027540603652596474,0.03039483353495598,0.02886296436190605,0.03134741634130478,0.03335128724575043,0.031132394447922707,0.030985528603196144,0.03075847402215004,0.01956493780016899,-0.02740343101322651,-0.1632518321275711
test,ICBHI_134,134_2b2_Ar_mc_LittC2SE,/home/sahith/projects/minor_project_408/data/raw/audio_and_text_files/134_2b2_Ar_mc_LittC2SE.wav,LittC2SE,0.3245643079280853,0.1509096771478653,0.2973685562610626,-0.2110491693019867,0.16907894611358643,0.04238408803939819,0.1447296440601349,0.04405488818883896,0.14053624868392944,0.03509072959423065,0.10178470611572266,0.0240074023604393,0.044700898230075836,0.014484591782093048,-0.011343030259013176,0.020743101835250854,-0.02443072758615017,-0.005537922494113445,-0.010054879821836948,-0.0313694030046463,-0.02757042832672596,-0.03391417860984802,-0.042080387473106384,-0.0419076606631279,-0.028503013774752617,-0.04024113714694977,-0.03895217925310135,-0.04365786164999008,-0.050731949508190155,-0.06307810544967651,-0.06161660701036453,-0.06435661762952805,-0.06795071065425873,-0.06257880479097366,-0.06982707232236862,-0.06647220999002457,-0.06622425466775894,-0.06683063507080078,-0.06626791507005692,-0.06908147782087326,-0.0728878602385521,-0.07476835697889328,-0.07435786724090576,-0.07602584362030029,-0.08000966161489487,-0.08400656282901764,-0.0867055207490921,-0.08567424863576889,-0.07631190866231918,-0.07287754863500595,-0.07333029806613922,-0.07516904175281525,-0.07802364975214005,-0.07332108914852142,-0.08042056858539581,-0.07926944643259048,-0.06975392997264862,-0.07239505648612976,-0.07610899209976196,-0.0646309033036232,-0.07250431180000305,-0.0625242218375206,-0.06960894167423248,-0.06335079669952393,-0.06517544388771057,-0.057350851595401764,-0.06078881770372391,-0.056914135813713074,-0.052946388721466064,-0.05361900478601456,-0.05168590694665909,-0.05079885572195053,-0.05017942935228348,-0.05031245946884155,-0.047606244683265686,-0.04863044619560242,-0.04428153485059738,-0.041667573153972626,-0.04009779542684555,-0.03957483172416687,-0.03828101605176926,-0.03660733997821808,-0.03594103455543518,-0.03366289287805557,-0.03265618532896042,-0.0317269042134285,-0.033290669322013855,-0.02847774140536785,-0.026711631566286087,-0.02865467593073845,-0.0268414206802845,-0.023733997717499733,-0.02033942937850952,-0.022913044318556786,-0.018906086683273315,-0.020883819088339806,-0.01796053722500801,-0.015763167291879654,-0.016227537766098976,-0.012215059250593185,-0.009664619341492653,-0.011848767288029194,-0.009091238491237164,-0.007839618250727654,-0.006990090943872929,-0.007400757633149624,-0.007367081008851528,-0.005296218208968639,-0.00611365120857954,-0.00426254328340292,-0.00015591841656714678,0.00021752790780737996,-0.0033112401142716408,-0.00040503416676074266,0.0009163456852547824,-0.0006349525065161288,-2.3006636183708906e-05,0.0020767103414982557,0.008197693154215813,0.007048511411994696,0.005301590543240309,0.006380649749189615,0.0033622996415942907,0.003931871149688959,0.005545068997889757,-0.00195886567234993,-0.05222904682159424,-0.18473729491233826
test,ICBHI_134,134_2b2_Ar_mc_LittC2SE,/home/sahith/projects/minor_project_408/data/raw/audio_and_text_files/134_2b2_Ar_mc_LittC2SE.wav,LittC2SE,0.3245643079280853,0.1509096771478653,0.2973685562610626,-0.2110491693019867,0.16907894611358643,0.04238408803939819,0.1447296440601349,0.04405488818883896,0.14053624868392944,0.03509072959423065,0.10178470611572266,0.0240074023604393,0.044700898230075836,0.014484591782093048,-0.011343030259013176,0.020743101835250854,-0.02443072758615017,-0.005537922494113445,-0.010054879821836948,-0.0313694030046463,-0.02757042832672596,-0.03391417860984802,-0.042080387473106384,-0.0419076606631279,-0.028503013774752617,-0.04024113714694977,-0.03895217925310135,-0.04365786164999008,-0.050731949508190155,-0.06307810544967651,-0.06161660701036453,-0.06435661762952805,-0.06795071065425873,-0.06257880479097366,-0.06982707232236862,-0.06647220999002457,-0.06622425466775894,-0.06683063507080078,-0.06626791507005692,-0.06908147782087326,-0.0728878602385521,-0.07476835697889328,-0.07435786724090576,-0.07602584362030029,-0.08000966161489487,-0.08400656282901764,-0.0867055207490921,-0.08567424863576889,-0.07631190866231918,-0.07287754863500595,-0.07333029806613922,-0.07516904175281525,-0.07802364975214005,-0.07332108914852142,-0.08042056858539581,-0.07926944643259048,-0.06975392997264862,-0.07239505648612976,-0.07610899209976196,-0.0646309033036232,-0.07250431180000305,-0.0625242218375206,-0.06960894167423248,-0.06335079669952393,-0.06517544388771057,-0.057350851595401764,-0.06078881770372391,-0.056914135813713074,-0.052946388721466064,-0.05361900478601456,-0.05168590694665909,-0.05079885572195053,-0.05017942935228348,-0.05031245946884155,-0.047606244683265686,-0.04863044619560242,-0.04428153485059738,-0.041667573153972626,-0.04009779542684555,-0.03957483172416687,-0.03828101605176926,-0.03660733997821808,-0.03594103455543518,-0.03366289287805557,-0.03265618532896042,-0.0317269042134285,-0.033290669322013855,-0.02847774140536785,-0.026711631566286087,-0.02865467593073845,-0.0268414206802845,-0.023733997717499733,-0.02033942937850952,-0.022913044318556786,-0.018906086683273315,-0.020883819088339806,-0.01796053722500801,-0.015763167291879654,-0.016227537766098976,-0.012215059250593185,-0.009664619341492653,-0.011848767288029194,-0.009091238491237164,-0.007839618250727654,-0.006990090943872929,-0.007400757633149624,-0.007367081008851528,-0.005296218208968639,-0.00611365120857954,-0.00426254328340292,-0.00015591841656714678,0.00021752790780737996,-0.0033112401142716408,-0.00040503416676074266,0.0009163456852547824,-0.0006349525065161288,-2.3006636183708906e-05,0.0020767103414982557,0.008197693154215813,0.007048511411994696,0.005301590543240309,0.006380649749189615,0.0033622996415942907,0.003931871149688959,0.005545068997889757,-0.00195886567234993,-0.05222904682159424,-0.18473729491233826
test,ICBHI_134,134_2b2_Ar_mc_LittC2SE,/home/sahith/projects/minor_project_408/data/raw/audio_and_text_files/134_2b2_Ar_mc_LittC2SE.wav,LittC2SE,0.3245643079280853,0.1509096771478653,0.2973685562610626,-0.2110491693019867,0.16907894611358643,0.04238408803939819,0.1447296440601349,0.04405488818883896,0.14053624868392944,0.03509072959423065,0.10178470611572266,0.0240074023604393,0.044700898230075836,0.014484591782093048,-0.011343030259013176,0.020743101835250854,-0.02443072758615017,-0.005537922494113445,-0.010054879821836948,-0.0313694030046463,-0.02757042832672596,-0.03391417860984802,-0.042080387473106384,-0.0419076606631279,-0.028503013774752617,-0.04024113714694977,-0.03895217925310135,-0.04365786164999008,-0.050731949508190155,-0.06307810544967651,-0.06161660701036453,-0.06435661762952805,-0.06795071065425873,-0.06257880479097366,-0.06982707232236862,-0.06647220999002457,-0.06622425466775894,-0.06683063507080078,-0.06626791507005692,-0.06908147782087326,-0.0728878602385521,-0.07476835697889328,-0.07435786724090576,-0.07602584362030029,-0.08000966161489487,-0.08400656282901764,-0.0867055207490921,-0.08567424863576889,-0.07631190866231918,-0.07287754863500595,-0.07333029806613922,-0.07516904175281525,-0.07802364975214005,-0.07332108914852142,-0.08042056858539581,-0.07926944643259048,-0.06975392997264862,-0.07239505648612976,-0.07610899209976196,-0.0646309033036232,-0.07250431180000305,-0.0625242218375206,-0.06960894167423248,-0.06335079669952393,-0.06517544388771057,-0.057350851595401764,-0.06078881770372391,-0.056914135813713074,-0.052946388721466064,-0.05361900478601456,-0.05168590694665909,-0.05079885572195053,-0.05017942935228348,-0.05031245946884155,-0.047606244683265686,-0.04863044619560242,-0.04428153485059738,-0.041667573153972626,-0.04009779542684555,-0.03957483172416687,-0.03828101605176926,-0.03660733997821808,-0.03594103455543518,-0.03366289287805557,-0.03265618532896042,-0.0317269042134285,-0.033290669322013855,-0.02847774140536785,-0.026711631566286087,-0.02865467593073845,-0.0268414206802845,-0.023733997717499733,-0.02033942937850952,-0.022913044318556786,-0.018906086683273315,-0.020883819088339806,-0.01796053722500801,-0.015763167291879654,-0.016227537766098976,-0.012215059250593185,-0.009664619341492653,-0.011848767288029194,-0.009091238491237164,-0.007839618250727654,-0.006990090943872929,-0.007400757633149624,-0.007367081008851528,-0.005296218208968639,-0.00611365120857954,-0.00426254328340292,-0.00015591841656714678,0.00021752790780737996,-0.0033112401142716408,-0.00040503416676074266,0.0009163456852547824,-0.0006349525065161288,-2.3006636183708906e-05,0.0020767103414982557,0.008197693154215813,0.007048511411994696,0.005301590543240309,0.006380649749189615,0.0033622996415942907,0.003931871149688959,0.005545068997889757,-0.00195886567234993,-0.05222904682159424,-0.18473729491233826
test,ICBHI_134,134_2b2_Ar_mc_LittC2SE,/home/sahith/projects/minor_project_408/data/raw/audio_and_text_files/134_2b2_Ar_mc_LittC2SE.wav,LittC2SE,0.3245643079280853,0.1509096771478653,0.2973685562610626,-0.2110491693019867,0.16907894611358643,0.04238408803939819,0.1447296440601349,0.04405488818883896,0.14053624868392944,0.03509072959423065,0.10178470611572266,0.0240074023604393,0.044700898230075836,0.014484591782093048,-0.011343030259013176,0.020743101835250854,-0.02443072758615017,-0.005537922494113445,-0.010054879821836948,-0.0313694030046463,-0.02757042832672596,-0.03391417860984802,-0.042080387473106384,-0.0419076606631279,-0.028503013774752617,-0.04024113714694977,-0.03895217925310135,-0.04365786164999008,-0.050731949508190155,-0.06307810544967651,-0.06161660701036453,-0.06435661762952805,-0.06795071065425873,-0.06257880479097366,-0.06982707232236862,-0.06647220999002457,-0.06622425466775894,-0.06683063507080078,-0.06626791507005692,-0.06908147782087326,-0.0728878602385521,-0.07476835697889328,-0.07435786724090576,-0.07602584362030029,-0.08000966161489487,-0.08400656282901764,-0.0867055207490921,-0.08567424863576889,-0.07631190866231918,-0.07287754863500595,-0.07333029806613922,-0.07516904175281525,-0.07802364975214005,-0.07332108914852142,-0.08042056858539581,-0.07926944643259048,-0.06975392997264862,-0.07239505648612976,-0.07610899209976196,-0.0646309033036232,-0.07250431180000305,-0.0625242218375206,-0.06960894167423248,-0.06335079669952393,-0.06517544388771057,-0.057350851595401764,-0.06078881770372391,-0.056914135813713074,-0.052946388721466064,-0.05361900478601456,-0.05168590694665909,-0.05079885572195053,-0.05017942935228348,-0.05031245946884155,-0.047606244683265686,-0.04863044619560242,-0.04428153485059738,-0.041667573153972626,-0.04009779542684555,-0.03957483172416687,-0.03828101605176926,-0.03660733997821808,-0.03594103455543518,-0.03366289287805557,-0.03265618532896042,-0.0317269042134285,-0.033290669322013855,-0.02847774140536785,-0.026711631566286087,-0.02865467593073845,-0.0268414206802845,-0.023733997717499733,-0.02033942937850952,-0.022913044318556786,-0.018906086683273315,-0.020883819088339806,-0.01796053722500801,-0.015763167291879654,-0.016227537766098976,-0.012215059250593185,-0.009664619341492653,-0.011848767288029194,-0.009091238491237164,-0.007839618250727654,-0.006990090943872929,-0.007400757633149624,-0.007367081008851528,-0.005296218208968639,-0.00611365120857954,-0.00426254328340292,-0.00015591841656714678,0.00021752790780737996,-0.0033112401142716408,-0.00040503416676074266,0.0009163456852547824,-0.0006349525065161288,-2.3006636183708906e-05,0.0020767103414982557,0.008197693154215813,0.007048511411994696,0.005301590543240309,0.006380649749189615,0.0033622996415942907,0.003931871149688959,0.005545068997889757,-0.00195886567234993,-0.05222904682159424,-0.18473729491233826
test,ICBHI_134,134_2b2_Ar_mc_LittC2SE,/home/sahith/projects/minor_project_408/data/raw/audio_and_text_files/134_2b2_Ar_mc_LittC2SE.wav,LittC2SE,0.3245643079280853,0.1509096771478653,0.2973685562610626,-0.2110491693019867,0.16907894611358643,0.04238408803939819,0.1447296440601349,0.04405488818883896,0.14053624868392944,0.03509072959423065,0.10178470611572266,0.0240074023604393,0.044700898230075836,0.014484591782093048,-0.011343030259013176,0.020743101835250854,-0.02443072758615017,-0.005537922494113445,-0.010054879821836948,-0.0313694030046463,-0.02757042832672596,-0.03391417860984802,-0.042080387473106384,-0.0419076606631279,-0.028503013774752617,-0.04024113714694977,-0.03895217925310135,-0.04365786164999008,-0.050731949508190155,-0.06307810544967651,-0.06161660701036453,-0.06435661762952805,-0.06795071065425873,-0.06257880479097366,-0.06982707232236862,-0.06647220999002457,-0.06622425466775894,-0.06683063507080078,-0.06626791507005692,-0.06908147782087326,-0.0728878602385521,-0.07476835697889328,-0.07435786724090576,-0.07602584362030029,-0.08000966161489487,-0.08400656282901764,-0.0867055207490921,-0.08567424863576889,-0.07631190866231918,-0.07287754863500595,-0.07333029806613922,-0.07516904175281525,-0.07802364975214005,-0.07332108914852142,-0.08042056858539581,-0.07926944643259048,-0.06975392997264862,-0.07239505648612976,-0.07610899209976196,-0.0646309033036232,-0.07250431180000305,-0.0625242218375206,-0.06960894167423248,-0.06335079669952393,-0.06517544388771057,-0.057350851595401764,-0.06078881770372391,-0.056914135813713074,-0.052946388721466064,-0.05361900478601456,-0.05168590694665909,-0.05079885572195053,-0.05017942935228348,-0.05031245946884155,-0.047606244683265686,-0.04863044619560242,-0.04428153485059738,-0.041667573153972626,-0.04009779542684555,-0.03957483172416687,-0.03828101605176926,-0.03660733997821808,-0.03594103455543518,-0.03366289287805557,-0.03265618532896042,-0.0317269042134285,-0.033290669322013855,-0.02847774140536785,-0.026711631566286087,-0.02865467593073845,-0.0268414206802845,-0.023733997717499733,-0.02033942937850952,-0.022913044318556786,-0.018906086683273315,-0.020883819088339806,-0.01796053722500801,-0.015763167291879654,-0.016227537766098976,-0.012215059250593185,-0.009664619341492653,-0.011848767288029194,-0.009091238491237164,-0.007839618250727654,-0.006990090943872929,-0.007400757633149624,-0.007367081008851528,-0.005296218208968639,-0.00611365120857954,-0.00426254328340292,-0.00015591841656714678,0.00021752790780737996,-0.0033112401142716408,-0.00040503416676074266,0.0009163456852547824,-0.0006349525065161288,-2.3006636183708906e-05,0.0020767103414982557,0.008197693154215813,0.007048511411994696,0.005301590543240309,0.006380649749189615,0.0033622996415942907,0.003931871149688959,0.005545068997889757,-0.00195886567234993,-0.05222904682159424,-0.18473729491233826
test,ICBHI_134,134_2b2_Ar_mc_LittC2SE,/home/sahith/projects/minor_project_408/data/raw/audio_and_text_files/134_2b2_Ar_mc_LittC2SE.wav,LittC2SE,0.3245643079280853,0.1509096771478653,0.2973685562610626,-0.2110491693019867,0.16907894611358643,0.04238408803939819,0.1447296440601349,0.04405488818883896,0.14053624868392944,0.03509072959423065,0.10178470611572266,0.0240074023604393,0.044700898230075836,0.014484591782093048,-0.011343030259013176,0.020743101835250854,-0.02443072758615017,-0.005537922494113445,-0.010054879821836948,-0.0313694030046463,-0.02757042832672596,-0.03391417860984802,-0.042080387473106384,-0.0419076606631279,-0.028503013774752617,-0.04024113714694977,-0.03895217925310135,-0.04365786164999008,-0.050731949508190155,-0.06307810544967651,-0.06161660701036453,-0.06435661762952805,-0.06795071065425873,-0.06257880479097366,-0.06982707232236862,-0.06647220999002457,-0.06622425466775894,-0.06683063507080078,-0.06626791507005692,-0.06908147782087326,-0.0728878602385521,-0.07476835697889328,-0.07435786724090576,-0.07602584362030029,-0.08000966161489487,-0.08400656282901764,-0.0867055207490921,-0.08567424863576889,-0.07631190866231918,-0.07287754863500595,-0.07333029806613922,-0.07516904175281525,-0.07802364975214005,-0.07332108914852142,-0.08042056858539581,-0.07926944643259048,-0.06975392997264862,-0.07239505648612976,-0.07610899209976196,-0.0646309033036232,-0.07250431180000305,-0.0625242218375206,-0.06960894167423248,-0.06335079669952393,-0.06517544388771057,-0.057350851595401764,-0.06078881770372391,-0.056914135813713074,-0.052946388721466064,-0.05361900478601456,-0.05168590694665909,-0.05079885572195053,-0.05017942935228348,-0.05031245946884155,-0.047606244683265686,-0.04863044619560242,-0.04428153485059738,-0.041667573153972626,-0.04009779542684555,-0.03957483172416687,-0.03828101605176926,-0.03660733997821808,-0.03594103455543518,-0.03366289287805557,-0.03265618532896042,-0.0317269042134285,-0.033290669322013855,-0.02847774140536785,-0.026711631566286087,-0.02865467593073845,-0.0268414206802845,-0.023733997717499733,-0.02033942937850952,-0.022913044318556786,-0.018906086683273315,-0.020883819088339806,-0.01796053722500801,-0.015763167291879654,-0.016227537766098976,-0.012215059250593185,-0.009664619341492653,-0.011848767288029194,-0.009091238491237164,-0.007839618250727654,-0.006990090943872929,-0.007400757633149624,-0.007367081008851528,-0.005296218208968639,-0.00611365120857954,-0.00426254328340292,-0.00015591841656714678,0.00021752790780737996,-0.0033112401142716408,-0.00040503416676074266,0.0009163456852547824,-0.0006349525065161288,-2.3006636183708906e-05,0.0020767103414982557,0.008197693154215813,0.007048511411994696,0.005301590543240309,0.006380649749189615,0.0033622996415942907,0.003931871149688959,0.005545068997889757,-0.00195886567234993,-0.05222904682159424,-0.18473729491233826
test,ICBHI_134,134_2b2_Ar_mc_LittC2SE,/home/sahith/projects/minor_project_408/data/raw/audio_and_text_files/134_2b2_Ar_mc_LittC2SE.wav,LittC2SE,0.3245643079280853,0.1509096771478653,0.2973685562610626,-0.2110491693019867,0.16907894611358643,0.04238408803939819,0.1447296440601349,0.04405488818883896,0.14053624868392944,0.03509072959423065,0.10178470611572266,0.0240074023604393,0.044700898230075836,0.014484591782093048,-0.011343030259013176,0.020743101835250854,-0.02443072758615017,-0.005537922494113445,-0.010054879821836948,-0.0313694030046463,-0.02757042832672596,-0.03391417860984802,-0.042080387473106384,-0.0419076606631279,-0.028503013774752617,-0.04024113714694977,-0.03895217925310135,-0.04365786164999008,-0.050731949508190155,-0.06307810544967651,-0.06161660701036453,-0.06435661762952805,-0.06795071065425873,-0.06257880479097366,-0.06982707232236862,-0.06647220999002457,-0.06622425466775894,-0.06683063507080078,-0.06626791507005692,-0.06908147782087326,-0.0728878602385521,-0.07476835697889328,-0.07435786724090576,-0.07602584362030029,-0.08000966161489487,-0.08400656282901764,-0.0867055207490921,-0.08567424863576889,-0.07631190866231918,-0.07287754863500595,-0.07333029806613922,-0.07516904175281525,-0.07802364975214005,-0.07332108914852142,-0.08042056858539581,-0.07926944643259048,-0.06975392997264862,-0.07239505648612976,-0.07610899209976196,-0.0646309033036232,-0.07250431180000305,-0.0625242218375206,-0.06960894167423248,-0.06335079669952393,-0.06517544388771057,-0.057350851595401764,-0.06078881770372391,-0.056914135813713074,-0.052946388721466064,-0.05361900478601456,-0.05168590694665909,-0.05079885572195053,-0.05017942935228348,-0.05031245946884155,-0.047606244683265686,-0.04863044619560242,-0.04428153485059738,-0.041667573153972626,-0.04009779542684555,-0.03957483172416687,-0.03828101605176926,-0.03660733997821808,-0.03594103455543518,-0.03366289287805557,-0.03265618532896042,-0.0317269042134285,-0.033290669322013855,-0.02847774140536785,-0.026711631566286087,-0.02865467593073845,-0.0268414206802845,-0.023733997717499733,-0.02033942937850952,-0.022913044318556786,-0.018906086683273315,-0.020883819088339806,-0.01796053722500801,-0.015763167291879654,-0.016227537766098976,-0.012215059250593185,-0.009664619341492653,-0.011848767288029194,-0.009091238491237164,-0.007839618250727654,-0.006990090943872929,-0.007400757633149624,-0.007367081008851528,-0.005296218208968639,-0.00611365120857954,-0.00426254328340292,-0.00015591841656714678,0.00021752790780737996,-0.0033112401142716408,-0.00040503416676074266,0.0009163456852547824,-0.0006349525065161288,-2.3006636183708906e-05,0.0020767103414982557,0.008197693154215813,0.007048511411994696,0.005301590543240309,0.006380649749189615,0.0033622996415942907,0.003931871149688959,0.005545068997889757,-0.00195886567234993,-0.05222904682159424,-0.18473729491233826
test,ICBHI_134,134_2b3_Ar_mc_LittC2SE,/home/sahith/projects/minor_project_408/data/raw/audio_and_text_files/134_2b3_Ar_mc_LittC2SE.wav,LittC2SE,0.33038046956062317,0.15909457206726074,0.3055535852909088,-0.2110491693019867,0.18014566600322723,0.05345281958580017,0.14964348077774048,0.04754295200109482,0.1447257101535797,0.042166583240032196,0.10898356139659882,0.03946297615766525,0.06012819707393646,0.03341527283191681,0.007315680850297213,0.034505218267440796,-0.010204153135418892,0.008608919568359852,0.0005344373639672995,-0.021748395636677742,-0.017142510041594505,-0.027428971603512764,-0.03724176436662674,-0.038462236523628235,-0.021014390513300896,-0.030823344364762306,-0.029220255091786385,-0.03595656156539917,-0.037751704454422,-0.05176756531000137,-0.051784880459308624,-0.05649431794881821,-0.06189339607954025,-0.06036902964115143,-0.06556760519742966,-0.059325024485588074,-0.05747184902429581,-0.0566437691450119,-0.05899778753519058,-0.062365755438804626,-0.06475342065095901,-0.06687238812446594,-0.07157595455646515,-0.0774521604180336,-0.07791143655776978,-0.07787728309631348,-0.07853983342647552,-0.07986155897378922,-0.07650163024663925,-0.07556603103876114,-0.07202083617448807,-0.07036486268043518,-0.07005158811807632,-0.06494346261024475,-0.07065549492835999,-0.07213893532752991,-0.06808800250291824,-0.07187674194574356,-0.07240656018257141,-0.06257174164056778,-0.0692979022860527,-0.061233192682266235,-0.06790830194950104,-0.06051774322986603,-0.06849092245101929,-0.058880917727947235,-0.06098584085702896,-0.06188889592885971,-0.05409708619117737,-0.05412626266479492,-0.05126588046550751,-0.05069699138402939,-0.04714866727590561,-0.046188123524188995,-0.04769156873226166,-0.04812357574701309,-0.047549888491630554,-0.04535143822431564,-0.04353310912847519,-0.04001306742429733,-0.03607407957315445,-0.034681789577007294,-0.03619437664747238,-0.03330652415752411,-0.0320737361907959,-0.028687547892332077,-0.0339580774307251,-0.030043495818972588,-0.02490067109465599,-0.025132302194833755,-0.022937899455428123,-0.01807938702404499,-0.022244684398174286,-0.022061342373490334,-0.02107183448970318,-0.01772915944457054,-0.014295102097094059,-0.014741234481334686,-0.01550475973635912,-0.014470665715634823,-0.01186757255345583,-0.010423228144645691,-0.008498001843690872,-0.008310277946293354,-0.00845109298825264,-0.0063142189756035805,-0.005001630634069443,-0.005981730297207832,-0.003858909010887146,-0.0028649289160966873,-0.0012204982340335846,-0.0007085325778461993,-0.0005192739190533757,0.0020441978704184294,0.0009394126827828586,0.002755353692919016,0.0025779770221561193,0.00038343650521710515,0.0019106834661215544,0.0025398002471774817,0.005288686137646437,0.006623536814004183,0.006018202286213636,0.003487646346911788,0.004346472676843405,-0.0037102987989783287,-0.051340922713279724,-0.18344256281852722
test,ICBHI_134,134_2b3_Ar_mc_LittC2SE,/home/sahith/projects/minor_project_408/data/raw/audio_and_text_files/134_2b3_Ar_mc_LittC2SE.wav,LittC2SE,0.33038046956062317,0.15909457206726074,0.3055535852909088,-0.2110491693019867,0.18014566600322723,0.05345281958580017,0.14964348077774048,0.04754295200109482,0.1447257101535797,0.042166583240032196,0.10898356139659882,0.03946297615766525,0.06012819707393646,0.03341527283191681,0.007315680850297213,0.034505218267440796,-0.010204153135418892,0.008608919568359852,0.0005344373639672995,-0.021748395636677742,-0.017142510041594505,-0.027428971603512764,-0.03724176436662674,-0.038462236523628235,-0.021014390513300896,-0.030823344364762306,-0.029220255091786385,-0.03595656156539917,-0.037751704454422,-0.05176756531000137,-0.051784880459308624,-0.05649431794881821,-0.06189339607954025,-0.06036902964115143,-0.06556760519742966,-0.059325024485588074,-0.05747184902429581,-0.0566437691450119,-0.05899778753519058,-0.062365755438804626,-0.06475342065095901,-0.06687238812446594,-0.07157595455646515,-0.0774521604180336,-0.07791143655776978,-0.07787728309631348,-0.07853983342647552,-0.07986155897378922,-0.07650163024663925,-0.07556603103876114,-0.07202083617448807,-0.07036486268043518,-0.07005158811807632,-0.06494346261024475,-0.07065549492835999,-0.07213893532752991,-0.06808800250291824,-0.07187674194574356,-0.07240656018257141,-0.06257174164056778,-0.0692979022860527,-0.061233192682266235,-0.06790830194950104,-0.06051774322986603,-0.06849092245101929,-0.058880917727947235,-0.06098584085702896,-0.06188889592885971,-0.05409708619117737,-0.05412626266479492,-0.05126588046550751,-0.05069699138402939,-0.04714866727590561,-0.046188123524188995,-0.04769156873226166,-0.04812357574701309,-0.047549888491630554,-0.04535143822431564,-0.04353310912847519,-0.04001306742429733,-0.03607407957315445,-0.034681789577007294,-0.03619437664747238,-0.03330652415752411,-0.0320737361907959,-0.028687547892332077,-0.0339580774307251,-0.030043495818972588,-0.02490067109465599,-0.025132302194833755,-0.022937899455428123,-0.01807938702404499,-0.022244684398174286,-0.022061342373490334,-0.02107183448970318,-0.01772915944457054,-0.014295102097094059,-0.014741234481334686,-0.01550475973635912,-0.014470665715634823,-0.01186757255345583,-0.010423228144645691,-0.008498001843690872,-0.008310277946293354,-0.00845109298825264,-0.0063142189756035805,-0.005001630634069443,-0.005981730297207832,-0.003858909010887146,-0.0028649289160966873,-0.0012204982340335846,-0.0007085325778461993,-0.0005192739190533757,0.0020441978704184294,0.0009394126827828586,0.002755353692919016,0.0025779770221561193,0.00038343650521710515,0.0019106834661215544,0.0025398002471774817,0.005288686137646437,0.006623536814004183,0.006018202286213636,0.003487646346911788,0.004346472676843405,-0.0037102987989783287,-0.051340922713279724,-0.18344256281852722
test,ICBHI_134,134_2b3_Ar_mc_LittC2SE,/home/sahith/projects/minor_project_408/data/raw/audio_and_text_files/134_2b3_Ar_mc_LittC2SE.wav,LittC2SE,0.33038046956062317,0.15909457206726074,0.3055535852909088,-0.2110491693019867,0.18014566600322723,0.05345281958580017,0.14964348077774048,0.04754295200109482,0.1447257101535797,0.042166583240032196,0.10898356139659882,0.03946297615766525,0.06012819707393646,0.03341527283191681,0.007315680850297213,0.034505218267440796,-0.010204153135418892,0.008608919568359852,0.0005344373639672995,-0.021748395636677742,-0.017142510041594505,-0.027428971603512764,-0.03724176436662674,-0.038462236523628235,-0.021014390513300896,-0.030823344364762306,-0.029220255091786385,-0.03595656156539917,-0.037751704454422,-0.05176756531000137,-0.051784880459308624,-0.05649431794881821,-0.06189339607954025,-0.06036902964115143,-0.06556760519742966,-0.059325024485588074,-0.05747184902429581,-0.0566437691450119,-0.05899778753519058,-0.062365755438804626,-0.06475342065095901,-0.06687238812446594,-0.07157595455646515,-0.0774521604180336,-0.07791143655776978,-0.07787728309631348,-0.07853983342647552,-0.07986155897378922,-0.07650163024663925,-0.07556603103876114,-0.07202083617448807,-0.07036486268043518,-0.07005158811807632,-0.06494346261024475,-0.07065549492835999,-0.07213893532752991,-0.06808800250291824,-0.07187674194574356,-0.07240656018257141,-0.06257174164056778,-0.0692979022860527,-0.061233192682266235,-0.06790830194950104,-0.06051774322986603,-0.06849092245101929,-0.058880917727947235,-0.06098584085702896,-0.06188889592885971,-0.05409708619117737,-0.05412626266479492,-0.05126588046550751,-0.05069699138402939,-0.04714866727590561,-0.046188123524188995,-0.04769156873226166,-0.04812357574701309,-0.047549888491630554,-0.04535143822431564,-0.04353310912847519,-0.04001306742429733,-0.03607407957315445,-0.034681789577007294,-0.03619437664747238,-0.03330652415752411,-0.0320737361907959,-0.028687547892332077,-0.0339580774307251,-0.030043495818972588,-0.02490067109465599,-0.025132302194833755,-0.022937899455428123,-0.01807938702404499,-0.022244684398174286,-0.022061342373490334,-0.02107183448970318,-0.01772915944457054,-0.014295102097094059,-0.014741234481334686,-0.01550475973635912,-0.014470665715634823,-0.01186757255345583,-0.010423228144645691,-0.008498001843690872,-0.008310277946293354,-0.00845109298825264,-0.0063142189756035805,-0.005001630634069443,-0.005981730297207832,-0.003858909010887146,-0.0028649289160966873,-0.0012204982340335846,-0.0007085325778461993,-0.0005192739190533757,0.0020441978704184294,0.0009394126827828586,0.002755353692919016,0.0025779770221561193,0.00038343650521710515,0.0019106834661215544,0.0025398002471774817,0.005288686137646437,0.006623536814004183,0.006018202286213636,0.003487646346911788,0.004346472676843405,-0.0037102987989783287,-0.051340922713279724,-0.18344256281852722
test,ICBHI_134,134_2b3_Ar_mc_LittC2SE,/home/sahith/projects/minor_project_408/data/raw/audio_and_text_files/134_2b3_Ar_mc_LittC2SE.wav,LittC2SE,0.33038046956062317,0.15909457206726074,0.3055535852909088,-0.2110491693019867,0.18014566600322723,0.05345281958580017,0.14964348077774048,0.04754295200109482,0.1447257101535797,0.042166583240032196,0.10898356139659882,0.03946297615766525,0.06012819707393646,0.03341527283191681,0.007315680850297213,0.034505218267440796,-0.010204153135418892,0.008608919568359852,0.0005344373639672995,-0.021748395636677742,-0.017142510041594505,-0.027428971603512764,-0.03724176436662674,-0.038462236523628235,-0.021014390513300896,-0.030823344364762306,-0.029220255091786385,-0.03595656156539917,-0.037751704454422,-0.05176756531000137,-0.051784880459308624,-0.05649431794881821,-0.06189339607954025,-0.06036902964115143,-0.06556760519742966,-0.059325024485588074,-0.05747184902429581,-0.0566437691450119,-0.05899778753519058,-0.062365755438804626,-0.06475342065095901,-0.06687238812446594,-0.07157595455646515,-0.0774521604180336,-0.07791143655776978,-0.07787728309631348,-0.07853983342647552,-0.07986155897378922,-0.07650163024663925,-0.07556603103876114,-0.07202083617448807,-0.07036486268043518,-0.07005158811807632,-0.06494346261024475,-0.07065549492835999,-0.07213893532752991,-0.06808800250291824,-0.07187674194574356,-0.07240656018257141,-0.06257174164056778,-0.0692979022860527,-0.061233192682266235,-0.06790830194950104,-0.06051774322986603,-0.06849092245101929,-0.058880917727947235,-0.06098584085702896,-0.06188889592885971,-0.05409708619117737,-0.05412626266479492,-0.05126588046550751,-0.05069699138402939,-0.04714866727590561,-0.046188123524188995,-0.04769156873226166,-0.04812357574701309,-0.047549888491630554,-0.04535143822431564,-0.04353310912847519,-0.04001306742429733,-0.03607407957315445,-0.034681789577007294,-0.03619437664747238,-0.03330652415752411,-0.0320737361907959,-0.028687547892332077,-0.0339580774307251,-0.030043495818972588,-0.02490067109465599,-0.025132302194833755,-0.022937899455428123,-0.01807938702404499,-0.022244684398174286,-0.022061342373490334,-0.02107183448970318,-0.01772915944457054,-0.014295102097094059,-0.014741234481334686,-0.01550475973635912,-0.014470665715634823,-0.01186757255345583,-0.010423228144645691,-0.008498001843690872,-0.008310277946293354,-0.00845109298825264,-0.0063142189756035805,-0.005001630634069443,-0.005981730297207832,-0.003858909010887146,-0.0028649289160966873,-0.0012204982340335846,-0.0007085325778461993,-0.0005192739190533757,0.0020441978704184294,0.0009394126827828586,0.002755353692919016,0.0025779770221561193,0.00038343650521710515,0.0019106834661215544,0.0025398002471774817,0.005288686137646437,0.006623536814004183,0.006018202286213636,0.003487646346911788,0.004346472676843405,-0.0037102987989783287,-0.051340922713279724,-0.18344256281852722
test,ICBHI_134,134_2b3_Ar_mc_LittC2SE,/home/sahith/projects/minor_project_408/data/raw/audio_and_text_files/134_2b3_Ar_mc_LittC2SE.wav,LittC2SE,0.33038046956062317,0.15909457206726074,0.3055535852909088,-0.2110491693019867,0.18014566600322723,0.05345281958580017,0.14964348077774048,0.04754295200109482,0.1447257101535797,0.042166583240032196,0.10898356139659882,0.03946297615766525,0.06012819707393646,0.03341527283191681,0.007315680850297213,0.034505218267440796,-0.010204153135418892,0.008608919568359852,0.0005344373639672995,-0.021748395636677742,-0.017142510041594505,-0.027428971603512764,-0.03724176436662674,-0.038462236523628235,-0.021014390513300896,-0.030823344364762306,-0.029220255091786385,-0.03595656156539917,-0.037751704454422,-0.05176756531000137,-0.051784880459308624,-0.05649431794881821,-0.06189339607954025,-0.06036902964115143,-0.06556760519742966,-0.059325024485588074,-0.05747184902429581,-0.0566437691450119,-0.05899778753519058,-0.062365755438804626,-0.06475342065095901,-0.06687238812446594,-0.07157595455646515,-0.0774521604180336,-0.07791143655776978,-0.07787728309631348,-0.07853983342647552,-0.07986155897378922,-0.07650163024663925,-0.07556603103876114,-0.07202083617448807,-0.07036486268043518,-0.07005158811807632,-0.06494346261024475,-0.07065549492835999,-0.07213893532752991,-0.06808800250291824,-0.07187674194574356,-0.07240656018257141,-0.06257174164056778,-0.0692979022860527,-0.061233192682266235,-0.06790830194950104,-0.06051774322986603,-0.06849092245101929,-0.058880917727947235,-0.06098584085702896,-0.06188889592885971,-0.05409708619117737,-0.05412626266479492,-0.05126588046550751,-0.05069699138402939,-0.04714866727590561,-0.046188123524188995,-0.04769156873226166,-0.04812357574701309,-0.047549888491630554,-0.04535143822431564,-0.04353310912847519,-0.04001306742429733,-0.03607407957315445,-0.034681789577007294,-0.03619437664747238,-0.03330652415752411,-0.0320737361907959,-0.028687547892332077,-0.0339580774307251,-0.030043495818972588,-0.02490067109465599,-0.025132302194833755,-0.022937899455428123,-0.01807938702404499,-0.022244684398174286,-0.022061342373490334,-0.02107183448970318,-0.01772915944457054,-0.014295102097094059,-0.014741234481334686,-0.01550475973635912,-0.014470665715634823,-0.01186757255345583,-0.010423228144645691,-0.008498001843690872,-0.008310277946293354,-0.00845109298825264,-0.0063142189756035805,-0.005001630634069443,-0.005981730297207832,-0.003858909010887146,-0.0028649289160966873,-0.0012204982340335846,-0.0007085325778461993,-0.0005192739190533757,0.0020441978704184294,0.0009394126827828586,0.002755353692919016,0.0025779770221561193,0.00038343650521710515,0.0019106834661215544,0.0025398002471774817,0.005288686137646437,0.006623536814004183,0.006018202286213636,0.003487646346911788,0.004346472676843405,-0.0037102987989783287,-0.051340922713279724,-0.18344256281852722
